# JM Electronics Sihwa factory - generated from CAD
mtllib jm_factory_world.mtl
v -23.0000 -3.0000 -0.1000
v 88.0000 -3.0000 -0.1000
v 88.0000 69.0000 -0.1000
v -23.0000 69.0000 -0.1000
v -23.0000 -3.0000 0.0000
v 88.0000 -3.0000 0.0000
v 88.0000 69.0000 0.0000
v -23.0000 69.0000 0.0000
v 0.0000 0.0000 -0.0050
v 75.0000 0.0000 -0.0050
v 75.0000 66.0000 -0.0050
v 0.0000 66.0000 -0.0050
v 0.0000 0.0000 0.0150
v 75.0000 0.0000 0.0150
v 75.0000 66.0000 0.0150
v 0.0000 66.0000 0.0150
v -20.0000 0.0000 0.0000
v 0.0000 0.0000 0.0000
v 0.0000 66.0000 0.0000
v -20.0000 66.0000 0.0000
v -20.0000 0.0000 0.0200
v 0.0000 0.0000 0.0200
v 0.0000 66.0000 0.0200
v -20.0000 66.0000 0.0200
v 75.0000 0.0000 0.0000
v 85.0000 0.0000 0.0000
v 85.0000 66.0000 0.0000
v 75.0000 66.0000 0.0000
v 75.0000 0.0000 0.0200
v 85.0000 0.0000 0.0200
v 85.0000 66.0000 0.0200
v 75.0000 66.0000 0.0200
v -0.0600 -0.0600 0.0000
v 0.0600 -0.0600 0.0000
v 0.0600 0.0600 0.0000
v -0.0600 0.0600 0.0000
v -0.0600 -0.0600 1.8000
v 0.0600 -0.0600 1.8000
v 0.0600 0.0600 1.8000
v -0.0600 0.0600 1.8000
v -0.0600 65.9400 0.0000
v 0.0600 65.9400 0.0000
v 0.0600 66.0600 0.0000
v -0.0600 66.0600 0.0000
v -0.0600 65.9400 1.8000
v 0.0600 65.9400 1.8000
v 0.0600 66.0600 1.8000
v -0.0600 66.0600 1.8000
v 5.9400 -0.0600 0.0000
v 6.0600 -0.0600 0.0000
v 6.0600 0.0600 0.0000
v 5.9400 0.0600 0.0000
v 5.9400 -0.0600 1.8000
v 6.0600 -0.0600 1.8000
v 6.0600 0.0600 1.8000
v 5.9400 0.0600 1.8000
v 5.9400 65.9400 0.0000
v 6.0600 65.9400 0.0000
v 6.0600 66.0600 0.0000
v 5.9400 66.0600 0.0000
v 5.9400 65.9400 1.8000
v 6.0600 65.9400 1.8000
v 6.0600 66.0600 1.8000
v 5.9400 66.0600 1.8000
v 11.9400 -0.0600 0.0000
v 12.0600 -0.0600 0.0000
v 12.0600 0.0600 0.0000
v 11.9400 0.0600 0.0000
v 11.9400 -0.0600 1.8000
v 12.0600 -0.0600 1.8000
v 12.0600 0.0600 1.8000
v 11.9400 0.0600 1.8000
v 11.9400 65.9400 0.0000
v 12.0600 65.9400 0.0000
v 12.0600 66.0600 0.0000
v 11.9400 66.0600 0.0000
v 11.9400 65.9400 1.8000
v 12.0600 65.9400 1.8000
v 12.0600 66.0600 1.8000
v 11.9400 66.0600 1.8000
v 17.9400 -0.0600 0.0000
v 18.0600 -0.0600 0.0000
v 18.0600 0.0600 0.0000
v 17.9400 0.0600 0.0000
v 17.9400 -0.0600 1.8000
v 18.0600 -0.0600 1.8000
v 18.0600 0.0600 1.8000
v 17.9400 0.0600 1.8000
v 17.9400 65.9400 0.0000
v 18.0600 65.9400 0.0000
v 18.0600 66.0600 0.0000
v 17.9400 66.0600 0.0000
v 17.9400 65.9400 1.8000
v 18.0600 65.9400 1.8000
v 18.0600 66.0600 1.8000
v 17.9400 66.0600 1.8000
v 23.9400 -0.0600 0.0000
v 24.0600 -0.0600 0.0000
v 24.0600 0.0600 0.0000
v 23.9400 0.0600 0.0000
v 23.9400 -0.0600 1.8000
v 24.0600 -0.0600 1.8000
v 24.0600 0.0600 1.8000
v 23.9400 0.0600 1.8000
v 23.9400 65.9400 0.0000
v 24.0600 65.9400 0.0000
v 24.0600 66.0600 0.0000
v 23.9400 66.0600 0.0000
v 23.9400 65.9400 1.8000
v 24.0600 65.9400 1.8000
v 24.0600 66.0600 1.8000
v 23.9400 66.0600 1.8000
v 29.9400 -0.0600 0.0000
v 30.0600 -0.0600 0.0000
v 30.0600 0.0600 0.0000
v 29.9400 0.0600 0.0000
v 29.9400 -0.0600 1.8000
v 30.0600 -0.0600 1.8000
v 30.0600 0.0600 1.8000
v 29.9400 0.0600 1.8000
v 29.9400 65.9400 0.0000
v 30.0600 65.9400 0.0000
v 30.0600 66.0600 0.0000
v 29.9400 66.0600 0.0000
v 29.9400 65.9400 1.8000
v 30.0600 65.9400 1.8000
v 30.0600 66.0600 1.8000
v 29.9400 66.0600 1.8000
v 35.9400 -0.0600 0.0000
v 36.0600 -0.0600 0.0000
v 36.0600 0.0600 0.0000
v 35.9400 0.0600 0.0000
v 35.9400 -0.0600 1.8000
v 36.0600 -0.0600 1.8000
v 36.0600 0.0600 1.8000
v 35.9400 0.0600 1.8000
v 35.9400 65.9400 0.0000
v 36.0600 65.9400 0.0000
v 36.0600 66.0600 0.0000
v 35.9400 66.0600 0.0000
v 35.9400 65.9400 1.8000
v 36.0600 65.9400 1.8000
v 36.0600 66.0600 1.8000
v 35.9400 66.0600 1.8000
v 41.9400 -0.0600 0.0000
v 42.0600 -0.0600 0.0000
v 42.0600 0.0600 0.0000
v 41.9400 0.0600 0.0000
v 41.9400 -0.0600 1.8000
v 42.0600 -0.0600 1.8000
v 42.0600 0.0600 1.8000
v 41.9400 0.0600 1.8000
v 41.9400 65.9400 0.0000
v 42.0600 65.9400 0.0000
v 42.0600 66.0600 0.0000
v 41.9400 66.0600 0.0000
v 41.9400 65.9400 1.8000
v 42.0600 65.9400 1.8000
v 42.0600 66.0600 1.8000
v 41.9400 66.0600 1.8000
v 47.9400 -0.0600 0.0000
v 48.0600 -0.0600 0.0000
v 48.0600 0.0600 0.0000
v 47.9400 0.0600 0.0000
v 47.9400 -0.0600 1.8000
v 48.0600 -0.0600 1.8000
v 48.0600 0.0600 1.8000
v 47.9400 0.0600 1.8000
v 47.9400 65.9400 0.0000
v 48.0600 65.9400 0.0000
v 48.0600 66.0600 0.0000
v 47.9400 66.0600 0.0000
v 47.9400 65.9400 1.8000
v 48.0600 65.9400 1.8000
v 48.0600 66.0600 1.8000
v 47.9400 66.0600 1.8000
v 53.9400 -0.0600 0.0000
v 54.0600 -0.0600 0.0000
v 54.0600 0.0600 0.0000
v 53.9400 0.0600 0.0000
v 53.9400 -0.0600 1.8000
v 54.0600 -0.0600 1.8000
v 54.0600 0.0600 1.8000
v 53.9400 0.0600 1.8000
v 53.9400 65.9400 0.0000
v 54.0600 65.9400 0.0000
v 54.0600 66.0600 0.0000
v 53.9400 66.0600 0.0000
v 53.9400 65.9400 1.8000
v 54.0600 65.9400 1.8000
v 54.0600 66.0600 1.8000
v 53.9400 66.0600 1.8000
v 59.9400 -0.0600 0.0000
v 60.0600 -0.0600 0.0000
v 60.0600 0.0600 0.0000
v 59.9400 0.0600 0.0000
v 59.9400 -0.0600 1.8000
v 60.0600 -0.0600 1.8000
v 60.0600 0.0600 1.8000
v 59.9400 0.0600 1.8000
v 59.9400 65.9400 0.0000
v 60.0600 65.9400 0.0000
v 60.0600 66.0600 0.0000
v 59.9400 66.0600 0.0000
v 59.9400 65.9400 1.8000
v 60.0600 65.9400 1.8000
v 60.0600 66.0600 1.8000
v 59.9400 66.0600 1.8000
v 65.9400 -0.0600 0.0000
v 66.0600 -0.0600 0.0000
v 66.0600 0.0600 0.0000
v 65.9400 0.0600 0.0000
v 65.9400 -0.0600 1.8000
v 66.0600 -0.0600 1.8000
v 66.0600 0.0600 1.8000
v 65.9400 0.0600 1.8000
v 65.9400 65.9400 0.0000
v 66.0600 65.9400 0.0000
v 66.0600 66.0600 0.0000
v 65.9400 66.0600 0.0000
v 65.9400 65.9400 1.8000
v 66.0600 65.9400 1.8000
v 66.0600 66.0600 1.8000
v 65.9400 66.0600 1.8000
v 71.9400 -0.0600 0.0000
v 72.0600 -0.0600 0.0000
v 72.0600 0.0600 0.0000
v 71.9400 0.0600 0.0000
v 71.9400 -0.0600 1.8000
v 72.0600 -0.0600 1.8000
v 72.0600 0.0600 1.8000
v 71.9400 0.0600 1.8000
v 71.9400 65.9400 0.0000
v 72.0600 65.9400 0.0000
v 72.0600 66.0600 0.0000
v 71.9400 66.0600 0.0000
v 71.9400 65.9400 1.8000
v 72.0600 65.9400 1.8000
v 72.0600 66.0600 1.8000
v 71.9400 66.0600 1.8000
v -0.0600 -0.0600 0.0000
v 0.0600 -0.0600 0.0000
v 0.0600 0.0600 0.0000
v -0.0600 0.0600 0.0000
v -0.0600 -0.0600 1.8000
v 0.0600 -0.0600 1.8000
v 0.0600 0.0600 1.8000
v -0.0600 0.0600 1.8000
v 74.9400 -0.0600 0.0000
v 75.0600 -0.0600 0.0000
v 75.0600 0.0600 0.0000
v 74.9400 0.0600 0.0000
v 74.9400 -0.0600 1.8000
v 75.0600 -0.0600 1.8000
v 75.0600 0.0600 1.8000
v 74.9400 0.0600 1.8000
v -0.0600 5.9400 0.0000
v 0.0600 5.9400 0.0000
v 0.0600 6.0600 0.0000
v -0.0600 6.0600 0.0000
v -0.0600 5.9400 1.8000
v 0.0600 5.9400 1.8000
v 0.0600 6.0600 1.8000
v -0.0600 6.0600 1.8000
v 74.9400 5.9400 0.0000
v 75.0600 5.9400 0.0000
v 75.0600 6.0600 0.0000
v 74.9400 6.0600 0.0000
v 74.9400 5.9400 1.8000
v 75.0600 5.9400 1.8000
v 75.0600 6.0600 1.8000
v 74.9400 6.0600 1.8000
v -0.0600 11.9400 0.0000
v 0.0600 11.9400 0.0000
v 0.0600 12.0600 0.0000
v -0.0600 12.0600 0.0000
v -0.0600 11.9400 1.8000
v 0.0600 11.9400 1.8000
v 0.0600 12.0600 1.8000
v -0.0600 12.0600 1.8000
v 74.9400 11.9400 0.0000
v 75.0600 11.9400 0.0000
v 75.0600 12.0600 0.0000
v 74.9400 12.0600 0.0000
v 74.9400 11.9400 1.8000
v 75.0600 11.9400 1.8000
v 75.0600 12.0600 1.8000
v 74.9400 12.0600 1.8000
v -0.0600 17.9400 0.0000
v 0.0600 17.9400 0.0000
v 0.0600 18.0600 0.0000
v -0.0600 18.0600 0.0000
v -0.0600 17.9400 1.8000
v 0.0600 17.9400 1.8000
v 0.0600 18.0600 1.8000
v -0.0600 18.0600 1.8000
v 74.9400 17.9400 0.0000
v 75.0600 17.9400 0.0000
v 75.0600 18.0600 0.0000
v 74.9400 18.0600 0.0000
v 74.9400 17.9400 1.8000
v 75.0600 17.9400 1.8000
v 75.0600 18.0600 1.8000
v 74.9400 18.0600 1.8000
v -0.0600 23.9400 0.0000
v 0.0600 23.9400 0.0000
v 0.0600 24.0600 0.0000
v -0.0600 24.0600 0.0000
v -0.0600 23.9400 1.8000
v 0.0600 23.9400 1.8000
v 0.0600 24.0600 1.8000
v -0.0600 24.0600 1.8000
v 74.9400 23.9400 0.0000
v 75.0600 23.9400 0.0000
v 75.0600 24.0600 0.0000
v 74.9400 24.0600 0.0000
v 74.9400 23.9400 1.8000
v 75.0600 23.9400 1.8000
v 75.0600 24.0600 1.8000
v 74.9400 24.0600 1.8000
v -0.0600 29.9400 0.0000
v 0.0600 29.9400 0.0000
v 0.0600 30.0600 0.0000
v -0.0600 30.0600 0.0000
v -0.0600 29.9400 1.8000
v 0.0600 29.9400 1.8000
v 0.0600 30.0600 1.8000
v -0.0600 30.0600 1.8000
v 74.9400 29.9400 0.0000
v 75.0600 29.9400 0.0000
v 75.0600 30.0600 0.0000
v 74.9400 30.0600 0.0000
v 74.9400 29.9400 1.8000
v 75.0600 29.9400 1.8000
v 75.0600 30.0600 1.8000
v 74.9400 30.0600 1.8000
v -0.0600 35.9400 0.0000
v 0.0600 35.9400 0.0000
v 0.0600 36.0600 0.0000
v -0.0600 36.0600 0.0000
v -0.0600 35.9400 1.8000
v 0.0600 35.9400 1.8000
v 0.0600 36.0600 1.8000
v -0.0600 36.0600 1.8000
v 74.9400 35.9400 0.0000
v 75.0600 35.9400 0.0000
v 75.0600 36.0600 0.0000
v 74.9400 36.0600 0.0000
v 74.9400 35.9400 1.8000
v 75.0600 35.9400 1.8000
v 75.0600 36.0600 1.8000
v 74.9400 36.0600 1.8000
v -0.0600 41.9400 0.0000
v 0.0600 41.9400 0.0000
v 0.0600 42.0600 0.0000
v -0.0600 42.0600 0.0000
v -0.0600 41.9400 1.8000
v 0.0600 41.9400 1.8000
v 0.0600 42.0600 1.8000
v -0.0600 42.0600 1.8000
v 74.9400 41.9400 0.0000
v 75.0600 41.9400 0.0000
v 75.0600 42.0600 0.0000
v 74.9400 42.0600 0.0000
v 74.9400 41.9400 1.8000
v 75.0600 41.9400 1.8000
v 75.0600 42.0600 1.8000
v 74.9400 42.0600 1.8000
v -0.0600 47.9400 0.0000
v 0.0600 47.9400 0.0000
v 0.0600 48.0600 0.0000
v -0.0600 48.0600 0.0000
v -0.0600 47.9400 1.8000
v 0.0600 47.9400 1.8000
v 0.0600 48.0600 1.8000
v -0.0600 48.0600 1.8000
v 74.9400 47.9400 0.0000
v 75.0600 47.9400 0.0000
v 75.0600 48.0600 0.0000
v 74.9400 48.0600 0.0000
v 74.9400 47.9400 1.8000
v 75.0600 47.9400 1.8000
v 75.0600 48.0600 1.8000
v 74.9400 48.0600 1.8000
v -0.0600 53.9400 0.0000
v 0.0600 53.9400 0.0000
v 0.0600 54.0600 0.0000
v -0.0600 54.0600 0.0000
v -0.0600 53.9400 1.8000
v 0.0600 53.9400 1.8000
v 0.0600 54.0600 1.8000
v -0.0600 54.0600 1.8000
v 74.9400 53.9400 0.0000
v 75.0600 53.9400 0.0000
v 75.0600 54.0600 0.0000
v 74.9400 54.0600 0.0000
v 74.9400 53.9400 1.8000
v 75.0600 53.9400 1.8000
v 75.0600 54.0600 1.8000
v 74.9400 54.0600 1.8000
v -0.0600 59.9400 0.0000
v 0.0600 59.9400 0.0000
v 0.0600 60.0600 0.0000
v -0.0600 60.0600 0.0000
v -0.0600 59.9400 1.8000
v 0.0600 59.9400 1.8000
v 0.0600 60.0600 1.8000
v -0.0600 60.0600 1.8000
v 74.9400 59.9400 0.0000
v 75.0600 59.9400 0.0000
v 75.0600 60.0600 0.0000
v 74.9400 60.0600 0.0000
v 74.9400 59.9400 1.8000
v 75.0600 59.9400 1.8000
v 75.0600 60.0600 1.8000
v 74.9400 60.0600 1.8000
v -0.0600 65.9400 0.0000
v 0.0600 65.9400 0.0000
v 0.0600 66.0600 0.0000
v -0.0600 66.0600 0.0000
v -0.0600 65.9400 1.8000
v 0.0600 65.9400 1.8000
v 0.0600 66.0600 1.8000
v -0.0600 66.0600 1.8000
v 74.9400 65.9400 0.0000
v 75.0600 65.9400 0.0000
v 75.0600 66.0600 0.0000
v 74.9400 66.0600 0.0000
v 74.9400 65.9400 1.8000
v 75.0600 65.9400 1.8000
v 75.0600 66.0600 1.8000
v 74.9400 66.0600 1.8000
v 14.0000 0.9000 0.0000
v 38.5000 0.9000 0.0000
v 38.5000 1.1000 0.0000
v 14.0000 1.1000 0.0000
v 14.0000 0.9000 6.0000
v 38.5000 0.9000 6.0000
v 38.5000 1.1000 6.0000
v 14.0000 1.1000 6.0000
v 38.5000 0.9000 5.0000
v 44.5000 0.9000 5.0000
v 44.5000 1.1000 5.0000
v 38.5000 1.1000 5.0000
v 38.5000 0.9000 6.0000
v 44.5000 0.9000 6.0000
v 44.5000 1.1000 6.0000
v 38.5000 1.1000 6.0000
v 44.5000 0.9000 0.0000
v 69.0000 0.9000 0.0000
v 69.0000 1.1000 0.0000
v 44.5000 1.1000 0.0000
v 44.5000 0.9000 6.0000
v 69.0000 0.9000 6.0000
v 69.0000 1.1000 6.0000
v 44.5000 1.1000 6.0000
v 14.0000 28.9000 0.0000
v 28.0000 28.9000 0.0000
v 28.0000 29.1000 0.0000
v 14.0000 29.1000 0.0000
v 14.0000 28.9000 6.0000
v 28.0000 28.9000 6.0000
v 28.0000 29.1000 6.0000
v 14.0000 29.1000 6.0000
v 28.0000 28.9000 5.0000
v 34.0000 28.9000 5.0000
v 34.0000 29.1000 5.0000
v 28.0000 29.1000 5.0000
v 28.0000 28.9000 6.0000
v 34.0000 28.9000 6.0000
v 34.0000 29.1000 6.0000
v 28.0000 29.1000 6.0000
v 34.0000 28.9000 0.0000
v 40.9000 28.9000 0.0000
v 40.9000 29.1000 0.0000
v 34.0000 29.1000 0.0000
v 34.0000 28.9000 6.0000
v 40.9000 28.9000 6.0000
v 40.9000 29.1000 6.0000
v 34.0000 29.1000 6.0000
v 40.9000 28.9000 2.4000
v 42.1000 28.9000 2.4000
v 42.1000 29.1000 2.4000
v 40.9000 29.1000 2.4000
v 40.9000 28.9000 6.0000
v 42.1000 28.9000 6.0000
v 42.1000 29.1000 6.0000
v 40.9000 29.1000 6.0000
v 42.1000 28.9000 0.0000
v 49.0000 28.9000 0.0000
v 49.0000 29.1000 0.0000
v 42.1000 29.1000 0.0000
v 42.1000 28.9000 6.0000
v 49.0000 28.9000 6.0000
v 49.0000 29.1000 6.0000
v 42.1000 29.1000 6.0000
v 49.0000 28.9000 5.0000
v 55.0000 28.9000 5.0000
v 55.0000 29.1000 5.0000
v 49.0000 29.1000 5.0000
v 49.0000 28.9000 6.0000
v 55.0000 28.9000 6.0000
v 55.0000 29.1000 6.0000
v 49.0000 29.1000 6.0000
v 55.0000 28.9000 0.0000
v 69.0000 28.9000 0.0000
v 69.0000 29.1000 0.0000
v 55.0000 29.1000 0.0000
v 55.0000 28.9000 6.0000
v 69.0000 28.9000 6.0000
v 69.0000 29.1000 6.0000
v 55.0000 29.1000 6.0000
v 13.9000 1.0000 0.0000
v 14.1000 1.0000 0.0000
v 14.1000 29.0000 0.0000
v 13.9000 29.0000 0.0000
v 13.9000 1.0000 6.0000
v 14.1000 1.0000 6.0000
v 14.1000 29.0000 6.0000
v 13.9000 29.0000 6.0000
v 68.9000 1.0000 0.0000
v 69.1000 1.0000 0.0000
v 69.1000 29.0000 0.0000
v 68.9000 29.0000 0.0000
v 68.9000 1.0000 6.0000
v 69.1000 1.0000 6.0000
v 69.1000 29.0000 6.0000
v 68.9000 29.0000 6.0000
v 13.8500 0.8500 0.0000
v 14.1500 0.8500 0.0000
v 14.1500 1.1500 0.0000
v 13.8500 1.1500 0.0000
v 13.8500 0.8500 6.0000
v 14.1500 0.8500 6.0000
v 14.1500 1.1500 6.0000
v 13.8500 1.1500 6.0000
v 13.8500 7.8500 0.0000
v 14.1500 7.8500 0.0000
v 14.1500 8.1500 0.0000
v 13.8500 8.1500 0.0000
v 13.8500 7.8500 6.0000
v 14.1500 7.8500 6.0000
v 14.1500 8.1500 6.0000
v 13.8500 8.1500 6.0000
v 13.8500 14.8500 0.0000
v 14.1500 14.8500 0.0000
v 14.1500 15.1500 0.0000
v 13.8500 15.1500 0.0000
v 13.8500 14.8500 6.0000
v 14.1500 14.8500 6.0000
v 14.1500 15.1500 6.0000
v 13.8500 15.1500 6.0000
v 13.8500 21.8500 0.0000
v 14.1500 21.8500 0.0000
v 14.1500 22.1500 0.0000
v 13.8500 22.1500 0.0000
v 13.8500 21.8500 6.0000
v 14.1500 21.8500 6.0000
v 14.1500 22.1500 6.0000
v 13.8500 22.1500 6.0000
v 13.8500 28.8500 0.0000
v 14.1500 28.8500 0.0000
v 14.1500 29.1500 0.0000
v 13.8500 29.1500 0.0000
v 13.8500 28.8500 6.0000
v 14.1500 28.8500 6.0000
v 14.1500 29.1500 6.0000
v 13.8500 29.1500 6.0000
v 18.8500 0.8500 0.0000
v 19.1500 0.8500 0.0000
v 19.1500 1.1500 0.0000
v 18.8500 1.1500 0.0000
v 18.8500 0.8500 6.0000
v 19.1500 0.8500 6.0000
v 19.1500 1.1500 6.0000
v 18.8500 1.1500 6.0000
v 18.8500 7.8500 0.0000
v 19.1500 7.8500 0.0000
v 19.1500 8.1500 0.0000
v 18.8500 8.1500 0.0000
v 18.8500 7.8500 6.0000
v 19.1500 7.8500 6.0000
v 19.1500 8.1500 6.0000
v 18.8500 8.1500 6.0000
v 18.8500 14.8500 0.0000
v 19.1500 14.8500 0.0000
v 19.1500 15.1500 0.0000
v 18.8500 15.1500 0.0000
v 18.8500 14.8500 6.0000
v 19.1500 14.8500 6.0000
v 19.1500 15.1500 6.0000
v 18.8500 15.1500 6.0000
v 18.8500 21.8500 0.0000
v 19.1500 21.8500 0.0000
v 19.1500 22.1500 0.0000
v 18.8500 22.1500 0.0000
v 18.8500 21.8500 6.0000
v 19.1500 21.8500 6.0000
v 19.1500 22.1500 6.0000
v 18.8500 22.1500 6.0000
v 18.8500 28.8500 0.0000
v 19.1500 28.8500 0.0000
v 19.1500 29.1500 0.0000
v 18.8500 29.1500 0.0000
v 18.8500 28.8500 6.0000
v 19.1500 28.8500 6.0000
v 19.1500 29.1500 6.0000
v 18.8500 29.1500 6.0000
v 23.8500 0.8500 0.0000
v 24.1500 0.8500 0.0000
v 24.1500 1.1500 0.0000
v 23.8500 1.1500 0.0000
v 23.8500 0.8500 6.0000
v 24.1500 0.8500 6.0000
v 24.1500 1.1500 6.0000
v 23.8500 1.1500 6.0000
v 23.8500 7.8500 0.0000
v 24.1500 7.8500 0.0000
v 24.1500 8.1500 0.0000
v 23.8500 8.1500 0.0000
v 23.8500 7.8500 6.0000
v 24.1500 7.8500 6.0000
v 24.1500 8.1500 6.0000
v 23.8500 8.1500 6.0000
v 23.8500 14.8500 0.0000
v 24.1500 14.8500 0.0000
v 24.1500 15.1500 0.0000
v 23.8500 15.1500 0.0000
v 23.8500 14.8500 6.0000
v 24.1500 14.8500 6.0000
v 24.1500 15.1500 6.0000
v 23.8500 15.1500 6.0000
v 23.8500 21.8500 0.0000
v 24.1500 21.8500 0.0000
v 24.1500 22.1500 0.0000
v 23.8500 22.1500 0.0000
v 23.8500 21.8500 6.0000
v 24.1500 21.8500 6.0000
v 24.1500 22.1500 6.0000
v 23.8500 22.1500 6.0000
v 23.8500 28.8500 0.0000
v 24.1500 28.8500 0.0000
v 24.1500 29.1500 0.0000
v 23.8500 29.1500 0.0000
v 23.8500 28.8500 6.0000
v 24.1500 28.8500 6.0000
v 24.1500 29.1500 6.0000
v 23.8500 29.1500 6.0000
v 28.8500 0.8500 0.0000
v 29.1500 0.8500 0.0000
v 29.1500 1.1500 0.0000
v 28.8500 1.1500 0.0000
v 28.8500 0.8500 6.0000
v 29.1500 0.8500 6.0000
v 29.1500 1.1500 6.0000
v 28.8500 1.1500 6.0000
v 28.8500 7.8500 0.0000
v 29.1500 7.8500 0.0000
v 29.1500 8.1500 0.0000
v 28.8500 8.1500 0.0000
v 28.8500 7.8500 6.0000
v 29.1500 7.8500 6.0000
v 29.1500 8.1500 6.0000
v 28.8500 8.1500 6.0000
v 28.8500 14.8500 0.0000
v 29.1500 14.8500 0.0000
v 29.1500 15.1500 0.0000
v 28.8500 15.1500 0.0000
v 28.8500 14.8500 6.0000
v 29.1500 14.8500 6.0000
v 29.1500 15.1500 6.0000
v 28.8500 15.1500 6.0000
v 28.8500 21.8500 0.0000
v 29.1500 21.8500 0.0000
v 29.1500 22.1500 0.0000
v 28.8500 22.1500 0.0000
v 28.8500 21.8500 6.0000
v 29.1500 21.8500 6.0000
v 29.1500 22.1500 6.0000
v 28.8500 22.1500 6.0000
v 28.8500 28.8500 0.0000
v 29.1500 28.8500 0.0000
v 29.1500 29.1500 0.0000
v 28.8500 29.1500 0.0000
v 28.8500 28.8500 6.0000
v 29.1500 28.8500 6.0000
v 29.1500 29.1500 6.0000
v 28.8500 29.1500 6.0000
v 33.8500 0.8500 0.0000
v 34.1500 0.8500 0.0000
v 34.1500 1.1500 0.0000
v 33.8500 1.1500 0.0000
v 33.8500 0.8500 6.0000
v 34.1500 0.8500 6.0000
v 34.1500 1.1500 6.0000
v 33.8500 1.1500 6.0000
v 33.8500 7.8500 0.0000
v 34.1500 7.8500 0.0000
v 34.1500 8.1500 0.0000
v 33.8500 8.1500 0.0000
v 33.8500 7.8500 6.0000
v 34.1500 7.8500 6.0000
v 34.1500 8.1500 6.0000
v 33.8500 8.1500 6.0000
v 33.8500 14.8500 0.0000
v 34.1500 14.8500 0.0000
v 34.1500 15.1500 0.0000
v 33.8500 15.1500 0.0000
v 33.8500 14.8500 6.0000
v 34.1500 14.8500 6.0000
v 34.1500 15.1500 6.0000
v 33.8500 15.1500 6.0000
v 33.8500 21.8500 0.0000
v 34.1500 21.8500 0.0000
v 34.1500 22.1500 0.0000
v 33.8500 22.1500 0.0000
v 33.8500 21.8500 6.0000
v 34.1500 21.8500 6.0000
v 34.1500 22.1500 6.0000
v 33.8500 22.1500 6.0000
v 33.8500 28.8500 0.0000
v 34.1500 28.8500 0.0000
v 34.1500 29.1500 0.0000
v 33.8500 29.1500 0.0000
v 33.8500 28.8500 6.0000
v 34.1500 28.8500 6.0000
v 34.1500 29.1500 6.0000
v 33.8500 29.1500 6.0000
v 38.8500 0.8500 0.0000
v 39.1500 0.8500 0.0000
v 39.1500 1.1500 0.0000
v 38.8500 1.1500 0.0000
v 38.8500 0.8500 6.0000
v 39.1500 0.8500 6.0000
v 39.1500 1.1500 6.0000
v 38.8500 1.1500 6.0000
v 38.8500 7.8500 0.0000
v 39.1500 7.8500 0.0000
v 39.1500 8.1500 0.0000
v 38.8500 8.1500 0.0000
v 38.8500 7.8500 6.0000
v 39.1500 7.8500 6.0000
v 39.1500 8.1500 6.0000
v 38.8500 8.1500 6.0000
v 38.8500 14.8500 0.0000
v 39.1500 14.8500 0.0000
v 39.1500 15.1500 0.0000
v 38.8500 15.1500 0.0000
v 38.8500 14.8500 6.0000
v 39.1500 14.8500 6.0000
v 39.1500 15.1500 6.0000
v 38.8500 15.1500 6.0000
v 38.8500 21.8500 0.0000
v 39.1500 21.8500 0.0000
v 39.1500 22.1500 0.0000
v 38.8500 22.1500 0.0000
v 38.8500 21.8500 6.0000
v 39.1500 21.8500 6.0000
v 39.1500 22.1500 6.0000
v 38.8500 22.1500 6.0000
v 38.8500 28.8500 0.0000
v 39.1500 28.8500 0.0000
v 39.1500 29.1500 0.0000
v 38.8500 29.1500 0.0000
v 38.8500 28.8500 6.0000
v 39.1500 28.8500 6.0000
v 39.1500 29.1500 6.0000
v 38.8500 29.1500 6.0000
v 43.8500 0.8500 0.0000
v 44.1500 0.8500 0.0000
v 44.1500 1.1500 0.0000
v 43.8500 1.1500 0.0000
v 43.8500 0.8500 6.0000
v 44.1500 0.8500 6.0000
v 44.1500 1.1500 6.0000
v 43.8500 1.1500 6.0000
v 43.8500 7.8500 0.0000
v 44.1500 7.8500 0.0000
v 44.1500 8.1500 0.0000
v 43.8500 8.1500 0.0000
v 43.8500 7.8500 6.0000
v 44.1500 7.8500 6.0000
v 44.1500 8.1500 6.0000
v 43.8500 8.1500 6.0000
v 43.8500 14.8500 0.0000
v 44.1500 14.8500 0.0000
v 44.1500 15.1500 0.0000
v 43.8500 15.1500 0.0000
v 43.8500 14.8500 6.0000
v 44.1500 14.8500 6.0000
v 44.1500 15.1500 6.0000
v 43.8500 15.1500 6.0000
v 43.8500 21.8500 0.0000
v 44.1500 21.8500 0.0000
v 44.1500 22.1500 0.0000
v 43.8500 22.1500 0.0000
v 43.8500 21.8500 6.0000
v 44.1500 21.8500 6.0000
v 44.1500 22.1500 6.0000
v 43.8500 22.1500 6.0000
v 43.8500 28.8500 0.0000
v 44.1500 28.8500 0.0000
v 44.1500 29.1500 0.0000
v 43.8500 29.1500 0.0000
v 43.8500 28.8500 6.0000
v 44.1500 28.8500 6.0000
v 44.1500 29.1500 6.0000
v 43.8500 29.1500 6.0000
v 48.8500 0.8500 0.0000
v 49.1500 0.8500 0.0000
v 49.1500 1.1500 0.0000
v 48.8500 1.1500 0.0000
v 48.8500 0.8500 6.0000
v 49.1500 0.8500 6.0000
v 49.1500 1.1500 6.0000
v 48.8500 1.1500 6.0000
v 48.8500 7.8500 0.0000
v 49.1500 7.8500 0.0000
v 49.1500 8.1500 0.0000
v 48.8500 8.1500 0.0000
v 48.8500 7.8500 6.0000
v 49.1500 7.8500 6.0000
v 49.1500 8.1500 6.0000
v 48.8500 8.1500 6.0000
v 48.8500 14.8500 0.0000
v 49.1500 14.8500 0.0000
v 49.1500 15.1500 0.0000
v 48.8500 15.1500 0.0000
v 48.8500 14.8500 6.0000
v 49.1500 14.8500 6.0000
v 49.1500 15.1500 6.0000
v 48.8500 15.1500 6.0000
v 48.8500 21.8500 0.0000
v 49.1500 21.8500 0.0000
v 49.1500 22.1500 0.0000
v 48.8500 22.1500 0.0000
v 48.8500 21.8500 6.0000
v 49.1500 21.8500 6.0000
v 49.1500 22.1500 6.0000
v 48.8500 22.1500 6.0000
v 48.8500 28.8500 0.0000
v 49.1500 28.8500 0.0000
v 49.1500 29.1500 0.0000
v 48.8500 29.1500 0.0000
v 48.8500 28.8500 6.0000
v 49.1500 28.8500 6.0000
v 49.1500 29.1500 6.0000
v 48.8500 29.1500 6.0000
v 53.8500 0.8500 0.0000
v 54.1500 0.8500 0.0000
v 54.1500 1.1500 0.0000
v 53.8500 1.1500 0.0000
v 53.8500 0.8500 6.0000
v 54.1500 0.8500 6.0000
v 54.1500 1.1500 6.0000
v 53.8500 1.1500 6.0000
v 53.8500 7.8500 0.0000
v 54.1500 7.8500 0.0000
v 54.1500 8.1500 0.0000
v 53.8500 8.1500 0.0000
v 53.8500 7.8500 6.0000
v 54.1500 7.8500 6.0000
v 54.1500 8.1500 6.0000
v 53.8500 8.1500 6.0000
v 53.8500 14.8500 0.0000
v 54.1500 14.8500 0.0000
v 54.1500 15.1500 0.0000
v 53.8500 15.1500 0.0000
v 53.8500 14.8500 6.0000
v 54.1500 14.8500 6.0000
v 54.1500 15.1500 6.0000
v 53.8500 15.1500 6.0000
v 53.8500 21.8500 0.0000
v 54.1500 21.8500 0.0000
v 54.1500 22.1500 0.0000
v 53.8500 22.1500 0.0000
v 53.8500 21.8500 6.0000
v 54.1500 21.8500 6.0000
v 54.1500 22.1500 6.0000
v 53.8500 22.1500 6.0000
v 53.8500 28.8500 0.0000
v 54.1500 28.8500 0.0000
v 54.1500 29.1500 0.0000
v 53.8500 29.1500 0.0000
v 53.8500 28.8500 6.0000
v 54.1500 28.8500 6.0000
v 54.1500 29.1500 6.0000
v 53.8500 29.1500 6.0000
v 58.8500 0.8500 0.0000
v 59.1500 0.8500 0.0000
v 59.1500 1.1500 0.0000
v 58.8500 1.1500 0.0000
v 58.8500 0.8500 6.0000
v 59.1500 0.8500 6.0000
v 59.1500 1.1500 6.0000
v 58.8500 1.1500 6.0000
v 58.8500 7.8500 0.0000
v 59.1500 7.8500 0.0000
v 59.1500 8.1500 0.0000
v 58.8500 8.1500 0.0000
v 58.8500 7.8500 6.0000
v 59.1500 7.8500 6.0000
v 59.1500 8.1500 6.0000
v 58.8500 8.1500 6.0000
v 58.8500 14.8500 0.0000
v 59.1500 14.8500 0.0000
v 59.1500 15.1500 0.0000
v 58.8500 15.1500 0.0000
v 58.8500 14.8500 6.0000
v 59.1500 14.8500 6.0000
v 59.1500 15.1500 6.0000
v 58.8500 15.1500 6.0000
v 58.8500 21.8500 0.0000
v 59.1500 21.8500 0.0000
v 59.1500 22.1500 0.0000
v 58.8500 22.1500 0.0000
v 58.8500 21.8500 6.0000
v 59.1500 21.8500 6.0000
v 59.1500 22.1500 6.0000
v 58.8500 22.1500 6.0000
v 58.8500 28.8500 0.0000
v 59.1500 28.8500 0.0000
v 59.1500 29.1500 0.0000
v 58.8500 29.1500 0.0000
v 58.8500 28.8500 6.0000
v 59.1500 28.8500 6.0000
v 59.1500 29.1500 6.0000
v 58.8500 29.1500 6.0000
v 63.8500 0.8500 0.0000
v 64.1500 0.8500 0.0000
v 64.1500 1.1500 0.0000
v 63.8500 1.1500 0.0000
v 63.8500 0.8500 6.0000
v 64.1500 0.8500 6.0000
v 64.1500 1.1500 6.0000
v 63.8500 1.1500 6.0000
v 63.8500 7.8500 0.0000
v 64.1500 7.8500 0.0000
v 64.1500 8.1500 0.0000
v 63.8500 8.1500 0.0000
v 63.8500 7.8500 6.0000
v 64.1500 7.8500 6.0000
v 64.1500 8.1500 6.0000
v 63.8500 8.1500 6.0000
v 63.8500 14.8500 0.0000
v 64.1500 14.8500 0.0000
v 64.1500 15.1500 0.0000
v 63.8500 15.1500 0.0000
v 63.8500 14.8500 6.0000
v 64.1500 14.8500 6.0000
v 64.1500 15.1500 6.0000
v 63.8500 15.1500 6.0000
v 63.8500 21.8500 0.0000
v 64.1500 21.8500 0.0000
v 64.1500 22.1500 0.0000
v 63.8500 22.1500 0.0000
v 63.8500 21.8500 6.0000
v 64.1500 21.8500 6.0000
v 64.1500 22.1500 6.0000
v 63.8500 22.1500 6.0000
v 63.8500 28.8500 0.0000
v 64.1500 28.8500 0.0000
v 64.1500 29.1500 0.0000
v 63.8500 29.1500 0.0000
v 63.8500 28.8500 6.0000
v 64.1500 28.8500 6.0000
v 64.1500 29.1500 6.0000
v 63.8500 29.1500 6.0000
v 68.8500 0.8500 0.0000
v 69.1500 0.8500 0.0000
v 69.1500 1.1500 0.0000
v 68.8500 1.1500 0.0000
v 68.8500 0.8500 6.0000
v 69.1500 0.8500 6.0000
v 69.1500 1.1500 6.0000
v 68.8500 1.1500 6.0000
v 68.8500 7.8500 0.0000
v 69.1500 7.8500 0.0000
v 69.1500 8.1500 0.0000
v 68.8500 8.1500 0.0000
v 68.8500 7.8500 6.0000
v 69.1500 7.8500 6.0000
v 69.1500 8.1500 6.0000
v 68.8500 8.1500 6.0000
v 68.8500 14.8500 0.0000
v 69.1500 14.8500 0.0000
v 69.1500 15.1500 0.0000
v 68.8500 15.1500 0.0000
v 68.8500 14.8500 6.0000
v 69.1500 14.8500 6.0000
v 69.1500 15.1500 6.0000
v 68.8500 15.1500 6.0000
v 68.8500 21.8500 0.0000
v 69.1500 21.8500 0.0000
v 69.1500 22.1500 0.0000
v 68.8500 22.1500 0.0000
v 68.8500 21.8500 6.0000
v 69.1500 21.8500 6.0000
v 69.1500 22.1500 6.0000
v 68.8500 22.1500 6.0000
v 68.8500 28.8500 0.0000
v 69.1500 28.8500 0.0000
v 69.1500 29.1500 0.0000
v 68.8500 29.1500 0.0000
v 68.8500 28.8500 6.0000
v 69.1500 28.8500 6.0000
v 69.1500 29.1500 6.0000
v 68.8500 29.1500 6.0000
v 14.0000 7.9000 0.0000
v 19.0000 7.9000 0.0000
v 19.0000 8.1000 0.0000
v 14.0000 8.1000 0.0000
v 14.0000 7.9000 6.0000
v 19.0000 7.9000 6.0000
v 19.0000 8.1000 6.0000
v 14.0000 8.1000 6.0000
v 14.0000 21.9000 0.0000
v 19.0000 21.9000 0.0000
v 19.0000 22.1000 0.0000
v 14.0000 22.1000 0.0000
v 14.0000 21.9000 6.0000
v 19.0000 21.9000 6.0000
v 19.0000 22.1000 6.0000
v 14.0000 22.1000 6.0000
v 13.9000 8.0000 0.0000
v 14.1000 8.0000 0.0000
v 14.1000 22.0000 0.0000
v 13.9000 22.0000 0.0000
v 13.9000 8.0000 6.0000
v 14.1000 8.0000 6.0000
v 14.1000 22.0000 6.0000
v 13.9000 22.0000 6.0000
v 18.9000 8.0000 0.0000
v 19.1000 8.0000 0.0000
v 19.1000 14.4000 0.0000
v 18.9000 14.4000 0.0000
v 18.9000 8.0000 6.0000
v 19.1000 8.0000 6.0000
v 19.1000 14.4000 6.0000
v 18.9000 14.4000 6.0000
v 18.9000 14.4000 2.2000
v 19.1000 14.4000 2.2000
v 19.1000 15.6000 2.2000
v 18.9000 15.6000 2.2000
v 18.9000 14.4000 6.0000
v 19.1000 14.4000 6.0000
v 19.1000 15.6000 6.0000
v 18.9000 15.6000 6.0000
v 18.9000 15.6000 0.0000
v 19.1000 15.6000 0.0000
v 19.1000 22.0000 0.0000
v 18.9000 22.0000 0.0000
v 18.9000 15.6000 6.0000
v 19.1000 15.6000 6.0000
v 19.1000 22.0000 6.0000
v 18.9000 22.0000 6.0000
v 64.0000 7.9000 0.0000
v 69.0000 7.9000 0.0000
v 69.0000 8.1000 0.0000
v 64.0000 8.1000 0.0000
v 64.0000 7.9000 6.0000
v 69.0000 7.9000 6.0000
v 69.0000 8.1000 6.0000
v 64.0000 8.1000 6.0000
v 64.0000 21.9000 0.0000
v 69.0000 21.9000 0.0000
v 69.0000 22.1000 0.0000
v 64.0000 22.1000 0.0000
v 64.0000 21.9000 6.0000
v 69.0000 21.9000 6.0000
v 69.0000 22.1000 6.0000
v 64.0000 22.1000 6.0000
v 63.9000 8.0000 0.0000
v 64.1000 8.0000 0.0000
v 64.1000 14.4000 0.0000
v 63.9000 14.4000 0.0000
v 63.9000 8.0000 6.0000
v 64.1000 8.0000 6.0000
v 64.1000 14.4000 6.0000
v 63.9000 14.4000 6.0000
v 63.9000 14.4000 2.2000
v 64.1000 14.4000 2.2000
v 64.1000 15.6000 2.2000
v 63.9000 15.6000 2.2000
v 63.9000 14.4000 6.0000
v 64.1000 14.4000 6.0000
v 64.1000 15.6000 6.0000
v 63.9000 15.6000 6.0000
v 63.9000 15.6000 0.0000
v 64.1000 15.6000 0.0000
v 64.1000 22.0000 0.0000
v 63.9000 22.0000 0.0000
v 63.9000 15.6000 6.0000
v 64.1000 15.6000 6.0000
v 64.1000 22.0000 6.0000
v 63.9000 22.0000 6.0000
v 68.9000 8.0000 0.0000
v 69.1000 8.0000 0.0000
v 69.1000 22.0000 0.0000
v 68.9000 22.0000 0.0000
v 68.9000 8.0000 6.0000
v 69.1000 8.0000 6.0000
v 69.1000 22.0000 6.0000
v 68.9000 22.0000 6.0000
v 14.0000 0.9000 6.0000
v 22.0000 0.9000 6.0000
v 22.0000 1.1000 6.0000
v 14.0000 1.1000 6.0000
v 14.0000 0.9000 10.0000
v 22.0000 0.9000 10.0000
v 22.0000 1.1000 10.0000
v 14.0000 1.1000 10.0000
v 22.0000 0.9000 6.0000
v 26.0000 0.9000 6.0000
v 26.0000 1.1000 6.0000
v 22.0000 1.1000 6.0000
v 22.0000 0.9000 7.2000
v 26.0000 0.9000 7.2000
v 26.0000 1.1000 7.2000
v 22.0000 1.1000 7.2000
v 22.0000 0.9000 9.2000
v 26.0000 0.9000 9.2000
v 26.0000 1.1000 9.2000
v 22.0000 1.1000 9.2000
v 22.0000 0.9000 10.0000
v 26.0000 0.9000 10.0000
v 26.0000 1.1000 10.0000
v 22.0000 1.1000 10.0000
v 26.0000 0.9000 6.0000
v 39.5000 0.9000 6.0000
v 39.5000 1.1000 6.0000
v 26.0000 1.1000 6.0000
v 26.0000 0.9000 10.0000
v 39.5000 0.9000 10.0000
v 39.5000 1.1000 10.0000
v 26.0000 1.1000 10.0000
v 39.5000 0.9000 6.0000
v 43.5000 0.9000 6.0000
v 43.5000 1.1000 6.0000
v 39.5000 1.1000 6.0000
v 39.5000 0.9000 7.2000
v 43.5000 0.9000 7.2000
v 43.5000 1.1000 7.2000
v 39.5000 1.1000 7.2000
v 39.5000 0.9000 9.2000
v 43.5000 0.9000 9.2000
v 43.5000 1.1000 9.2000
v 39.5000 1.1000 9.2000
v 39.5000 0.9000 10.0000
v 43.5000 0.9000 10.0000
v 43.5000 1.1000 10.0000
v 39.5000 1.1000 10.0000
v 43.5000 0.9000 6.0000
v 57.0000 0.9000 6.0000
v 57.0000 1.1000 6.0000
v 43.5000 1.1000 6.0000
v 43.5000 0.9000 10.0000
v 57.0000 0.9000 10.0000
v 57.0000 1.1000 10.0000
v 43.5000 1.1000 10.0000
v 57.0000 0.9000 6.0000
v 61.0000 0.9000 6.0000
v 61.0000 1.1000 6.0000
v 57.0000 1.1000 6.0000
v 57.0000 0.9000 7.2000
v 61.0000 0.9000 7.2000
v 61.0000 1.1000 7.2000
v 57.0000 1.1000 7.2000
v 57.0000 0.9000 9.2000
v 61.0000 0.9000 9.2000
v 61.0000 1.1000 9.2000
v 57.0000 1.1000 9.2000
v 57.0000 0.9000 10.0000
v 61.0000 0.9000 10.0000
v 61.0000 1.1000 10.0000
v 57.0000 1.1000 10.0000
v 61.0000 0.9000 6.0000
v 69.0000 0.9000 6.0000
v 69.0000 1.1000 6.0000
v 61.0000 1.1000 6.0000
v 61.0000 0.9000 10.0000
v 69.0000 0.9000 10.0000
v 69.0000 1.1000 10.0000
v 61.0000 1.1000 10.0000
v 14.0000 28.9000 6.0000
v 22.0000 28.9000 6.0000
v 22.0000 29.1000 6.0000
v 14.0000 29.1000 6.0000
v 14.0000 28.9000 10.0000
v 22.0000 28.9000 10.0000
v 22.0000 29.1000 10.0000
v 14.0000 29.1000 10.0000
v 22.0000 28.9000 6.0000
v 26.0000 28.9000 6.0000
v 26.0000 29.1000 6.0000
v 22.0000 29.1000 6.0000
v 22.0000 28.9000 7.2000
v 26.0000 28.9000 7.2000
v 26.0000 29.1000 7.2000
v 22.0000 29.1000 7.2000
v 22.0000 28.9000 9.2000
v 26.0000 28.9000 9.2000
v 26.0000 29.1000 9.2000
v 22.0000 29.1000 9.2000
v 22.0000 28.9000 10.0000
v 26.0000 28.9000 10.0000
v 26.0000 29.1000 10.0000
v 22.0000 29.1000 10.0000
v 26.0000 28.9000 6.0000
v 39.5000 28.9000 6.0000
v 39.5000 29.1000 6.0000
v 26.0000 29.1000 6.0000
v 26.0000 28.9000 10.0000
v 39.5000 28.9000 10.0000
v 39.5000 29.1000 10.0000
v 26.0000 29.1000 10.0000
v 39.5000 28.9000 6.0000
v 43.5000 28.9000 6.0000
v 43.5000 29.1000 6.0000
v 39.5000 29.1000 6.0000
v 39.5000 28.9000 7.2000
v 43.5000 28.9000 7.2000
v 43.5000 29.1000 7.2000
v 39.5000 29.1000 7.2000
v 39.5000 28.9000 9.2000
v 43.5000 28.9000 9.2000
v 43.5000 29.1000 9.2000
v 39.5000 29.1000 9.2000
v 39.5000 28.9000 10.0000
v 43.5000 28.9000 10.0000
v 43.5000 29.1000 10.0000
v 39.5000 29.1000 10.0000
v 43.5000 28.9000 6.0000
v 57.0000 28.9000 6.0000
v 57.0000 29.1000 6.0000
v 43.5000 29.1000 6.0000
v 43.5000 28.9000 10.0000
v 57.0000 28.9000 10.0000
v 57.0000 29.1000 10.0000
v 43.5000 29.1000 10.0000
v 57.0000 28.9000 6.0000
v 61.0000 28.9000 6.0000
v 61.0000 29.1000 6.0000
v 57.0000 29.1000 6.0000
v 57.0000 28.9000 7.2000
v 61.0000 28.9000 7.2000
v 61.0000 29.1000 7.2000
v 57.0000 29.1000 7.2000
v 57.0000 28.9000 9.2000
v 61.0000 28.9000 9.2000
v 61.0000 29.1000 9.2000
v 57.0000 29.1000 9.2000
v 57.0000 28.9000 10.0000
v 61.0000 28.9000 10.0000
v 61.0000 29.1000 10.0000
v 57.0000 29.1000 10.0000
v 61.0000 28.9000 6.0000
v 69.0000 28.9000 6.0000
v 69.0000 29.1000 6.0000
v 61.0000 29.1000 6.0000
v 61.0000 28.9000 10.0000
v 69.0000 28.9000 10.0000
v 69.0000 29.1000 10.0000
v 61.0000 29.1000 10.0000
v 13.9000 1.0000 6.0000
v 14.1000 1.0000 6.0000
v 14.1000 29.0000 6.0000
v 13.9000 29.0000 6.0000
v 13.9000 1.0000 10.0000
v 14.1000 1.0000 10.0000
v 14.1000 29.0000 10.0000
v 13.9000 29.0000 10.0000
v 68.9000 1.0000 6.0000
v 69.1000 1.0000 6.0000
v 69.1000 29.0000 6.0000
v 68.9000 29.0000 6.0000
v 68.9000 1.0000 10.0000
v 69.1000 1.0000 10.0000
v 69.1000 29.0000 10.0000
v 68.9000 29.0000 10.0000
v 13.8500 0.8500 6.0000
v 14.1500 0.8500 6.0000
v 14.1500 1.1500 6.0000
v 13.8500 1.1500 6.0000
v 13.8500 0.8500 10.0000
v 14.1500 0.8500 10.0000
v 14.1500 1.1500 10.0000
v 13.8500 1.1500 10.0000
v 13.8500 7.8500 6.0000
v 14.1500 7.8500 6.0000
v 14.1500 8.1500 6.0000
v 13.8500 8.1500 6.0000
v 13.8500 7.8500 10.0000
v 14.1500 7.8500 10.0000
v 14.1500 8.1500 10.0000
v 13.8500 8.1500 10.0000
v 13.8500 14.8500 6.0000
v 14.1500 14.8500 6.0000
v 14.1500 15.1500 6.0000
v 13.8500 15.1500 6.0000
v 13.8500 14.8500 10.0000
v 14.1500 14.8500 10.0000
v 14.1500 15.1500 10.0000
v 13.8500 15.1500 10.0000
v 13.8500 21.8500 6.0000
v 14.1500 21.8500 6.0000
v 14.1500 22.1500 6.0000
v 13.8500 22.1500 6.0000
v 13.8500 21.8500 10.0000
v 14.1500 21.8500 10.0000
v 14.1500 22.1500 10.0000
v 13.8500 22.1500 10.0000
v 13.8500 28.8500 6.0000
v 14.1500 28.8500 6.0000
v 14.1500 29.1500 6.0000
v 13.8500 29.1500 6.0000
v 13.8500 28.8500 10.0000
v 14.1500 28.8500 10.0000
v 14.1500 29.1500 10.0000
v 13.8500 29.1500 10.0000
v 18.8500 0.8500 6.0000
v 19.1500 0.8500 6.0000
v 19.1500 1.1500 6.0000
v 18.8500 1.1500 6.0000
v 18.8500 0.8500 10.0000
v 19.1500 0.8500 10.0000
v 19.1500 1.1500 10.0000
v 18.8500 1.1500 10.0000
v 18.8500 7.8500 6.0000
v 19.1500 7.8500 6.0000
v 19.1500 8.1500 6.0000
v 18.8500 8.1500 6.0000
v 18.8500 7.8500 10.0000
v 19.1500 7.8500 10.0000
v 19.1500 8.1500 10.0000
v 18.8500 8.1500 10.0000
v 18.8500 14.8500 6.0000
v 19.1500 14.8500 6.0000
v 19.1500 15.1500 6.0000
v 18.8500 15.1500 6.0000
v 18.8500 14.8500 10.0000
v 19.1500 14.8500 10.0000
v 19.1500 15.1500 10.0000
v 18.8500 15.1500 10.0000
v 18.8500 21.8500 6.0000
v 19.1500 21.8500 6.0000
v 19.1500 22.1500 6.0000
v 18.8500 22.1500 6.0000
v 18.8500 21.8500 10.0000
v 19.1500 21.8500 10.0000
v 19.1500 22.1500 10.0000
v 18.8500 22.1500 10.0000
v 18.8500 28.8500 6.0000
v 19.1500 28.8500 6.0000
v 19.1500 29.1500 6.0000
v 18.8500 29.1500 6.0000
v 18.8500 28.8500 10.0000
v 19.1500 28.8500 10.0000
v 19.1500 29.1500 10.0000
v 18.8500 29.1500 10.0000
v 23.8500 0.8500 6.0000
v 24.1500 0.8500 6.0000
v 24.1500 1.1500 6.0000
v 23.8500 1.1500 6.0000
v 23.8500 0.8500 10.0000
v 24.1500 0.8500 10.0000
v 24.1500 1.1500 10.0000
v 23.8500 1.1500 10.0000
v 23.8500 7.8500 6.0000
v 24.1500 7.8500 6.0000
v 24.1500 8.1500 6.0000
v 23.8500 8.1500 6.0000
v 23.8500 7.8500 10.0000
v 24.1500 7.8500 10.0000
v 24.1500 8.1500 10.0000
v 23.8500 8.1500 10.0000
v 23.8500 14.8500 6.0000
v 24.1500 14.8500 6.0000
v 24.1500 15.1500 6.0000
v 23.8500 15.1500 6.0000
v 23.8500 14.8500 10.0000
v 24.1500 14.8500 10.0000
v 24.1500 15.1500 10.0000
v 23.8500 15.1500 10.0000
v 23.8500 21.8500 6.0000
v 24.1500 21.8500 6.0000
v 24.1500 22.1500 6.0000
v 23.8500 22.1500 6.0000
v 23.8500 21.8500 10.0000
v 24.1500 21.8500 10.0000
v 24.1500 22.1500 10.0000
v 23.8500 22.1500 10.0000
v 23.8500 28.8500 6.0000
v 24.1500 28.8500 6.0000
v 24.1500 29.1500 6.0000
v 23.8500 29.1500 6.0000
v 23.8500 28.8500 10.0000
v 24.1500 28.8500 10.0000
v 24.1500 29.1500 10.0000
v 23.8500 29.1500 10.0000
v 28.8500 0.8500 6.0000
v 29.1500 0.8500 6.0000
v 29.1500 1.1500 6.0000
v 28.8500 1.1500 6.0000
v 28.8500 0.8500 10.0000
v 29.1500 0.8500 10.0000
v 29.1500 1.1500 10.0000
v 28.8500 1.1500 10.0000
v 28.8500 7.8500 6.0000
v 29.1500 7.8500 6.0000
v 29.1500 8.1500 6.0000
v 28.8500 8.1500 6.0000
v 28.8500 7.8500 10.0000
v 29.1500 7.8500 10.0000
v 29.1500 8.1500 10.0000
v 28.8500 8.1500 10.0000
v 28.8500 14.8500 6.0000
v 29.1500 14.8500 6.0000
v 29.1500 15.1500 6.0000
v 28.8500 15.1500 6.0000
v 28.8500 14.8500 10.0000
v 29.1500 14.8500 10.0000
v 29.1500 15.1500 10.0000
v 28.8500 15.1500 10.0000
v 28.8500 21.8500 6.0000
v 29.1500 21.8500 6.0000
v 29.1500 22.1500 6.0000
v 28.8500 22.1500 6.0000
v 28.8500 21.8500 10.0000
v 29.1500 21.8500 10.0000
v 29.1500 22.1500 10.0000
v 28.8500 22.1500 10.0000
v 28.8500 28.8500 6.0000
v 29.1500 28.8500 6.0000
v 29.1500 29.1500 6.0000
v 28.8500 29.1500 6.0000
v 28.8500 28.8500 10.0000
v 29.1500 28.8500 10.0000
v 29.1500 29.1500 10.0000
v 28.8500 29.1500 10.0000
v 33.8500 0.8500 6.0000
v 34.1500 0.8500 6.0000
v 34.1500 1.1500 6.0000
v 33.8500 1.1500 6.0000
v 33.8500 0.8500 10.0000
v 34.1500 0.8500 10.0000
v 34.1500 1.1500 10.0000
v 33.8500 1.1500 10.0000
v 33.8500 7.8500 6.0000
v 34.1500 7.8500 6.0000
v 34.1500 8.1500 6.0000
v 33.8500 8.1500 6.0000
v 33.8500 7.8500 10.0000
v 34.1500 7.8500 10.0000
v 34.1500 8.1500 10.0000
v 33.8500 8.1500 10.0000
v 33.8500 14.8500 6.0000
v 34.1500 14.8500 6.0000
v 34.1500 15.1500 6.0000
v 33.8500 15.1500 6.0000
v 33.8500 14.8500 10.0000
v 34.1500 14.8500 10.0000
v 34.1500 15.1500 10.0000
v 33.8500 15.1500 10.0000
v 33.8500 21.8500 6.0000
v 34.1500 21.8500 6.0000
v 34.1500 22.1500 6.0000
v 33.8500 22.1500 6.0000
v 33.8500 21.8500 10.0000
v 34.1500 21.8500 10.0000
v 34.1500 22.1500 10.0000
v 33.8500 22.1500 10.0000
v 33.8500 28.8500 6.0000
v 34.1500 28.8500 6.0000
v 34.1500 29.1500 6.0000
v 33.8500 29.1500 6.0000
v 33.8500 28.8500 10.0000
v 34.1500 28.8500 10.0000
v 34.1500 29.1500 10.0000
v 33.8500 29.1500 10.0000
v 38.8500 0.8500 6.0000
v 39.1500 0.8500 6.0000
v 39.1500 1.1500 6.0000
v 38.8500 1.1500 6.0000
v 38.8500 0.8500 10.0000
v 39.1500 0.8500 10.0000
v 39.1500 1.1500 10.0000
v 38.8500 1.1500 10.0000
v 38.8500 7.8500 6.0000
v 39.1500 7.8500 6.0000
v 39.1500 8.1500 6.0000
v 38.8500 8.1500 6.0000
v 38.8500 7.8500 10.0000
v 39.1500 7.8500 10.0000
v 39.1500 8.1500 10.0000
v 38.8500 8.1500 10.0000
v 38.8500 14.8500 6.0000
v 39.1500 14.8500 6.0000
v 39.1500 15.1500 6.0000
v 38.8500 15.1500 6.0000
v 38.8500 14.8500 10.0000
v 39.1500 14.8500 10.0000
v 39.1500 15.1500 10.0000
v 38.8500 15.1500 10.0000
v 38.8500 21.8500 6.0000
v 39.1500 21.8500 6.0000
v 39.1500 22.1500 6.0000
v 38.8500 22.1500 6.0000
v 38.8500 21.8500 10.0000
v 39.1500 21.8500 10.0000
v 39.1500 22.1500 10.0000
v 38.8500 22.1500 10.0000
v 38.8500 28.8500 6.0000
v 39.1500 28.8500 6.0000
v 39.1500 29.1500 6.0000
v 38.8500 29.1500 6.0000
v 38.8500 28.8500 10.0000
v 39.1500 28.8500 10.0000
v 39.1500 29.1500 10.0000
v 38.8500 29.1500 10.0000
v 43.8500 0.8500 6.0000
v 44.1500 0.8500 6.0000
v 44.1500 1.1500 6.0000
v 43.8500 1.1500 6.0000
v 43.8500 0.8500 10.0000
v 44.1500 0.8500 10.0000
v 44.1500 1.1500 10.0000
v 43.8500 1.1500 10.0000
v 43.8500 7.8500 6.0000
v 44.1500 7.8500 6.0000
v 44.1500 8.1500 6.0000
v 43.8500 8.1500 6.0000
v 43.8500 7.8500 10.0000
v 44.1500 7.8500 10.0000
v 44.1500 8.1500 10.0000
v 43.8500 8.1500 10.0000
v 43.8500 14.8500 6.0000
v 44.1500 14.8500 6.0000
v 44.1500 15.1500 6.0000
v 43.8500 15.1500 6.0000
v 43.8500 14.8500 10.0000
v 44.1500 14.8500 10.0000
v 44.1500 15.1500 10.0000
v 43.8500 15.1500 10.0000
v 43.8500 21.8500 6.0000
v 44.1500 21.8500 6.0000
v 44.1500 22.1500 6.0000
v 43.8500 22.1500 6.0000
v 43.8500 21.8500 10.0000
v 44.1500 21.8500 10.0000
v 44.1500 22.1500 10.0000
v 43.8500 22.1500 10.0000
v 43.8500 28.8500 6.0000
v 44.1500 28.8500 6.0000
v 44.1500 29.1500 6.0000
v 43.8500 29.1500 6.0000
v 43.8500 28.8500 10.0000
v 44.1500 28.8500 10.0000
v 44.1500 29.1500 10.0000
v 43.8500 29.1500 10.0000
v 48.8500 0.8500 6.0000
v 49.1500 0.8500 6.0000
v 49.1500 1.1500 6.0000
v 48.8500 1.1500 6.0000
v 48.8500 0.8500 10.0000
v 49.1500 0.8500 10.0000
v 49.1500 1.1500 10.0000
v 48.8500 1.1500 10.0000
v 48.8500 7.8500 6.0000
v 49.1500 7.8500 6.0000
v 49.1500 8.1500 6.0000
v 48.8500 8.1500 6.0000
v 48.8500 7.8500 10.0000
v 49.1500 7.8500 10.0000
v 49.1500 8.1500 10.0000
v 48.8500 8.1500 10.0000
v 48.8500 14.8500 6.0000
v 49.1500 14.8500 6.0000
v 49.1500 15.1500 6.0000
v 48.8500 15.1500 6.0000
v 48.8500 14.8500 10.0000
v 49.1500 14.8500 10.0000
v 49.1500 15.1500 10.0000
v 48.8500 15.1500 10.0000
v 48.8500 21.8500 6.0000
v 49.1500 21.8500 6.0000
v 49.1500 22.1500 6.0000
v 48.8500 22.1500 6.0000
v 48.8500 21.8500 10.0000
v 49.1500 21.8500 10.0000
v 49.1500 22.1500 10.0000
v 48.8500 22.1500 10.0000
v 48.8500 28.8500 6.0000
v 49.1500 28.8500 6.0000
v 49.1500 29.1500 6.0000
v 48.8500 29.1500 6.0000
v 48.8500 28.8500 10.0000
v 49.1500 28.8500 10.0000
v 49.1500 29.1500 10.0000
v 48.8500 29.1500 10.0000
v 53.8500 0.8500 6.0000
v 54.1500 0.8500 6.0000
v 54.1500 1.1500 6.0000
v 53.8500 1.1500 6.0000
v 53.8500 0.8500 10.0000
v 54.1500 0.8500 10.0000
v 54.1500 1.1500 10.0000
v 53.8500 1.1500 10.0000
v 53.8500 7.8500 6.0000
v 54.1500 7.8500 6.0000
v 54.1500 8.1500 6.0000
v 53.8500 8.1500 6.0000
v 53.8500 7.8500 10.0000
v 54.1500 7.8500 10.0000
v 54.1500 8.1500 10.0000
v 53.8500 8.1500 10.0000
v 53.8500 14.8500 6.0000
v 54.1500 14.8500 6.0000
v 54.1500 15.1500 6.0000
v 53.8500 15.1500 6.0000
v 53.8500 14.8500 10.0000
v 54.1500 14.8500 10.0000
v 54.1500 15.1500 10.0000
v 53.8500 15.1500 10.0000
v 53.8500 21.8500 6.0000
v 54.1500 21.8500 6.0000
v 54.1500 22.1500 6.0000
v 53.8500 22.1500 6.0000
v 53.8500 21.8500 10.0000
v 54.1500 21.8500 10.0000
v 54.1500 22.1500 10.0000
v 53.8500 22.1500 10.0000
v 53.8500 28.8500 6.0000
v 54.1500 28.8500 6.0000
v 54.1500 29.1500 6.0000
v 53.8500 29.1500 6.0000
v 53.8500 28.8500 10.0000
v 54.1500 28.8500 10.0000
v 54.1500 29.1500 10.0000
v 53.8500 29.1500 10.0000
v 58.8500 0.8500 6.0000
v 59.1500 0.8500 6.0000
v 59.1500 1.1500 6.0000
v 58.8500 1.1500 6.0000
v 58.8500 0.8500 10.0000
v 59.1500 0.8500 10.0000
v 59.1500 1.1500 10.0000
v 58.8500 1.1500 10.0000
v 58.8500 7.8500 6.0000
v 59.1500 7.8500 6.0000
v 59.1500 8.1500 6.0000
v 58.8500 8.1500 6.0000
v 58.8500 7.8500 10.0000
v 59.1500 7.8500 10.0000
v 59.1500 8.1500 10.0000
v 58.8500 8.1500 10.0000
v 58.8500 14.8500 6.0000
v 59.1500 14.8500 6.0000
v 59.1500 15.1500 6.0000
v 58.8500 15.1500 6.0000
v 58.8500 14.8500 10.0000
v 59.1500 14.8500 10.0000
v 59.1500 15.1500 10.0000
v 58.8500 15.1500 10.0000
v 58.8500 21.8500 6.0000
v 59.1500 21.8500 6.0000
v 59.1500 22.1500 6.0000
v 58.8500 22.1500 6.0000
v 58.8500 21.8500 10.0000
v 59.1500 21.8500 10.0000
v 59.1500 22.1500 10.0000
v 58.8500 22.1500 10.0000
v 58.8500 28.8500 6.0000
v 59.1500 28.8500 6.0000
v 59.1500 29.1500 6.0000
v 58.8500 29.1500 6.0000
v 58.8500 28.8500 10.0000
v 59.1500 28.8500 10.0000
v 59.1500 29.1500 10.0000
v 58.8500 29.1500 10.0000
v 63.8500 0.8500 6.0000
v 64.1500 0.8500 6.0000
v 64.1500 1.1500 6.0000
v 63.8500 1.1500 6.0000
v 63.8500 0.8500 10.0000
v 64.1500 0.8500 10.0000
v 64.1500 1.1500 10.0000
v 63.8500 1.1500 10.0000
v 63.8500 7.8500 6.0000
v 64.1500 7.8500 6.0000
v 64.1500 8.1500 6.0000
v 63.8500 8.1500 6.0000
v 63.8500 7.8500 10.0000
v 64.1500 7.8500 10.0000
v 64.1500 8.1500 10.0000
v 63.8500 8.1500 10.0000
v 63.8500 14.8500 6.0000
v 64.1500 14.8500 6.0000
v 64.1500 15.1500 6.0000
v 63.8500 15.1500 6.0000
v 63.8500 14.8500 10.0000
v 64.1500 14.8500 10.0000
v 64.1500 15.1500 10.0000
v 63.8500 15.1500 10.0000
v 63.8500 21.8500 6.0000
v 64.1500 21.8500 6.0000
v 64.1500 22.1500 6.0000
v 63.8500 22.1500 6.0000
v 63.8500 21.8500 10.0000
v 64.1500 21.8500 10.0000
v 64.1500 22.1500 10.0000
v 63.8500 22.1500 10.0000
v 63.8500 28.8500 6.0000
v 64.1500 28.8500 6.0000
v 64.1500 29.1500 6.0000
v 63.8500 29.1500 6.0000
v 63.8500 28.8500 10.0000
v 64.1500 28.8500 10.0000
v 64.1500 29.1500 10.0000
v 63.8500 29.1500 10.0000
v 68.8500 0.8500 6.0000
v 69.1500 0.8500 6.0000
v 69.1500 1.1500 6.0000
v 68.8500 1.1500 6.0000
v 68.8500 0.8500 10.0000
v 69.1500 0.8500 10.0000
v 69.1500 1.1500 10.0000
v 68.8500 1.1500 10.0000
v 68.8500 7.8500 6.0000
v 69.1500 7.8500 6.0000
v 69.1500 8.1500 6.0000
v 68.8500 8.1500 6.0000
v 68.8500 7.8500 10.0000
v 69.1500 7.8500 10.0000
v 69.1500 8.1500 10.0000
v 68.8500 8.1500 10.0000
v 68.8500 14.8500 6.0000
v 69.1500 14.8500 6.0000
v 69.1500 15.1500 6.0000
v 68.8500 15.1500 6.0000
v 68.8500 14.8500 10.0000
v 69.1500 14.8500 10.0000
v 69.1500 15.1500 10.0000
v 68.8500 15.1500 10.0000
v 68.8500 21.8500 6.0000
v 69.1500 21.8500 6.0000
v 69.1500 22.1500 6.0000
v 68.8500 22.1500 6.0000
v 68.8500 21.8500 10.0000
v 69.1500 21.8500 10.0000
v 69.1500 22.1500 10.0000
v 68.8500 22.1500 10.0000
v 68.8500 28.8500 6.0000
v 69.1500 28.8500 6.0000
v 69.1500 29.1500 6.0000
v 68.8500 29.1500 6.0000
v 68.8500 28.8500 10.0000
v 69.1500 28.8500 10.0000
v 69.1500 29.1500 10.0000
v 68.8500 29.1500 10.0000
v 14.0000 7.9000 6.0000
v 19.0000 7.9000 6.0000
v 19.0000 8.1000 6.0000
v 14.0000 8.1000 6.0000
v 14.0000 7.9000 10.0000
v 19.0000 7.9000 10.0000
v 19.0000 8.1000 10.0000
v 14.0000 8.1000 10.0000
v 14.0000 21.9000 6.0000
v 19.0000 21.9000 6.0000
v 19.0000 22.1000 6.0000
v 14.0000 22.1000 6.0000
v 14.0000 21.9000 10.0000
v 19.0000 21.9000 10.0000
v 19.0000 22.1000 10.0000
v 14.0000 22.1000 10.0000
v 13.9000 8.0000 6.0000
v 14.1000 8.0000 6.0000
v 14.1000 22.0000 6.0000
v 13.9000 22.0000 6.0000
v 13.9000 8.0000 10.0000
v 14.1000 8.0000 10.0000
v 14.1000 22.0000 10.0000
v 13.9000 22.0000 10.0000
v 18.9000 8.0000 6.0000
v 19.1000 8.0000 6.0000
v 19.1000 14.4000 6.0000
v 18.9000 14.4000 6.0000
v 18.9000 8.0000 10.0000
v 19.1000 8.0000 10.0000
v 19.1000 14.4000 10.0000
v 18.9000 14.4000 10.0000
v 18.9000 14.4000 8.2000
v 19.1000 14.4000 8.2000
v 19.1000 15.6000 8.2000
v 18.9000 15.6000 8.2000
v 18.9000 14.4000 10.0000
v 19.1000 14.4000 10.0000
v 19.1000 15.6000 10.0000
v 18.9000 15.6000 10.0000
v 18.9000 15.6000 6.0000
v 19.1000 15.6000 6.0000
v 19.1000 22.0000 6.0000
v 18.9000 22.0000 6.0000
v 18.9000 15.6000 10.0000
v 19.1000 15.6000 10.0000
v 19.1000 22.0000 10.0000
v 18.9000 22.0000 10.0000
v 64.0000 7.9000 6.0000
v 69.0000 7.9000 6.0000
v 69.0000 8.1000 6.0000
v 64.0000 8.1000 6.0000
v 64.0000 7.9000 10.0000
v 69.0000 7.9000 10.0000
v 69.0000 8.1000 10.0000
v 64.0000 8.1000 10.0000
v 64.0000 21.9000 6.0000
v 69.0000 21.9000 6.0000
v 69.0000 22.1000 6.0000
v 64.0000 22.1000 6.0000
v 64.0000 21.9000 10.0000
v 69.0000 21.9000 10.0000
v 69.0000 22.1000 10.0000
v 64.0000 22.1000 10.0000
v 63.9000 8.0000 6.0000
v 64.1000 8.0000 6.0000
v 64.1000 14.4000 6.0000
v 63.9000 14.4000 6.0000
v 63.9000 8.0000 10.0000
v 64.1000 8.0000 10.0000
v 64.1000 14.4000 10.0000
v 63.9000 14.4000 10.0000
v 63.9000 14.4000 8.2000
v 64.1000 14.4000 8.2000
v 64.1000 15.6000 8.2000
v 63.9000 15.6000 8.2000
v 63.9000 14.4000 10.0000
v 64.1000 14.4000 10.0000
v 64.1000 15.6000 10.0000
v 63.9000 15.6000 10.0000
v 63.9000 15.6000 6.0000
v 64.1000 15.6000 6.0000
v 64.1000 22.0000 6.0000
v 63.9000 22.0000 6.0000
v 63.9000 15.6000 10.0000
v 64.1000 15.6000 10.0000
v 64.1000 22.0000 10.0000
v 63.9000 22.0000 10.0000
v 68.9000 8.0000 6.0000
v 69.1000 8.0000 6.0000
v 69.1000 22.0000 6.0000
v 68.9000 22.0000 6.0000
v 68.9000 8.0000 10.0000
v 69.1000 8.0000 10.0000
v 69.1000 22.0000 10.0000
v 68.9000 22.0000 10.0000
v 14.0000 1.0000 5.9250
v 69.0000 1.0000 5.9250
v 69.0000 29.0000 5.9250
v 14.0000 29.0000 5.9250
v 14.0000 1.0000 6.0750
v 69.0000 1.0000 6.0750
v 69.0000 29.0000 6.0750
v 14.0000 29.0000 6.0750
v 14.0000 8.0000 5.9250
v 19.0000 8.0000 5.9250
v 19.0000 22.0000 5.9250
v 14.0000 22.0000 5.9250
v 14.0000 8.0000 6.0750
v 19.0000 8.0000 6.0750
v 19.0000 22.0000 6.0750
v 14.0000 22.0000 6.0750
v 64.0000 8.0000 5.9250
v 69.0000 8.0000 5.9250
v 69.0000 22.0000 5.9250
v 64.0000 22.0000 5.9250
v 64.0000 8.0000 6.0750
v 69.0000 8.0000 6.0750
v 69.0000 22.0000 6.0750
v 64.0000 22.0000 6.0750
v 14.0000 0.9000 5.5250
v 69.0000 0.9000 5.5250
v 69.0000 1.1000 5.5250
v 14.0000 1.1000 5.5250
v 14.0000 0.9000 5.9750
v 69.0000 0.9000 5.9750
v 69.0000 1.1000 5.9750
v 14.0000 1.1000 5.9750
v 14.0000 7.9000 5.5250
v 69.0000 7.9000 5.5250
v 69.0000 8.1000 5.5250
v 14.0000 8.1000 5.5250
v 14.0000 7.9000 5.9750
v 69.0000 7.9000 5.9750
v 69.0000 8.1000 5.9750
v 14.0000 8.1000 5.9750
v 14.0000 14.9000 5.5250
v 69.0000 14.9000 5.5250
v 69.0000 15.1000 5.5250
v 14.0000 15.1000 5.5250
v 14.0000 14.9000 5.9750
v 69.0000 14.9000 5.9750
v 69.0000 15.1000 5.9750
v 14.0000 15.1000 5.9750
v 14.0000 21.9000 5.5250
v 69.0000 21.9000 5.5250
v 69.0000 22.1000 5.5250
v 14.0000 22.1000 5.5250
v 14.0000 21.9000 5.9750
v 69.0000 21.9000 5.9750
v 69.0000 22.1000 5.9750
v 14.0000 22.1000 5.9750
v 14.0000 28.9000 5.5250
v 69.0000 28.9000 5.5250
v 69.0000 29.1000 5.5250
v 14.0000 29.1000 5.5250
v 14.0000 28.9000 5.9750
v 69.0000 28.9000 5.9750
v 69.0000 29.1000 5.9750
v 14.0000 29.1000 5.9750
v 14.0750 1.0000 5.6000
v 14.0750 29.0000 5.6000
v 13.9250 29.0000 5.6000
v 13.9250 1.0000 5.6000
v 14.0750 1.0000 5.9000
v 14.0750 29.0000 5.9000
v 13.9250 29.0000 5.9000
v 13.9250 1.0000 5.9000
v 19.0750 1.0000 5.6000
v 19.0750 29.0000 5.6000
v 18.9250 29.0000 5.6000
v 18.9250 1.0000 5.6000
v 19.0750 1.0000 5.9000
v 19.0750 29.0000 5.9000
v 18.9250 29.0000 5.9000
v 18.9250 1.0000 5.9000
v 24.0750 1.0000 5.6000
v 24.0750 29.0000 5.6000
v 23.9250 29.0000 5.6000
v 23.9250 1.0000 5.6000
v 24.0750 1.0000 5.9000
v 24.0750 29.0000 5.9000
v 23.9250 29.0000 5.9000
v 23.9250 1.0000 5.9000
v 29.0750 1.0000 5.6000
v 29.0750 29.0000 5.6000
v 28.9250 29.0000 5.6000
v 28.9250 1.0000 5.6000
v 29.0750 1.0000 5.9000
v 29.0750 29.0000 5.9000
v 28.9250 29.0000 5.9000
v 28.9250 1.0000 5.9000
v 34.0750 1.0000 5.6000
v 34.0750 29.0000 5.6000
v 33.9250 29.0000 5.6000
v 33.9250 1.0000 5.6000
v 34.0750 1.0000 5.9000
v 34.0750 29.0000 5.9000
v 33.9250 29.0000 5.9000
v 33.9250 1.0000 5.9000
v 39.0750 1.0000 5.6000
v 39.0750 29.0000 5.6000
v 38.9250 29.0000 5.6000
v 38.9250 1.0000 5.6000
v 39.0750 1.0000 5.9000
v 39.0750 29.0000 5.9000
v 38.9250 29.0000 5.9000
v 38.9250 1.0000 5.9000
v 44.0750 1.0000 5.6000
v 44.0750 29.0000 5.6000
v 43.9250 29.0000 5.6000
v 43.9250 1.0000 5.6000
v 44.0750 1.0000 5.9000
v 44.0750 29.0000 5.9000
v 43.9250 29.0000 5.9000
v 43.9250 1.0000 5.9000
v 49.0750 1.0000 5.6000
v 49.0750 29.0000 5.6000
v 48.9250 29.0000 5.6000
v 48.9250 1.0000 5.6000
v 49.0750 1.0000 5.9000
v 49.0750 29.0000 5.9000
v 48.9250 29.0000 5.9000
v 48.9250 1.0000 5.9000
v 54.0750 1.0000 5.6000
v 54.0750 29.0000 5.6000
v 53.9250 29.0000 5.6000
v 53.9250 1.0000 5.6000
v 54.0750 1.0000 5.9000
v 54.0750 29.0000 5.9000
v 53.9250 29.0000 5.9000
v 53.9250 1.0000 5.9000
v 59.0750 1.0000 5.6000
v 59.0750 29.0000 5.6000
v 58.9250 29.0000 5.6000
v 58.9250 1.0000 5.6000
v 59.0750 1.0000 5.9000
v 59.0750 29.0000 5.9000
v 58.9250 29.0000 5.9000
v 58.9250 1.0000 5.9000
v 64.0750 1.0000 5.6000
v 64.0750 29.0000 5.6000
v 63.9250 29.0000 5.6000
v 63.9250 1.0000 5.6000
v 64.0750 1.0000 5.9000
v 64.0750 29.0000 5.9000
v 63.9250 29.0000 5.9000
v 63.9250 1.0000 5.9000
v 69.0750 1.0000 5.6000
v 69.0750 29.0000 5.6000
v 68.9250 29.0000 5.6000
v 68.9250 1.0000 5.6000
v 69.0750 1.0000 5.9000
v 69.0750 29.0000 5.9000
v 68.9250 29.0000 5.9000
v 68.9250 1.0000 5.9000
v 13.5000 15.0000 12.4000
v 69.5000 15.0000 12.4000
v 13.5000 29.5000 10.0000
v 69.5000 29.5000 10.0000
v 13.5000 0.5000 10.0000
v 69.5000 0.5000 10.0000
v 14.0000 1.0000 10.0000
v 14.0000 29.0000 10.0000
v 14.0000 15.0000 12.4000
v 69.0000 1.0000 10.0000
v 69.0000 29.0000 10.0000
v 69.0000 15.0000 12.4000
v 14.0000 29.0000 9.6400
v 69.0000 29.0000 9.6400
v 69.0000 32.0000 9.6400
v 14.0000 32.0000 9.6400
v 14.0000 29.0000 9.7600
v 69.0000 29.0000 9.7600
v 69.0000 32.0000 9.7600
v 14.0000 32.0000 9.7600
v 13.9400 28.9747 9.8522
v 13.9400 14.9747 12.2522
v 14.0600 14.9747 12.2522
v 14.0600 28.9747 9.8522
v 13.9400 29.0253 10.1478
v 13.9400 15.0253 12.5478
v 14.0600 15.0253 12.5478
v 14.0600 29.0253 10.1478
v 14.0600 1.0253 9.8522
v 14.0600 15.0253 12.2522
v 13.9400 15.0253 12.2522
v 13.9400 1.0253 9.8522
v 14.0600 0.9747 10.1478
v 14.0600 14.9747 12.5478
v 13.9400 14.9747 12.5478
v 13.9400 0.9747 10.1478
v 18.9400 28.9747 9.8522
v 18.9400 14.9747 12.2522
v 19.0600 14.9747 12.2522
v 19.0600 28.9747 9.8522
v 18.9400 29.0253 10.1478
v 18.9400 15.0253 12.5478
v 19.0600 15.0253 12.5478
v 19.0600 29.0253 10.1478
v 19.0600 1.0253 9.8522
v 19.0600 15.0253 12.2522
v 18.9400 15.0253 12.2522
v 18.9400 1.0253 9.8522
v 19.0600 0.9747 10.1478
v 19.0600 14.9747 12.5478
v 18.9400 14.9747 12.5478
v 18.9400 0.9747 10.1478
v 23.9400 28.9747 9.8522
v 23.9400 14.9747 12.2522
v 24.0600 14.9747 12.2522
v 24.0600 28.9747 9.8522
v 23.9400 29.0253 10.1478
v 23.9400 15.0253 12.5478
v 24.0600 15.0253 12.5478
v 24.0600 29.0253 10.1478
v 24.0600 1.0253 9.8522
v 24.0600 15.0253 12.2522
v 23.9400 15.0253 12.2522
v 23.9400 1.0253 9.8522
v 24.0600 0.9747 10.1478
v 24.0600 14.9747 12.5478
v 23.9400 14.9747 12.5478
v 23.9400 0.9747 10.1478
v 28.9400 28.9747 9.8522
v 28.9400 14.9747 12.2522
v 29.0600 14.9747 12.2522
v 29.0600 28.9747 9.8522
v 28.9400 29.0253 10.1478
v 28.9400 15.0253 12.5478
v 29.0600 15.0253 12.5478
v 29.0600 29.0253 10.1478
v 29.0600 1.0253 9.8522
v 29.0600 15.0253 12.2522
v 28.9400 15.0253 12.2522
v 28.9400 1.0253 9.8522
v 29.0600 0.9747 10.1478
v 29.0600 14.9747 12.5478
v 28.9400 14.9747 12.5478
v 28.9400 0.9747 10.1478
v 33.9400 28.9747 9.8522
v 33.9400 14.9747 12.2522
v 34.0600 14.9747 12.2522
v 34.0600 28.9747 9.8522
v 33.9400 29.0253 10.1478
v 33.9400 15.0253 12.5478
v 34.0600 15.0253 12.5478
v 34.0600 29.0253 10.1478
v 34.0600 1.0253 9.8522
v 34.0600 15.0253 12.2522
v 33.9400 15.0253 12.2522
v 33.9400 1.0253 9.8522
v 34.0600 0.9747 10.1478
v 34.0600 14.9747 12.5478
v 33.9400 14.9747 12.5478
v 33.9400 0.9747 10.1478
v 38.9400 28.9747 9.8522
v 38.9400 14.9747 12.2522
v 39.0600 14.9747 12.2522
v 39.0600 28.9747 9.8522
v 38.9400 29.0253 10.1478
v 38.9400 15.0253 12.5478
v 39.0600 15.0253 12.5478
v 39.0600 29.0253 10.1478
v 39.0600 1.0253 9.8522
v 39.0600 15.0253 12.2522
v 38.9400 15.0253 12.2522
v 38.9400 1.0253 9.8522
v 39.0600 0.9747 10.1478
v 39.0600 14.9747 12.5478
v 38.9400 14.9747 12.5478
v 38.9400 0.9747 10.1478
v 43.9400 28.9747 9.8522
v 43.9400 14.9747 12.2522
v 44.0600 14.9747 12.2522
v 44.0600 28.9747 9.8522
v 43.9400 29.0253 10.1478
v 43.9400 15.0253 12.5478
v 44.0600 15.0253 12.5478
v 44.0600 29.0253 10.1478
v 44.0600 1.0253 9.8522
v 44.0600 15.0253 12.2522
v 43.9400 15.0253 12.2522
v 43.9400 1.0253 9.8522
v 44.0600 0.9747 10.1478
v 44.0600 14.9747 12.5478
v 43.9400 14.9747 12.5478
v 43.9400 0.9747 10.1478
v 48.9400 28.9747 9.8522
v 48.9400 14.9747 12.2522
v 49.0600 14.9747 12.2522
v 49.0600 28.9747 9.8522
v 48.9400 29.0253 10.1478
v 48.9400 15.0253 12.5478
v 49.0600 15.0253 12.5478
v 49.0600 29.0253 10.1478
v 49.0600 1.0253 9.8522
v 49.0600 15.0253 12.2522
v 48.9400 15.0253 12.2522
v 48.9400 1.0253 9.8522
v 49.0600 0.9747 10.1478
v 49.0600 14.9747 12.5478
v 48.9400 14.9747 12.5478
v 48.9400 0.9747 10.1478
v 53.9400 28.9747 9.8522
v 53.9400 14.9747 12.2522
v 54.0600 14.9747 12.2522
v 54.0600 28.9747 9.8522
v 53.9400 29.0253 10.1478
v 53.9400 15.0253 12.5478
v 54.0600 15.0253 12.5478
v 54.0600 29.0253 10.1478
v 54.0600 1.0253 9.8522
v 54.0600 15.0253 12.2522
v 53.9400 15.0253 12.2522
v 53.9400 1.0253 9.8522
v 54.0600 0.9747 10.1478
v 54.0600 14.9747 12.5478
v 53.9400 14.9747 12.5478
v 53.9400 0.9747 10.1478
v 58.9400 28.9747 9.8522
v 58.9400 14.9747 12.2522
v 59.0600 14.9747 12.2522
v 59.0600 28.9747 9.8522
v 58.9400 29.0253 10.1478
v 58.9400 15.0253 12.5478
v 59.0600 15.0253 12.5478
v 59.0600 29.0253 10.1478
v 59.0600 1.0253 9.8522
v 59.0600 15.0253 12.2522
v 58.9400 15.0253 12.2522
v 58.9400 1.0253 9.8522
v 59.0600 0.9747 10.1478
v 59.0600 14.9747 12.5478
v 58.9400 14.9747 12.5478
v 58.9400 0.9747 10.1478
v 63.9400 28.9747 9.8522
v 63.9400 14.9747 12.2522
v 64.0600 14.9747 12.2522
v 64.0600 28.9747 9.8522
v 63.9400 29.0253 10.1478
v 63.9400 15.0253 12.5478
v 64.0600 15.0253 12.5478
v 64.0600 29.0253 10.1478
v 64.0600 1.0253 9.8522
v 64.0600 15.0253 12.2522
v 63.9400 15.0253 12.2522
v 63.9400 1.0253 9.8522
v 64.0600 0.9747 10.1478
v 64.0600 14.9747 12.5478
v 63.9400 14.9747 12.5478
v 63.9400 0.9747 10.1478
v 68.9400 28.9747 9.8522
v 68.9400 14.9747 12.2522
v 69.0600 14.9747 12.2522
v 69.0600 28.9747 9.8522
v 68.9400 29.0253 10.1478
v 68.9400 15.0253 12.5478
v 69.0600 15.0253 12.5478
v 69.0600 29.0253 10.1478
v 69.0600 1.0253 9.8522
v 69.0600 15.0253 12.2522
v 68.9400 15.0253 12.2522
v 68.9400 1.0253 9.8522
v 69.0600 0.9747 10.1478
v 69.0600 14.9747 12.5478
v 68.9400 14.9747 12.5478
v 68.9400 0.9747 10.1478
v 14.0000 14.9000 12.2500
v 69.0000 14.9000 12.2500
v 69.0000 15.1000 12.2500
v 14.0000 15.1000 12.2500
v 14.0000 14.9000 12.5500
v 69.0000 14.9000 12.5500
v 69.0000 15.1000 12.5500
v 14.0000 15.1000 12.5500
v 14.0000 28.9100 9.8500
v 69.0000 28.9100 9.8500
v 69.0000 29.0900 9.8500
v 14.0000 29.0900 9.8500
v 14.0000 28.9100 10.1500
v 69.0000 28.9100 10.1500
v 69.0000 29.0900 10.1500
v 14.0000 29.0900 10.1500
v 14.0000 0.9100 9.8500
v 69.0000 0.9100 9.8500
v 69.0000 1.0900 9.8500
v 14.0000 1.0900 9.8500
v 14.0000 0.9100 10.1500
v 69.0000 0.9100 10.1500
v 69.0000 1.0900 10.1500
v 14.0000 1.0900 10.1500
v 14.0000 21.9400 11.1200
v 69.0000 21.9400 11.1200
v 69.0000 22.0600 11.1200
v 14.0000 22.0600 11.1200
v 14.0000 21.9400 11.2800
v 69.0000 21.9400 11.2800
v 69.0000 22.0600 11.2800
v 14.0000 22.0600 11.2800
v 14.0000 7.9400 11.1200
v 69.0000 7.9400 11.1200
v 69.0000 8.0600 11.1200
v 14.0000 8.0600 11.1200
v 14.0000 7.9400 11.2800
v 69.0000 7.9400 11.2800
v 69.0000 8.0600 11.2800
v 14.0000 8.0600 11.2800
v 17.2500 25.3500 6.0000
v 18.2500 25.3500 6.0000
v 18.2500 27.1500 6.0000
v 17.2500 27.1500 6.0000
v 17.2500 25.3500 8.2000
v 18.2500 25.3500 8.2000
v 18.2500 27.1500 8.2000
v 17.2500 27.1500 8.2000
v 18.2595 25.3500 6.0000
v 27.0405 25.3500 6.0000
v 27.0405 27.1500 6.0000
v 18.2595 27.1500 6.0000
v 18.2595 25.3500 8.2000
v 27.0405 25.3500 8.2000
v 27.0405 27.1500 8.2000
v 18.2595 27.1500 8.2000
v 27.0325 25.3500 6.0000
v 37.8675 25.3500 6.0000
v 37.8675 27.1500 6.0000
v 27.0325 27.1500 6.0000
v 27.0325 25.3500 8.2000
v 37.8675 25.3500 8.2000
v 37.8675 27.1500 8.2000
v 27.0325 27.1500 8.2000
v 37.8655 25.3500 6.0000
v 44.4345 25.3500 6.0000
v 44.4345 27.1500 6.0000
v 37.8655 27.1500 6.0000
v 37.8655 25.3500 8.2000
v 44.4345 25.3500 8.2000
v 44.4345 27.1500 8.2000
v 37.8655 27.1500 8.2000
v 44.4170 25.3500 6.0000
v 49.0830 25.3500 6.0000
v 49.0830 27.1500 6.0000
v 44.4170 27.1500 6.0000
v 44.4170 25.3500 8.2000
v 49.0830 25.3500 8.2000
v 49.0830 27.1500 8.2000
v 44.4170 27.1500 8.2000
v 49.1000 25.3500 6.0000
v 50.1000 25.3500 6.0000
v 50.1000 27.1500 6.0000
v 49.1000 27.1500 6.0000
v 49.1000 25.3500 7.6000
v 50.1000 25.3500 7.6000
v 50.1000 27.1500 7.6000
v 49.1000 27.1500 7.6000
v 22.7500 27.7500 6.0000
v 23.7500 27.7500 6.0000
v 23.7500 28.7500 6.0000
v 22.7500 28.7500 6.0000
v 22.7500 27.7500 7.2000
v 23.7500 27.7500 7.2000
v 23.7500 28.7500 7.2000
v 22.7500 28.7500 7.2000
v 28.2500 27.7500 6.0000
v 29.2500 27.7500 6.0000
v 29.2500 28.7500 6.0000
v 28.2500 28.7500 6.0000
v 28.2500 27.7500 7.2000
v 29.2500 27.7500 7.2000
v 29.2500 28.7500 7.2000
v 28.2500 28.7500 7.2000
v 30.7500 27.7500 6.0000
v 31.7500 27.7500 6.0000
v 31.7500 28.7500 6.0000
v 30.7500 28.7500 6.0000
v 30.7500 27.7500 7.2000
v 31.7500 27.7500 7.2000
v 31.7500 28.7500 7.2000
v 30.7500 28.7500 7.2000
v 38.2500 27.7500 6.0000
v 39.2500 27.7500 6.0000
v 39.2500 28.7500 6.0000
v 38.2500 28.7500 6.0000
v 38.2500 27.7500 7.2000
v 39.2500 27.7500 7.2000
v 39.2500 28.7500 7.2000
v 38.2500 28.7500 7.2000
v 54.2500 27.2500 6.0000
v 57.2500 27.2500 6.0000
v 57.2500 28.2500 6.0000
v 54.2500 28.2500 6.0000
v 54.2500 27.2500 7.2000
v 57.2500 27.2500 7.2000
v 57.2500 28.2500 7.2000
v 54.2500 28.2500 7.2000
v 51.5000 25.3500 6.0000
v 53.0000 25.3500 6.0000
v 53.0000 27.1500 6.0000
v 51.5000 27.1500 6.0000
v 51.5000 25.3500 7.6000
v 53.0000 25.3500 7.6000
v 53.0000 27.1500 7.6000
v 51.5000 27.1500 7.6000
v 52.5000 25.3500 6.0000
v 63.0000 25.3500 6.0000
v 63.0000 27.1500 6.0000
v 52.5000 27.1500 6.0000
v 52.5000 25.3500 8.4000
v 63.0000 25.3500 8.4000
v 63.0000 27.1500 8.4000
v 52.5000 27.1500 8.4000
v 63.0000 25.3500 6.0000
v 64.5000 25.3500 6.0000
v 64.5000 27.1500 6.0000
v 63.0000 27.1500 6.0000
v 63.0000 25.3500 7.6000
v 64.5000 25.3500 7.6000
v 64.5000 27.1500 7.6000
v 63.0000 27.1500 7.6000
v 52.2500 27.2500 6.0000
v 54.2500 27.2500 6.0000
v 54.2500 28.2500 6.0000
v 52.2500 28.2500 6.0000
v 52.2500 27.2500 7.2000
v 54.2500 27.2500 7.2000
v 54.2500 28.2500 7.2000
v 52.2500 28.2500 7.2000
v 55.7500 27.2500 6.0000
v 57.7500 27.2500 6.0000
v 57.7500 28.2500 6.0000
v 55.7500 28.2500 6.0000
v 55.7500 27.2500 7.2000
v 57.7500 27.2500 7.2000
v 57.7500 28.2500 7.2000
v 55.7500 28.2500 7.2000
v 53.2500 23.2500 6.0000
v 54.2500 23.2500 6.0000
v 54.2500 24.2500 6.0000
v 53.2500 24.2500 6.0000
v 53.2500 23.2500 7.2000
v 54.2500 23.2500 7.2000
v 54.2500 24.2500 7.2000
v 53.2500 24.2500 7.2000
v 56.2500 23.2500 6.0000
v 57.2500 23.2500 6.0000
v 57.2500 24.2500 6.0000
v 56.2500 24.2500 6.0000
v 56.2500 23.2500 7.2000
v 57.2500 23.2500 7.2000
v 57.2500 24.2500 7.2000
v 56.2500 24.2500 7.2000
v 65.2500 25.9500 6.0000
v 67.2500 25.9500 6.0000
v 67.2500 27.5500 6.0000
v 65.2500 27.5500 6.0000
v 65.2500 25.9500 7.8000
v 67.2500 25.9500 7.8000
v 67.2500 27.5500 7.8000
v 65.2500 27.5500 7.8000
v 65.2500 22.4500 6.0000
v 67.2500 22.4500 6.0000
v 67.2500 24.0500 6.0000
v 65.2500 24.0500 6.0000
v 65.2500 22.4500 7.8000
v 67.2500 22.4500 7.8000
v 67.2500 24.0500 7.8000
v 65.2500 24.0500 7.8000
v 65.2500 19.4500 6.0000
v 67.2500 19.4500 6.0000
v 67.2500 21.0500 6.0000
v 65.2500 21.0500 6.0000
v 65.2500 19.4500 7.8000
v 67.2500 19.4500 7.8000
v 67.2500 21.0500 7.8000
v 65.2500 21.0500 7.8000
v 63.0000 16.3500 6.0000
v 64.5000 16.3500 6.0000
v 64.5000 18.1500 6.0000
v 63.0000 18.1500 6.0000
v 63.0000 16.3500 7.6000
v 64.5000 16.3500 7.6000
v 64.5000 18.1500 7.6000
v 63.0000 18.1500 7.6000
v 43.7500 16.3500 6.0000
v 54.7500 16.3500 6.0000
v 54.7500 18.1500 6.0000
v 43.7500 18.1500 6.0000
v 43.7500 16.3500 8.4000
v 54.7500 16.3500 8.4000
v 54.7500 18.1500 8.4000
v 43.7500 18.1500 8.4000
v 34.0000 16.3500 6.0000
v 39.5000 16.3500 6.0000
v 39.5000 18.1500 6.0000
v 34.0000 18.1500 6.0000
v 34.0000 16.3500 8.4000
v 39.5000 16.3500 8.4000
v 39.5000 18.1500 8.4000
v 34.0000 18.1500 8.4000
v 31.5000 16.3500 6.0000
v 33.0000 16.3500 6.0000
v 33.0000 18.1500 6.0000
v 31.5000 18.1500 6.0000
v 31.5000 16.3500 7.6000
v 33.0000 16.3500 7.6000
v 33.0000 18.1500 7.6000
v 31.5000 18.1500 7.6000
v 46.2500 18.2500 6.0000
v 47.2500 18.2500 6.0000
v 47.2500 19.2500 6.0000
v 46.2500 19.2500 6.0000
v 46.2500 18.2500 7.2000
v 47.2500 18.2500 7.2000
v 47.2500 19.2500 7.2000
v 46.2500 19.2500 7.2000
v 55.7500 18.2500 6.0000
v 56.7500 18.2500 6.0000
v 56.7500 19.2500 6.0000
v 55.7500 19.2500 6.0000
v 55.7500 18.2500 7.2000
v 56.7500 18.2500 7.2000
v 56.7500 19.2500 7.2000
v 55.7500 19.2500 7.2000
v 60.7500 19.2500 6.0000
v 62.7500 19.2500 6.0000
v 62.7500 20.2500 6.0000
v 60.7500 20.2500 6.0000
v 60.7500 19.2500 7.2000
v 62.7500 19.2500 7.2000
v 62.7500 20.2500 7.2000
v 60.7500 20.2500 7.2000
v 24.0000 20.5000 6.0000
v 25.5000 20.5000 6.0000
v 25.5000 23.0000 6.0000
v 24.0000 23.0000 6.0000
v 24.0000 20.5000 8.2000
v 25.5000 20.5000 8.2000
v 25.5000 23.0000 8.2000
v 24.0000 23.0000 8.2000
v 27.5000 20.5000 6.0000
v 29.0000 20.5000 6.0000
v 29.0000 23.0000 6.0000
v 27.5000 23.0000 6.0000
v 27.5000 20.5000 8.2000
v 29.0000 20.5000 8.2000
v 29.0000 23.0000 8.2000
v 27.5000 23.0000 8.2000
v 35.5275 18.7450 6.0000
v 39.4725 18.7450 6.0000
v 39.4725 23.7550 6.0000
v 35.5275 23.7550 6.0000
v 35.5275 18.7450 6.0600
v 39.4725 18.7450 6.0600
v 39.4725 23.7550 6.0600
v 35.5275 23.7550 6.0600
v 36.3800 19.5450 6.0000
v 38.1200 19.5450 6.0000
v 38.1200 22.9550 6.0000
v 36.3800 22.9550 6.0000
v 36.3800 19.5450 8.6000
v 38.1200 19.5450 8.6000
v 38.1200 22.9550 8.6000
v 36.3800 22.9550 8.6000
v 40.3500 22.5000 6.0000
v 41.1500 22.5000 6.0000
v 41.1500 23.0000 6.0000
v 40.3500 23.0000 6.0000
v 40.3500 22.5000 7.2000
v 41.1500 22.5000 7.2000
v 41.1500 23.0000 7.2000
v 40.3500 23.0000 7.2000
v 40.3500 21.4500 6.0000
v 41.1500 21.4500 6.0000
v 41.1500 22.0500 6.0000
v 40.3500 22.0500 6.0000
v 40.3500 21.4500 7.2000
v 41.1500 21.4500 7.2000
v 41.1500 22.0500 7.2000
v 40.3500 22.0500 7.2000
v 41.5000 22.7500 6.0000
v 44.0000 22.7500 6.0000
v 44.0000 23.7500 6.0000
v 41.5000 23.7500 6.0000
v 41.5000 22.7500 7.2000
v 44.0000 22.7500 7.2000
v 44.0000 23.7500 7.2000
v 41.5000 23.7500 7.2000
v 45.0000 22.7500 6.0000
v 47.5000 22.7500 6.0000
v 47.5000 23.7500 6.0000
v 45.0000 23.7500 6.0000
v 45.0000 22.7500 7.2000
v 47.5000 22.7500 7.2000
v 47.5000 23.7500 7.2000
v 45.0000 23.7500 7.2000
v 14.7500 24.7500 6.0000
v 15.7500 24.7500 6.0000
v 15.7500 28.7500 6.0000
v 14.7500 28.7500 6.0000
v 14.7500 24.7500 7.2000
v 15.7500 24.7500 7.2000
v 15.7500 28.7500 7.2000
v 14.7500 28.7500 7.2000
v 14.7500 24.2500 6.0000
v 15.7500 24.2500 6.0000
v 15.7500 25.2500 6.0000
v 14.7500 25.2500 6.0000
v 14.7500 24.2500 7.2000
v 15.7500 24.2500 7.2000
v 15.7500 25.2500 7.2000
v 14.7500 25.2500 7.2000
v 14.7500 21.2500 6.0000
v 15.7500 21.2500 6.0000
v 15.7500 23.2500 6.0000
v 14.7500 23.2500 6.0000
v 14.7500 21.2500 7.2000
v 15.7500 21.2500 7.2000
v 15.7500 23.2500 7.2000
v 14.7500 23.2500 7.2000
v 14.5000 18.5000 6.0000
v 16.0000 18.5000 6.0000
v 16.0000 20.0000 6.0000
v 14.5000 20.0000 6.0000
v 14.5000 18.5000 7.2000
v 16.0000 18.5000 7.2000
v 16.0000 20.0000 7.2000
v 14.5000 20.0000 7.2000
v 20.2500 18.2500 6.0000
v 21.2500 18.2500 6.0000
v 21.2500 19.2500 6.0000
v 20.2500 19.2500 6.0000
v 20.2500 18.2500 7.2000
v 21.2500 18.2500 7.2000
v 21.2500 19.2500 7.2000
v 20.2500 19.2500 7.2000
v 29.0000 17.7500 6.0000
v 31.5000 17.7500 6.0000
v 31.5000 18.7500 6.0000
v 29.0000 18.7500 6.0000
v 29.0000 17.7500 7.2000
v 31.5000 17.7500 7.2000
v 31.5000 18.7500 7.2000
v 29.0000 18.7500 7.2000
v 22.2500 17.7500 6.0000
v 23.2500 17.7500 6.0000
v 23.2500 18.7500 6.0000
v 22.2500 18.7500 6.0000
v 22.2500 17.7500 7.2000
v 23.2500 17.7500 7.2000
v 23.2500 18.7500 7.2000
v 22.2500 18.7500 7.2000
v 51.0000 16.5000 6.0000
v 52.5000 16.5000 6.0000
v 52.5000 18.0000 6.0000
v 51.0000 18.0000 6.0000
v 51.0000 16.5000 8.5000
v 52.5000 16.5000 8.5000
v 52.5000 18.0000 8.5000
v 51.0000 18.0000 8.5000
v 54.0000 16.5000 6.0000
v 55.5000 16.5000 6.0000
v 55.5000 18.0000 6.0000
v 54.0000 18.0000 6.0000
v 54.0000 16.5000 8.5000
v 55.5000 16.5000 8.5000
v 55.5000 18.0000 8.5000
v 54.0000 18.0000 8.5000
v 55.7500 16.5000 6.0000
v 58.7500 16.5000 6.0000
v 58.7500 18.0000 6.0000
v 55.7500 18.0000 6.0000
v 55.7500 16.5000 6.0600
v 58.7500 16.5000 6.0600
v 58.7500 18.0000 6.0600
v 55.7500 18.0000 6.0600
v 58.5000 16.2500 6.0000
v 59.5000 16.2500 6.0000
v 59.5000 18.2500 6.0000
v 58.5000 18.2500 6.0000
v 58.5000 16.2500 7.2000
v 59.5000 16.2500 7.2000
v 59.5000 18.2500 7.2000
v 58.5000 18.2500 7.2000
v 49.0000 16.5000 6.0000
v 51.5000 16.5000 6.0000
v 51.5000 18.0000 6.0000
v 49.0000 18.0000 6.0000
v 49.0000 16.5000 6.0600
v 51.5000 16.5000 6.0600
v 51.5000 18.0000 6.0600
v 49.0000 18.0000 6.0600
v 52.2500 16.5000 6.0000
v 53.2500 16.5000 6.0000
v 53.2500 18.0000 6.0000
v 52.2500 18.0000 6.0000
v 52.2500 16.5000 7.2000
v 53.2500 16.5000 7.2000
v 53.2500 18.0000 7.2000
v 52.2500 18.0000 7.2000
v 58.0000 13.5000 6.0000
v 59.5000 13.5000 6.0000
v 59.5000 15.0000 6.0000
v 58.0000 15.0000 6.0000
v 58.0000 13.5000 7.2000
v 59.5000 13.5000 7.2000
v 59.5000 15.0000 7.2000
v 58.0000 15.0000 7.2000
v 57.2500 14.7500 6.0000
v 58.2500 14.7500 6.0000
v 58.2500 15.7500 6.0000
v 57.2500 15.7500 6.0000
v 57.2500 14.7500 7.2000
v 58.2500 14.7500 7.2000
v 58.2500 15.7500 7.2000
v 57.2500 15.7500 7.2000
v 57.2500 12.7500 6.0000
v 58.2500 12.7500 6.0000
v 58.2500 13.7500 6.0000
v 57.2500 13.7500 6.0000
v 57.2500 12.7500 7.2000
v 58.2500 12.7500 7.2000
v 58.2500 13.7500 7.2000
v 57.2500 13.7500 7.2000
v 52.8500 5.0000 6.0000
v 54.6500 5.0000 6.0000
v 54.6500 16.5000 6.0000
v 52.8500 16.5000 6.0000
v 52.8500 5.0000 8.4000
v 54.6500 5.0000 8.4000
v 54.6500 16.5000 8.4000
v 52.8500 16.5000 8.4000
v 52.8500 3.0000 6.0000
v 54.6500 3.0000 6.0000
v 54.6500 4.5000 6.0000
v 52.8500 4.5000 6.0000
v 52.8500 3.0000 7.6000
v 54.6500 3.0000 7.6000
v 54.6500 4.5000 7.6000
v 52.8500 4.5000 7.6000
v 58.4500 4.7500 6.0000
v 60.0500 4.7500 6.0000
v 60.0500 15.7500 6.0000
v 58.4500 15.7500 6.0000
v 58.4500 4.7500 8.5000
v 60.0500 4.7500 8.5000
v 60.0500 15.7500 8.5000
v 58.4500 15.7500 8.5000
v 58.5000 2.9500 6.0000
v 60.0000 2.9500 6.0000
v 60.0000 4.5500 6.0000
v 58.5000 4.5500 6.0000
v 58.5000 2.9500 7.6000
v 60.0000 2.9500 7.6000
v 60.0000 4.5500 7.6000
v 58.5000 4.5500 7.6000
v 48.2500 10.2500 6.0000
v 49.2500 10.2500 6.0000
v 49.2500 14.2500 6.0000
v 48.2500 14.2500 6.0000
v 48.2500 10.2500 7.2000
v 49.2500 10.2500 7.2000
v 49.2500 14.2500 7.2000
v 48.2500 14.2500 7.2000
v 48.5000 7.7500 6.0000
v 50.0000 7.7500 6.0000
v 50.0000 9.7500 6.0000
v 48.5000 9.7500 6.0000
v 48.5000 7.7500 7.8000
v 50.0000 7.7500 7.8000
v 50.0000 9.7500 7.8000
v 48.5000 9.7500 7.8000
v 50.7500 2.7500 6.0000
v 52.7500 2.7500 6.0000
v 52.7500 5.7500 6.0000
v 50.7500 5.7500 6.0000
v 50.7500 2.7500 8.4000
v 52.7500 2.7500 8.4000
v 52.7500 5.7500 8.4000
v 50.7500 5.7500 8.4000
v 53.7500 2.7500 6.0000
v 55.7500 2.7500 6.0000
v 55.7500 5.7500 6.0000
v 53.7500 5.7500 6.0000
v 53.7500 2.7500 8.4000
v 55.7500 2.7500 8.4000
v 55.7500 5.7500 8.4000
v 53.7500 5.7500 8.4000
v 57.0000 3.0000 6.0000
v 58.5000 3.0000 6.0000
v 58.5000 5.5000 6.0000
v 57.0000 5.5000 6.0000
v 57.0000 3.0000 8.2000
v 58.5000 3.0000 8.2000
v 58.5000 5.5000 8.2000
v 57.0000 5.5000 8.2000
v 60.0000 3.0000 6.0000
v 61.5000 3.0000 6.0000
v 61.5000 5.5000 6.0000
v 60.0000 5.5000 6.0000
v 60.0000 3.0000 8.2000
v 61.5000 3.0000 8.2000
v 61.5000 5.5000 8.2000
v 60.0000 5.5000 8.2000
v 62.5000 2.5000 6.0000
v 64.0000 2.5000 6.0000
v 64.0000 4.0000 6.0000
v 62.5000 4.0000 6.0000
v 62.5000 2.5000 8.5000
v 64.0000 2.5000 8.5000
v 64.0000 4.0000 8.5000
v 62.5000 4.0000 8.5000
v 48.2500 2.7500 6.0000
v 49.2500 2.7500 6.0000
v 49.2500 3.7500 6.0000
v 48.2500 3.7500 6.0000
v 48.2500 2.7500 7.2000
v 49.2500 2.7500 7.2000
v 49.2500 3.7500 7.2000
v 48.2500 3.7500 7.2000
v 64.2500 10.7500 6.0000
v 65.2500 10.7500 6.0000
v 65.2500 11.7500 6.0000
v 64.2500 11.7500 6.0000
v 64.2500 10.7500 7.2000
v 65.2500 10.7500 7.2000
v 65.2500 11.7500 7.2000
v 64.2500 11.7500 7.2000
v 64.2500 5.7500 6.0000
v 65.2500 5.7500 6.0000
v 65.2500 9.7500 6.0000
v 64.2500 9.7500 6.0000
v 64.2500 5.7500 7.2000
v 65.2500 5.7500 7.2000
v 65.2500 9.7500 7.2000
v 64.2500 9.7500 7.2000
v 37.0000 15.2500 6.0000
v 40.5000 15.2500 6.0000
v 40.5000 16.2500 6.0000
v 37.0000 16.2500 6.0000
v 37.0000 15.2500 7.2000
v 40.5000 15.2500 7.2000
v 40.5000 16.2500 7.2000
v 37.0000 16.2500 7.2000
v 22.0000 44.9000 0.0000
v 32.5000 44.9000 0.0000
v 32.5000 45.1000 0.0000
v 22.0000 45.1000 0.0000
v 22.0000 44.9000 6.0000
v 32.5000 44.9000 6.0000
v 32.5000 45.1000 6.0000
v 22.0000 45.1000 6.0000
v 32.5000 44.9000 4.5000
v 37.5000 44.9000 4.5000
v 37.5000 45.1000 4.5000
v 32.5000 45.1000 4.5000
v 32.5000 44.9000 6.0000
v 37.5000 44.9000 6.0000
v 37.5000 45.1000 6.0000
v 32.5000 45.1000 6.0000
v 37.5000 44.9000 0.0000
v 48.5000 44.9000 0.0000
v 48.5000 45.1000 0.0000
v 37.5000 45.1000 0.0000
v 37.5000 44.9000 6.0000
v 48.5000 44.9000 6.0000
v 48.5000 45.1000 6.0000
v 37.5000 45.1000 6.0000
v 48.5000 44.9000 4.5000
v 53.5000 44.9000 4.5000
v 53.5000 45.1000 4.5000
v 48.5000 45.1000 4.5000
v 48.5000 44.9000 6.0000
v 53.5000 44.9000 6.0000
v 53.5000 45.1000 6.0000
v 48.5000 45.1000 6.0000
v 53.5000 44.9000 0.0000
v 64.0000 44.9000 0.0000
v 64.0000 45.1000 0.0000
v 53.5000 45.1000 0.0000
v 53.5000 44.9000 6.0000
v 64.0000 44.9000 6.0000
v 64.0000 45.1000 6.0000
v 53.5000 45.1000 6.0000
v 22.0000 61.9000 0.0000
v 64.0000 61.9000 0.0000
v 64.0000 62.1000 0.0000
v 22.0000 62.1000 0.0000
v 22.0000 61.9000 6.0000
v 64.0000 61.9000 6.0000
v 64.0000 62.1000 6.0000
v 22.0000 62.1000 6.0000
v 21.9000 45.0000 0.0000
v 22.1000 45.0000 0.0000
v 22.1000 51.2500 0.0000
v 21.9000 51.2500 0.0000
v 21.9000 45.0000 6.0000
v 22.1000 45.0000 6.0000
v 22.1000 51.2500 6.0000
v 21.9000 51.2500 6.0000
v 21.9000 51.2500 4.0000
v 22.1000 51.2500 4.0000
v 22.1000 54.7500 4.0000
v 21.9000 54.7500 4.0000
v 21.9000 51.2500 6.0000
v 22.1000 51.2500 6.0000
v 22.1000 54.7500 6.0000
v 21.9000 54.7500 6.0000
v 21.9000 54.7500 0.0000
v 22.1000 54.7500 0.0000
v 22.1000 62.0000 0.0000
v 21.9000 62.0000 0.0000
v 21.9000 54.7500 6.0000
v 22.1000 54.7500 6.0000
v 22.1000 62.0000 6.0000
v 21.9000 62.0000 6.0000
v 63.9000 45.0000 0.0000
v 64.1000 45.0000 0.0000
v 64.1000 62.0000 0.0000
v 63.9000 62.0000 0.0000
v 63.9000 45.0000 6.0000
v 64.1000 45.0000 6.0000
v 64.1000 62.0000 6.0000
v 63.9000 62.0000 6.0000
v 27.9250 45.0000 0.0000
v 28.0750 45.0000 0.0000
v 28.0750 53.0000 0.0000
v 27.9250 53.0000 0.0000
v 27.9250 45.0000 3.0000
v 28.0750 45.0000 3.0000
v 28.0750 53.0000 3.0000
v 27.9250 53.0000 3.0000
v 22.0000 52.9250 0.0000
v 28.0000 52.9250 0.0000
v 28.0000 53.0750 0.0000
v 22.0000 53.0750 0.0000
v 22.0000 52.9250 3.0000
v 28.0000 52.9250 3.0000
v 28.0000 53.0750 3.0000
v 22.0000 53.0750 3.0000
v 21.8500 44.8500 0.0000
v 22.1500 44.8500 0.0000
v 22.1500 45.1500 0.0000
v 21.8500 45.1500 0.0000
v 21.8500 44.8500 6.0000
v 22.1500 44.8500 6.0000
v 22.1500 45.1500 6.0000
v 21.8500 45.1500 6.0000
v 21.8500 53.3500 0.0000
v 22.1500 53.3500 0.0000
v 22.1500 53.6500 0.0000
v 21.8500 53.6500 0.0000
v 21.8500 53.3500 6.0000
v 22.1500 53.3500 6.0000
v 22.1500 53.6500 6.0000
v 21.8500 53.6500 6.0000
v 21.8500 61.8500 0.0000
v 22.1500 61.8500 0.0000
v 22.1500 62.1500 0.0000
v 21.8500 62.1500 0.0000
v 21.8500 61.8500 6.0000
v 22.1500 61.8500 6.0000
v 22.1500 62.1500 6.0000
v 21.8500 62.1500 6.0000
v 28.8500 44.8500 0.0000
v 29.1500 44.8500 0.0000
v 29.1500 45.1500 0.0000
v 28.8500 45.1500 0.0000
v 28.8500 44.8500 6.0000
v 29.1500 44.8500 6.0000
v 29.1500 45.1500 6.0000
v 28.8500 45.1500 6.0000
v 28.8500 53.3500 0.0000
v 29.1500 53.3500 0.0000
v 29.1500 53.6500 0.0000
v 28.8500 53.6500 0.0000
v 28.8500 53.3500 6.0000
v 29.1500 53.3500 6.0000
v 29.1500 53.6500 6.0000
v 28.8500 53.6500 6.0000
v 28.8500 61.8500 0.0000
v 29.1500 61.8500 0.0000
v 29.1500 62.1500 0.0000
v 28.8500 62.1500 0.0000
v 28.8500 61.8500 6.0000
v 29.1500 61.8500 6.0000
v 29.1500 62.1500 6.0000
v 28.8500 62.1500 6.0000
v 35.8500 44.8500 0.0000
v 36.1500 44.8500 0.0000
v 36.1500 45.1500 0.0000
v 35.8500 45.1500 0.0000
v 35.8500 44.8500 6.0000
v 36.1500 44.8500 6.0000
v 36.1500 45.1500 6.0000
v 35.8500 45.1500 6.0000
v 35.8500 53.3500 0.0000
v 36.1500 53.3500 0.0000
v 36.1500 53.6500 0.0000
v 35.8500 53.6500 0.0000
v 35.8500 53.3500 6.0000
v 36.1500 53.3500 6.0000
v 36.1500 53.6500 6.0000
v 35.8500 53.6500 6.0000
v 35.8500 61.8500 0.0000
v 36.1500 61.8500 0.0000
v 36.1500 62.1500 0.0000
v 35.8500 62.1500 0.0000
v 35.8500 61.8500 6.0000
v 36.1500 61.8500 6.0000
v 36.1500 62.1500 6.0000
v 35.8500 62.1500 6.0000
v 42.8500 44.8500 0.0000
v 43.1500 44.8500 0.0000
v 43.1500 45.1500 0.0000
v 42.8500 45.1500 0.0000
v 42.8500 44.8500 6.0000
v 43.1500 44.8500 6.0000
v 43.1500 45.1500 6.0000
v 42.8500 45.1500 6.0000
v 42.8500 53.3500 0.0000
v 43.1500 53.3500 0.0000
v 43.1500 53.6500 0.0000
v 42.8500 53.6500 0.0000
v 42.8500 53.3500 6.0000
v 43.1500 53.3500 6.0000
v 43.1500 53.6500 6.0000
v 42.8500 53.6500 6.0000
v 42.8500 61.8500 0.0000
v 43.1500 61.8500 0.0000
v 43.1500 62.1500 0.0000
v 42.8500 62.1500 0.0000
v 42.8500 61.8500 6.0000
v 43.1500 61.8500 6.0000
v 43.1500 62.1500 6.0000
v 42.8500 62.1500 6.0000
v 49.8500 44.8500 0.0000
v 50.1500 44.8500 0.0000
v 50.1500 45.1500 0.0000
v 49.8500 45.1500 0.0000
v 49.8500 44.8500 6.0000
v 50.1500 44.8500 6.0000
v 50.1500 45.1500 6.0000
v 49.8500 45.1500 6.0000
v 49.8500 53.3500 0.0000
v 50.1500 53.3500 0.0000
v 50.1500 53.6500 0.0000
v 49.8500 53.6500 0.0000
v 49.8500 53.3500 6.0000
v 50.1500 53.3500 6.0000
v 50.1500 53.6500 6.0000
v 49.8500 53.6500 6.0000
v 49.8500 61.8500 0.0000
v 50.1500 61.8500 0.0000
v 50.1500 62.1500 0.0000
v 49.8500 62.1500 0.0000
v 49.8500 61.8500 6.0000
v 50.1500 61.8500 6.0000
v 50.1500 62.1500 6.0000
v 49.8500 62.1500 6.0000
v 56.8500 44.8500 0.0000
v 57.1500 44.8500 0.0000
v 57.1500 45.1500 0.0000
v 56.8500 45.1500 0.0000
v 56.8500 44.8500 6.0000
v 57.1500 44.8500 6.0000
v 57.1500 45.1500 6.0000
v 56.8500 45.1500 6.0000
v 56.8500 53.3500 0.0000
v 57.1500 53.3500 0.0000
v 57.1500 53.6500 0.0000
v 56.8500 53.6500 0.0000
v 56.8500 53.3500 6.0000
v 57.1500 53.3500 6.0000
v 57.1500 53.6500 6.0000
v 56.8500 53.6500 6.0000
v 56.8500 61.8500 0.0000
v 57.1500 61.8500 0.0000
v 57.1500 62.1500 0.0000
v 56.8500 62.1500 0.0000
v 56.8500 61.8500 6.0000
v 57.1500 61.8500 6.0000
v 57.1500 62.1500 6.0000
v 56.8500 62.1500 6.0000
v 63.8500 44.8500 0.0000
v 64.1500 44.8500 0.0000
v 64.1500 45.1500 0.0000
v 63.8500 45.1500 0.0000
v 63.8500 44.8500 6.0000
v 64.1500 44.8500 6.0000
v 64.1500 45.1500 6.0000
v 63.8500 45.1500 6.0000
v 63.8500 53.3500 0.0000
v 64.1500 53.3500 0.0000
v 64.1500 53.6500 0.0000
v 63.8500 53.6500 0.0000
v 63.8500 53.3500 6.0000
v 64.1500 53.3500 6.0000
v 64.1500 53.6500 6.0000
v 63.8500 53.6500 6.0000
v 63.8500 61.8500 0.0000
v 64.1500 61.8500 0.0000
v 64.1500 62.1500 0.0000
v 63.8500 62.1500 0.0000
v 63.8500 61.8500 6.0000
v 64.1500 61.8500 6.0000
v 64.1500 62.1500 6.0000
v 63.8500 62.1500 6.0000
v 21.6000 53.5000 7.5000
v 64.4000 53.5000 7.5000
v 21.6000 62.4000 6.0000
v 64.4000 62.4000 6.0000
v 21.6000 44.6000 6.0000
v 64.4000 44.6000 6.0000
v 22.0000 45.0000 6.0000
v 22.0000 62.0000 6.0000
v 22.0000 53.5000 7.5000
v 64.0000 45.0000 6.0000
v 64.0000 62.0000 6.0000
v 64.0000 53.5000 7.5000
v 21.9400 61.9739 5.8523
v 21.9400 53.4739 7.3523
v 22.0600 53.4739 7.3523
v 22.0600 61.9739 5.8523
v 21.9400 62.0261 6.1477
v 21.9400 53.5261 7.6477
v 22.0600 53.5261 7.6477
v 22.0600 62.0261 6.1477
v 22.0600 45.0261 5.8523
v 22.0600 53.5261 7.3523
v 21.9400 53.5261 7.3523
v 21.9400 45.0261 5.8523
v 22.0600 44.9739 6.1477
v 22.0600 53.4739 7.6477
v 21.9400 53.4739 7.6477
v 21.9400 44.9739 6.1477
v 28.9400 61.9739 5.8523
v 28.9400 53.4739 7.3523
v 29.0600 53.4739 7.3523
v 29.0600 61.9739 5.8523
v 28.9400 62.0261 6.1477
v 28.9400 53.5261 7.6477
v 29.0600 53.5261 7.6477
v 29.0600 62.0261 6.1477
v 29.0600 45.0261 5.8523
v 29.0600 53.5261 7.3523
v 28.9400 53.5261 7.3523
v 28.9400 45.0261 5.8523
v 29.0600 44.9739 6.1477
v 29.0600 53.4739 7.6477
v 28.9400 53.4739 7.6477
v 28.9400 44.9739 6.1477
v 35.9400 61.9739 5.8523
v 35.9400 53.4739 7.3523
v 36.0600 53.4739 7.3523
v 36.0600 61.9739 5.8523
v 35.9400 62.0261 6.1477
v 35.9400 53.5261 7.6477
v 36.0600 53.5261 7.6477
v 36.0600 62.0261 6.1477
v 36.0600 45.0261 5.8523
v 36.0600 53.5261 7.3523
v 35.9400 53.5261 7.3523
v 35.9400 45.0261 5.8523
v 36.0600 44.9739 6.1477
v 36.0600 53.4739 7.6477
v 35.9400 53.4739 7.6477
v 35.9400 44.9739 6.1477
v 42.9400 61.9739 5.8523
v 42.9400 53.4739 7.3523
v 43.0600 53.4739 7.3523
v 43.0600 61.9739 5.8523
v 42.9400 62.0261 6.1477
v 42.9400 53.5261 7.6477
v 43.0600 53.5261 7.6477
v 43.0600 62.0261 6.1477
v 43.0600 45.0261 5.8523
v 43.0600 53.5261 7.3523
v 42.9400 53.5261 7.3523
v 42.9400 45.0261 5.8523
v 43.0600 44.9739 6.1477
v 43.0600 53.4739 7.6477
v 42.9400 53.4739 7.6477
v 42.9400 44.9739 6.1477
v 49.9400 61.9739 5.8523
v 49.9400 53.4739 7.3523
v 50.0600 53.4739 7.3523
v 50.0600 61.9739 5.8523
v 49.9400 62.0261 6.1477
v 49.9400 53.5261 7.6477
v 50.0600 53.5261 7.6477
v 50.0600 62.0261 6.1477
v 50.0600 45.0261 5.8523
v 50.0600 53.5261 7.3523
v 49.9400 53.5261 7.3523
v 49.9400 45.0261 5.8523
v 50.0600 44.9739 6.1477
v 50.0600 53.4739 7.6477
v 49.9400 53.4739 7.6477
v 49.9400 44.9739 6.1477
v 56.9400 61.9739 5.8523
v 56.9400 53.4739 7.3523
v 57.0600 53.4739 7.3523
v 57.0600 61.9739 5.8523
v 56.9400 62.0261 6.1477
v 56.9400 53.5261 7.6477
v 57.0600 53.5261 7.6477
v 57.0600 62.0261 6.1477
v 57.0600 45.0261 5.8523
v 57.0600 53.5261 7.3523
v 56.9400 53.5261 7.3523
v 56.9400 45.0261 5.8523
v 57.0600 44.9739 6.1477
v 57.0600 53.4739 7.6477
v 56.9400 53.4739 7.6477
v 56.9400 44.9739 6.1477
v 63.9400 61.9739 5.8523
v 63.9400 53.4739 7.3523
v 64.0600 53.4739 7.3523
v 64.0600 61.9739 5.8523
v 63.9400 62.0261 6.1477
v 63.9400 53.5261 7.6477
v 64.0600 53.5261 7.6477
v 64.0600 62.0261 6.1477
v 64.0600 45.0261 5.8523
v 64.0600 53.5261 7.3523
v 63.9400 53.5261 7.3523
v 63.9400 45.0261 5.8523
v 64.0600 44.9739 6.1477
v 64.0600 53.4739 7.6477
v 63.9400 53.4739 7.6477
v 63.9400 44.9739 6.1477
v 22.0000 53.4000 7.3500
v 64.0000 53.4000 7.3500
v 64.0000 53.6000 7.3500
v 22.0000 53.6000 7.3500
v 22.0000 53.4000 7.6500
v 64.0000 53.4000 7.6500
v 64.0000 53.6000 7.6500
v 22.0000 53.6000 7.6500
v 22.0000 61.9100 5.8500
v 64.0000 61.9100 5.8500
v 64.0000 62.0900 5.8500
v 22.0000 62.0900 5.8500
v 22.0000 61.9100 6.1500
v 64.0000 61.9100 6.1500
v 64.0000 62.0900 6.1500
v 22.0000 62.0900 6.1500
v 22.0000 44.9100 5.8500
v 64.0000 44.9100 5.8500
v 64.0000 45.0900 5.8500
v 22.0000 45.0900 5.8500
v 22.0000 44.9100 6.1500
v 64.0000 44.9100 6.1500
v 64.0000 45.0900 6.1500
v 22.0000 45.0900 6.1500
v 22.0000 57.6900 6.6700
v 64.0000 57.6900 6.6700
v 64.0000 57.8100 6.6700
v 22.0000 57.8100 6.6700
v 22.0000 57.6900 6.8300
v 64.0000 57.6900 6.8300
v 64.0000 57.8100 6.8300
v 22.0000 57.8100 6.8300
v 22.0000 49.1900 6.6700
v 64.0000 49.1900 6.6700
v 64.0000 49.3100 6.6700
v 22.0000 49.3100 6.6700
v 22.0000 49.1900 6.8300
v 64.0000 49.1900 6.8300
v 64.0000 49.3100 6.8300
v 22.0000 49.3100 6.8300
v 4.0000 44.9100 0.0000
v 10.7500 44.9100 0.0000
v 10.7500 45.0900 0.0000
v 4.0000 45.0900 0.0000
v 4.0000 44.9100 3.3000
v 10.7500 44.9100 3.3000
v 10.7500 45.0900 3.3000
v 4.0000 45.0900 3.3000
v 10.7500 44.9100 2.4000
v 12.2500 44.9100 2.4000
v 12.2500 45.0900 2.4000
v 10.7500 45.0900 2.4000
v 10.7500 44.9100 3.3000
v 12.2500 44.9100 3.3000
v 12.2500 45.0900 3.3000
v 10.7500 45.0900 3.3000
v 12.2500 44.9100 0.0000
v 14.0000 44.9100 0.0000
v 14.0000 45.0900 0.0000
v 12.2500 45.0900 0.0000
v 12.2500 44.9100 3.3000
v 14.0000 44.9100 3.3000
v 14.0000 45.0900 3.3000
v 12.2500 45.0900 3.3000
v 4.0000 61.9100 0.0000
v 14.0000 61.9100 0.0000
v 14.0000 62.0900 0.0000
v 4.0000 62.0900 0.0000
v 4.0000 61.9100 3.3000
v 14.0000 61.9100 3.3000
v 14.0000 62.0900 3.3000
v 4.0000 62.0900 3.3000
v 3.9100 45.0000 0.0000
v 4.0900 45.0000 0.0000
v 4.0900 62.0000 0.0000
v 3.9100 62.0000 0.0000
v 3.9100 45.0000 3.3000
v 4.0900 45.0000 3.3000
v 4.0900 62.0000 3.3000
v 3.9100 62.0000 3.3000
v 13.9100 45.0000 0.0000
v 14.0900 45.0000 0.0000
v 14.0900 62.0000 0.0000
v 13.9100 62.0000 0.0000
v 13.9100 45.0000 3.3000
v 14.0900 45.0000 3.3000
v 14.0900 62.0000 3.3000
v 13.9100 62.0000 3.3000
v 4.0000 45.0000 -0.0750
v 14.0000 45.0000 -0.0750
v 14.0000 62.0000 -0.0750
v 4.0000 62.0000 -0.0750
v 4.0000 45.0000 0.0750
v 14.0000 45.0000 0.0750
v 14.0000 62.0000 0.0750
v 4.0000 62.0000 0.0750
v 4.0000 44.9100 0.0000
v 7.0000 44.9100 0.0000
v 7.0000 45.0900 0.0000
v 4.0000 45.0900 0.0000
v 4.0000 44.9100 3.3000
v 7.0000 44.9100 3.3000
v 7.0000 45.0900 3.3000
v 4.0000 45.0900 3.3000
v 4.0000 48.9100 0.0000
v 7.0000 48.9100 0.0000
v 7.0000 49.0900 0.0000
v 4.0000 49.0900 0.0000
v 4.0000 48.9100 3.3000
v 7.0000 48.9100 3.3000
v 7.0000 49.0900 3.3000
v 4.0000 49.0900 3.3000
v 3.9100 45.0000 0.0000
v 4.0900 45.0000 0.0000
v 4.0900 49.0000 0.0000
v 3.9100 49.0000 0.0000
v 3.9100 45.0000 3.3000
v 4.0900 45.0000 3.3000
v 4.0900 49.0000 3.3000
v 3.9100 49.0000 3.3000
v 6.9100 45.0000 0.0000
v 7.0900 45.0000 0.0000
v 7.0900 46.5000 0.0000
v 6.9100 46.5000 0.0000
v 6.9100 45.0000 3.3000
v 7.0900 45.0000 3.3000
v 7.0900 46.5000 3.3000
v 6.9100 46.5000 3.3000
v 6.9100 46.5000 2.1000
v 7.0900 46.5000 2.1000
v 7.0900 47.5000 2.1000
v 6.9100 47.5000 2.1000
v 6.9100 46.5000 3.3000
v 7.0900 46.5000 3.3000
v 7.0900 47.5000 3.3000
v 6.9100 47.5000 3.3000
v 6.9100 47.5000 0.0000
v 7.0900 47.5000 0.0000
v 7.0900 49.0000 0.0000
v 6.9100 49.0000 0.0000
v 6.9100 47.5000 3.3000
v 7.0900 47.5000 3.3000
v 7.0900 49.0000 3.3000
v 6.9100 49.0000 3.3000
v 4.0000 56.9250 0.0000
v 14.0000 56.9250 0.0000
v 14.0000 57.0750 0.0000
v 4.0000 57.0750 0.0000
v 4.0000 56.9250 3.3000
v 14.0000 56.9250 3.3000
v 14.0000 57.0750 3.3000
v 4.0000 57.0750 3.3000
v 8.3000 56.9100 2.1000
v 9.7000 56.9100 2.1000
v 9.7000 57.0900 2.1000
v 8.3000 57.0900 2.1000
v 8.3000 56.9100 2.9000
v 9.7000 56.9100 2.9000
v 9.7000 57.0900 2.9000
v 8.3000 57.0900 2.9000
v 4.0000 46.9400 2.9300
v 14.0000 46.9400 2.9300
v 14.0000 47.0600 2.9300
v 4.0000 47.0600 2.9300
v 4.0000 46.9400 3.2300
v 14.0000 46.9400 3.2300
v 14.0000 47.0600 3.2300
v 4.0000 47.0600 3.2300
v 4.0000 50.9400 2.9300
v 14.0000 50.9400 2.9300
v 14.0000 51.0600 2.9300
v 4.0000 51.0600 2.9300
v 4.0000 50.9400 3.2300
v 14.0000 50.9400 3.2300
v 14.0000 51.0600 3.2300
v 4.0000 51.0600 3.2300
v 4.0000 54.9400 2.9300
v 14.0000 54.9400 2.9300
v 14.0000 55.0600 2.9300
v 4.0000 55.0600 2.9300
v 4.0000 54.9400 3.2300
v 14.0000 54.9400 3.2300
v 14.0000 55.0600 3.2300
v 4.0000 55.0600 3.2300
v 4.0000 58.9400 2.9300
v 14.0000 58.9400 2.9300
v 14.0000 59.0600 2.9300
v 4.0000 59.0600 2.9300
v 4.0000 58.9400 3.2300
v 14.0000 58.9400 3.2300
v 14.0000 59.0600 3.2300
v 4.0000 59.0600 3.2300
v 4.0000 44.9100 3.3000
v 6.0000 44.9100 3.3000
v 6.0000 45.0900 3.3000
v 4.0000 45.0900 3.3000
v 4.0000 44.9100 6.6000
v 6.0000 44.9100 6.6000
v 6.0000 45.0900 6.6000
v 4.0000 45.0900 6.6000
v 6.0000 44.9100 3.3000
v 12.0000 44.9100 3.3000
v 12.0000 45.0900 3.3000
v 6.0000 45.0900 3.3000
v 6.0000 44.9100 4.3000
v 12.0000 44.9100 4.3000
v 12.0000 45.0900 4.3000
v 6.0000 45.0900 4.3000
v 6.0000 44.9100 5.7000
v 12.0000 44.9100 5.7000
v 12.0000 45.0900 5.7000
v 6.0000 45.0900 5.7000
v 6.0000 44.9100 6.6000
v 12.0000 44.9100 6.6000
v 12.0000 45.0900 6.6000
v 6.0000 45.0900 6.6000
v 12.0000 44.9100 3.3000
v 14.0000 44.9100 3.3000
v 14.0000 45.0900 3.3000
v 12.0000 45.0900 3.3000
v 12.0000 44.9100 6.6000
v 14.0000 44.9100 6.6000
v 14.0000 45.0900 6.6000
v 12.0000 45.0900 6.6000
v 4.0000 61.9100 3.3000
v 6.0000 61.9100 3.3000
v 6.0000 62.0900 3.3000
v 4.0000 62.0900 3.3000
v 4.0000 61.9100 6.6000
v 6.0000 61.9100 6.6000
v 6.0000 62.0900 6.6000
v 4.0000 62.0900 6.6000
v 6.0000 61.9100 3.3000
v 12.0000 61.9100 3.3000
v 12.0000 62.0900 3.3000
v 6.0000 62.0900 3.3000
v 6.0000 61.9100 4.3000
v 12.0000 61.9100 4.3000
v 12.0000 62.0900 4.3000
v 6.0000 62.0900 4.3000
v 6.0000 61.9100 5.7000
v 12.0000 61.9100 5.7000
v 12.0000 62.0900 5.7000
v 6.0000 62.0900 5.7000
v 6.0000 61.9100 6.6000
v 12.0000 61.9100 6.6000
v 12.0000 62.0900 6.6000
v 6.0000 62.0900 6.6000
v 12.0000 61.9100 3.3000
v 14.0000 61.9100 3.3000
v 14.0000 62.0900 3.3000
v 12.0000 62.0900 3.3000
v 12.0000 61.9100 6.6000
v 14.0000 61.9100 6.6000
v 14.0000 62.0900 6.6000
v 12.0000 62.0900 6.6000
v 3.9100 45.0000 3.3000
v 4.0900 45.0000 3.3000
v 4.0900 62.0000 3.3000
v 3.9100 62.0000 3.3000
v 3.9100 45.0000 6.6000
v 4.0900 45.0000 6.6000
v 4.0900 62.0000 6.6000
v 3.9100 62.0000 6.6000
v 13.9100 45.0000 3.3000
v 14.0900 45.0000 3.3000
v 14.0900 62.0000 3.3000
v 13.9100 62.0000 3.3000
v 13.9100 45.0000 6.6000
v 14.0900 45.0000 6.6000
v 14.0900 62.0000 6.6000
v 13.9100 62.0000 6.6000
v 4.0000 45.0000 3.2250
v 14.0000 45.0000 3.2250
v 14.0000 62.0000 3.2250
v 4.0000 62.0000 3.2250
v 4.0000 45.0000 3.3750
v 14.0000 45.0000 3.3750
v 14.0000 62.0000 3.3750
v 4.0000 62.0000 3.3750
v 4.0000 44.9100 3.3000
v 7.0000 44.9100 3.3000
v 7.0000 45.0900 3.3000
v 4.0000 45.0900 3.3000
v 4.0000 44.9100 6.6000
v 7.0000 44.9100 6.6000
v 7.0000 45.0900 6.6000
v 4.0000 45.0900 6.6000
v 4.0000 48.9100 3.3000
v 7.0000 48.9100 3.3000
v 7.0000 49.0900 3.3000
v 4.0000 49.0900 3.3000
v 4.0000 48.9100 6.6000
v 7.0000 48.9100 6.6000
v 7.0000 49.0900 6.6000
v 4.0000 49.0900 6.6000
v 3.9100 45.0000 3.3000
v 4.0900 45.0000 3.3000
v 4.0900 49.0000 3.3000
v 3.9100 49.0000 3.3000
v 3.9100 45.0000 6.6000
v 4.0900 45.0000 6.6000
v 4.0900 49.0000 6.6000
v 3.9100 49.0000 6.6000
v 6.9100 45.0000 3.3000
v 7.0900 45.0000 3.3000
v 7.0900 46.5000 3.3000
v 6.9100 46.5000 3.3000
v 6.9100 45.0000 6.6000
v 7.0900 45.0000 6.6000
v 7.0900 46.5000 6.6000
v 6.9100 46.5000 6.6000
v 6.9100 46.5000 5.4000
v 7.0900 46.5000 5.4000
v 7.0900 47.5000 5.4000
v 6.9100 47.5000 5.4000
v 6.9100 46.5000 6.6000
v 7.0900 46.5000 6.6000
v 7.0900 47.5000 6.6000
v 6.9100 47.5000 6.6000
v 6.9100 47.5000 3.3000
v 7.0900 47.5000 3.3000
v 7.0900 49.0000 3.3000
v 6.9100 49.0000 3.3000
v 6.9100 47.5000 6.6000
v 7.0900 47.5000 6.6000
v 7.0900 49.0000 6.6000
v 6.9100 49.0000 6.6000
v 9.9250 49.0000 3.3000
v 10.0750 49.0000 3.3000
v 10.0750 62.0000 3.3000
v 9.9250 62.0000 3.3000
v 9.9250 49.0000 6.6000
v 10.0750 49.0000 6.6000
v 10.0750 62.0000 6.6000
v 9.9250 62.0000 6.6000
v 10.0000 52.4250 3.3000
v 14.0000 52.4250 3.3000
v 14.0000 52.5750 3.3000
v 10.0000 52.5750 3.3000
v 10.0000 52.4250 6.6000
v 14.0000 52.4250 6.6000
v 14.0000 52.5750 6.6000
v 10.0000 52.5750 6.6000
v 10.0000 57.4250 3.3000
v 14.0000 57.4250 3.3000
v 14.0000 57.5750 3.3000
v 10.0000 57.5750 3.3000
v 10.0000 57.4250 6.6000
v 14.0000 57.4250 6.6000
v 14.0000 57.5750 6.6000
v 10.0000 57.5750 6.6000
v 4.0000 46.9400 6.2300
v 14.0000 46.9400 6.2300
v 14.0000 47.0600 6.2300
v 4.0000 47.0600 6.2300
v 4.0000 46.9400 6.5300
v 14.0000 46.9400 6.5300
v 14.0000 47.0600 6.5300
v 4.0000 47.0600 6.5300
v 4.0000 50.9400 6.2300
v 14.0000 50.9400 6.2300
v 14.0000 51.0600 6.2300
v 4.0000 51.0600 6.2300
v 4.0000 50.9400 6.5300
v 14.0000 50.9400 6.5300
v 14.0000 51.0600 6.5300
v 4.0000 51.0600 6.5300
v 4.0000 54.9400 6.2300
v 14.0000 54.9400 6.2300
v 14.0000 55.0600 6.2300
v 4.0000 55.0600 6.2300
v 4.0000 54.9400 6.5300
v 14.0000 54.9400 6.5300
v 14.0000 55.0600 6.5300
v 4.0000 55.0600 6.5300
v 4.0000 58.9400 6.2300
v 14.0000 58.9400 6.2300
v 14.0000 59.0600 6.2300
v 4.0000 59.0600 6.2300
v 4.0000 58.9400 6.5300
v 14.0000 58.9400 6.5300
v 14.0000 59.0600 6.5300
v 4.0000 59.0600 6.5300
v 4.0000 44.9100 6.6000
v 6.0000 44.9100 6.6000
v 6.0000 45.0900 6.6000
v 4.0000 45.0900 6.6000
v 4.0000 44.9100 9.9000
v 6.0000 44.9100 9.9000
v 6.0000 45.0900 9.9000
v 4.0000 45.0900 9.9000
v 6.0000 44.9100 6.6000
v 12.0000 44.9100 6.6000
v 12.0000 45.0900 6.6000
v 6.0000 45.0900 6.6000
v 6.0000 44.9100 7.6000
v 12.0000 44.9100 7.6000
v 12.0000 45.0900 7.6000
v 6.0000 45.0900 7.6000
v 6.0000 44.9100 9.0000
v 12.0000 44.9100 9.0000
v 12.0000 45.0900 9.0000
v 6.0000 45.0900 9.0000
v 6.0000 44.9100 9.9000
v 12.0000 44.9100 9.9000
v 12.0000 45.0900 9.9000
v 6.0000 45.0900 9.9000
v 12.0000 44.9100 6.6000
v 14.0000 44.9100 6.6000
v 14.0000 45.0900 6.6000
v 12.0000 45.0900 6.6000
v 12.0000 44.9100 9.9000
v 14.0000 44.9100 9.9000
v 14.0000 45.0900 9.9000
v 12.0000 45.0900 9.9000
v 4.0000 61.9100 6.6000
v 6.0000 61.9100 6.6000
v 6.0000 62.0900 6.6000
v 4.0000 62.0900 6.6000
v 4.0000 61.9100 9.9000
v 6.0000 61.9100 9.9000
v 6.0000 62.0900 9.9000
v 4.0000 62.0900 9.9000
v 6.0000 61.9100 6.6000
v 12.0000 61.9100 6.6000
v 12.0000 62.0900 6.6000
v 6.0000 62.0900 6.6000
v 6.0000 61.9100 7.6000
v 12.0000 61.9100 7.6000
v 12.0000 62.0900 7.6000
v 6.0000 62.0900 7.6000
v 6.0000 61.9100 9.0000
v 12.0000 61.9100 9.0000
v 12.0000 62.0900 9.0000
v 6.0000 62.0900 9.0000
v 6.0000 61.9100 9.9000
v 12.0000 61.9100 9.9000
v 12.0000 62.0900 9.9000
v 6.0000 62.0900 9.9000
v 12.0000 61.9100 6.6000
v 14.0000 61.9100 6.6000
v 14.0000 62.0900 6.6000
v 12.0000 62.0900 6.6000
v 12.0000 61.9100 9.9000
v 14.0000 61.9100 9.9000
v 14.0000 62.0900 9.9000
v 12.0000 62.0900 9.9000
v 3.9100 45.0000 6.6000
v 4.0900 45.0000 6.6000
v 4.0900 62.0000 6.6000
v 3.9100 62.0000 6.6000
v 3.9100 45.0000 9.9000
v 4.0900 45.0000 9.9000
v 4.0900 62.0000 9.9000
v 3.9100 62.0000 9.9000
v 13.9100 45.0000 6.6000
v 14.0900 45.0000 6.6000
v 14.0900 62.0000 6.6000
v 13.9100 62.0000 6.6000
v 13.9100 45.0000 9.9000
v 14.0900 45.0000 9.9000
v 14.0900 62.0000 9.9000
v 13.9100 62.0000 9.9000
v 4.0000 45.0000 6.5250
v 14.0000 45.0000 6.5250
v 14.0000 62.0000 6.5250
v 4.0000 62.0000 6.5250
v 4.0000 45.0000 6.6750
v 14.0000 45.0000 6.6750
v 14.0000 62.0000 6.6750
v 4.0000 62.0000 6.6750
v 4.0000 44.9100 6.6000
v 7.0000 44.9100 6.6000
v 7.0000 45.0900 6.6000
v 4.0000 45.0900 6.6000
v 4.0000 44.9100 9.9000
v 7.0000 44.9100 9.9000
v 7.0000 45.0900 9.9000
v 4.0000 45.0900 9.9000
v 4.0000 48.9100 6.6000
v 7.0000 48.9100 6.6000
v 7.0000 49.0900 6.6000
v 4.0000 49.0900 6.6000
v 4.0000 48.9100 9.9000
v 7.0000 48.9100 9.9000
v 7.0000 49.0900 9.9000
v 4.0000 49.0900 9.9000
v 3.9100 45.0000 6.6000
v 4.0900 45.0000 6.6000
v 4.0900 49.0000 6.6000
v 3.9100 49.0000 6.6000
v 3.9100 45.0000 9.9000
v 4.0900 45.0000 9.9000
v 4.0900 49.0000 9.9000
v 3.9100 49.0000 9.9000
v 6.9100 45.0000 6.6000
v 7.0900 45.0000 6.6000
v 7.0900 46.5000 6.6000
v 6.9100 46.5000 6.6000
v 6.9100 45.0000 9.9000
v 7.0900 45.0000 9.9000
v 7.0900 46.5000 9.9000
v 6.9100 46.5000 9.9000
v 6.9100 46.5000 8.7000
v 7.0900 46.5000 8.7000
v 7.0900 47.5000 8.7000
v 6.9100 47.5000 8.7000
v 6.9100 46.5000 9.9000
v 7.0900 46.5000 9.9000
v 7.0900 47.5000 9.9000
v 6.9100 47.5000 9.9000
v 6.9100 47.5000 6.6000
v 7.0900 47.5000 6.6000
v 7.0900 49.0000 6.6000
v 6.9100 49.0000 6.6000
v 6.9100 47.5000 9.9000
v 7.0900 47.5000 9.9000
v 7.0900 49.0000 9.9000
v 6.9100 49.0000 9.9000
v 7.7250 49.0000 6.6000
v 7.8750 49.0000 6.6000
v 7.8750 62.0000 6.6000
v 7.7250 62.0000 6.6000
v 7.7250 49.0000 9.9000
v 7.8750 49.0000 9.9000
v 7.8750 62.0000 9.9000
v 7.7250 62.0000 9.9000
v 10.1250 49.0000 6.6000
v 10.2750 49.0000 6.6000
v 10.2750 62.0000 6.6000
v 10.1250 62.0000 6.6000
v 10.1250 49.0000 9.9000
v 10.2750 49.0000 9.9000
v 10.2750 62.0000 9.9000
v 10.1250 62.0000 9.9000
v 4.0000 50.9250 6.6000
v 7.8000 50.9250 6.6000
v 7.8000 51.0750 6.6000
v 4.0000 51.0750 6.6000
v 4.0000 50.9250 9.9000
v 7.8000 50.9250 9.9000
v 7.8000 51.0750 9.9000
v 4.0000 51.0750 9.9000
v 10.2000 50.9250 6.6000
v 14.0000 50.9250 6.6000
v 14.0000 51.0750 6.6000
v 10.2000 51.0750 6.6000
v 10.2000 50.9250 9.9000
v 14.0000 50.9250 9.9000
v 14.0000 51.0750 9.9000
v 10.2000 51.0750 9.9000
v 4.0000 54.9250 6.6000
v 7.8000 54.9250 6.6000
v 7.8000 55.0750 6.6000
v 4.0000 55.0750 6.6000
v 4.0000 54.9250 9.9000
v 7.8000 54.9250 9.9000
v 7.8000 55.0750 9.9000
v 4.0000 55.0750 9.9000
v 10.2000 54.9250 6.6000
v 14.0000 54.9250 6.6000
v 14.0000 55.0750 6.6000
v 10.2000 55.0750 6.6000
v 10.2000 54.9250 9.9000
v 14.0000 54.9250 9.9000
v 14.0000 55.0750 9.9000
v 10.2000 55.0750 9.9000
v 4.0000 58.9250 6.6000
v 7.8000 58.9250 6.6000
v 7.8000 59.0750 6.6000
v 4.0000 59.0750 6.6000
v 4.0000 58.9250 9.9000
v 7.8000 58.9250 9.9000
v 7.8000 59.0750 9.9000
v 4.0000 59.0750 9.9000
v 10.2000 58.9250 6.6000
v 14.0000 58.9250 6.6000
v 14.0000 59.0750 6.6000
v 10.2000 59.0750 6.6000
v 10.2000 58.9250 9.9000
v 14.0000 58.9250 9.9000
v 14.0000 59.0750 9.9000
v 10.2000 59.0750 9.9000
v 4.0000 46.9400 9.5300
v 14.0000 46.9400 9.5300
v 14.0000 47.0600 9.5300
v 4.0000 47.0600 9.5300
v 4.0000 46.9400 9.8300
v 14.0000 46.9400 9.8300
v 14.0000 47.0600 9.8300
v 4.0000 47.0600 9.8300
v 4.0000 50.9400 9.5300
v 14.0000 50.9400 9.5300
v 14.0000 51.0600 9.5300
v 4.0000 51.0600 9.5300
v 4.0000 50.9400 9.8300
v 14.0000 50.9400 9.8300
v 14.0000 51.0600 9.8300
v 4.0000 51.0600 9.8300
v 4.0000 54.9400 9.5300
v 14.0000 54.9400 9.5300
v 14.0000 55.0600 9.5300
v 4.0000 55.0600 9.5300
v 4.0000 54.9400 9.8300
v 14.0000 54.9400 9.8300
v 14.0000 55.0600 9.8300
v 4.0000 55.0600 9.8300
v 4.0000 58.9400 9.5300
v 14.0000 58.9400 9.5300
v 14.0000 59.0600 9.5300
v 4.0000 59.0600 9.5300
v 4.0000 58.9400 9.8300
v 14.0000 58.9400 9.8300
v 14.0000 59.0600 9.8300
v 4.0000 59.0600 9.8300
v 4.0000 45.0000 9.8250
v 14.0000 45.0000 9.8250
v 14.0000 62.0000 9.8250
v 4.0000 62.0000 9.8250
v 4.0000 45.0000 9.9750
v 14.0000 45.0000 9.9750
v 14.0000 62.0000 9.9750
v 4.0000 62.0000 9.9750
v 4.0000 44.9250 9.9000
v 14.0000 44.9250 9.9000
v 14.0000 45.0750 9.9000
v 4.0000 45.0750 9.9000
v 4.0000 44.9250 10.5000
v 14.0000 44.9250 10.5000
v 14.0000 45.0750 10.5000
v 4.0000 45.0750 10.5000
v 4.0000 61.9250 9.9000
v 14.0000 61.9250 9.9000
v 14.0000 62.0750 9.9000
v 4.0000 62.0750 9.9000
v 4.0000 61.9250 10.5000
v 14.0000 61.9250 10.5000
v 14.0000 62.0750 10.5000
v 4.0000 62.0750 10.5000
v 3.9250 45.0000 9.9000
v 4.0750 45.0000 9.9000
v 4.0750 62.0000 9.9000
v 3.9250 62.0000 9.9000
v 3.9250 45.0000 10.5000
v 4.0750 45.0000 10.5000
v 4.0750 62.0000 10.5000
v 3.9250 62.0000 10.5000
v 13.9250 45.0000 9.9000
v 14.0750 45.0000 9.9000
v 14.0750 62.0000 9.9000
v 13.9250 62.0000 9.9000
v 13.9250 45.0000 10.5000
v 14.0750 45.0000 10.5000
v 14.0750 62.0000 10.5000
v 13.9250 62.0000 10.5000
usemtl m0
g site__World_Ground_terrain
f 1 2 3 4
f 5 8 7 6
f 1 5 6 2
f 2 6 7 3
f 3 7 8 4
f 4 8 5 1
usemtl m1
g site__World_Ground_yard
f 9 10 11 12
f 13 16 15 14
f 9 13 14 10
f 10 14 15 11
f 11 15 16 12
f 12 16 13 9
usemtl m2
g site__World_Ground_road_west
f 17 18 19 20
f 21 24 23 22
f 17 21 22 18
f 18 22 23 19
f 19 23 24 20
f 20 24 21 17
usemtl m2
g site__World_Ground_road_east
f 25 26 27 28
f 29 32 31 30
f 25 29 30 26
f 26 30 31 27
f 27 31 32 28
f 28 32 29 25
usemtl m3
g site__World_Fence_p_0
f 33 34 35 36
f 37 40 39 38
f 33 37 38 34
f 34 38 39 35
f 35 39 40 36
f 36 40 37 33
usemtl m3
g site__World_Fence_p_1
f 41 42 43 44
f 45 48 47 46
f 41 45 46 42
f 42 46 47 43
f 43 47 48 44
f 44 48 45 41
usemtl m3
g site__World_Fence_p_2
f 49 50 51 52
f 53 56 55 54
f 49 53 54 50
f 50 54 55 51
f 51 55 56 52
f 52 56 53 49
usemtl m3
g site__World_Fence_p_3
f 57 58 59 60
f 61 64 63 62
f 57 61 62 58
f 58 62 63 59
f 59 63 64 60
f 60 64 61 57
usemtl m3
g site__World_Fence_p_4
f 65 66 67 68
f 69 72 71 70
f 65 69 70 66
f 66 70 71 67
f 67 71 72 68
f 68 72 69 65
usemtl m3
g site__World_Fence_p_5
f 73 74 75 76
f 77 80 79 78
f 73 77 78 74
f 74 78 79 75
f 75 79 80 76
f 76 80 77 73
usemtl m3
g site__World_Fence_p_6
f 81 82 83 84
f 85 88 87 86
f 81 85 86 82
f 82 86 87 83
f 83 87 88 84
f 84 88 85 81
usemtl m3
g site__World_Fence_p_7
f 89 90 91 92
f 93 96 95 94
f 89 93 94 90
f 90 94 95 91
f 91 95 96 92
f 92 96 93 89
usemtl m3
g site__World_Fence_p_8
f 97 98 99 100
f 101 104 103 102
f 97 101 102 98
f 98 102 103 99
f 99 103 104 100
f 100 104 101 97
usemtl m3
g site__World_Fence_p_9
f 105 106 107 108
f 109 112 111 110
f 105 109 110 106
f 106 110 111 107
f 107 111 112 108
f 108 112 109 105
usemtl m3
g site__World_Fence_p_10
f 113 114 115 116
f 117 120 119 118
f 113 117 118 114
f 114 118 119 115
f 115 119 120 116
f 116 120 117 113
usemtl m3
g site__World_Fence_p_11
f 121 122 123 124
f 125 128 127 126
f 121 125 126 122
f 122 126 127 123
f 123 127 128 124
f 124 128 125 121
usemtl m3
g site__World_Fence_p_12
f 129 130 131 132
f 133 136 135 134
f 129 133 134 130
f 130 134 135 131
f 131 135 136 132
f 132 136 133 129
usemtl m3
g site__World_Fence_p_13
f 137 138 139 140
f 141 144 143 142
f 137 141 142 138
f 138 142 143 139
f 139 143 144 140
f 140 144 141 137
usemtl m3
g site__World_Fence_p_14
f 145 146 147 148
f 149 152 151 150
f 145 149 150 146
f 146 150 151 147
f 147 151 152 148
f 148 152 149 145
usemtl m3
g site__World_Fence_p_15
f 153 154 155 156
f 157 160 159 158
f 153 157 158 154
f 154 158 159 155
f 155 159 160 156
f 156 160 157 153
usemtl m3
g site__World_Fence_p_16
f 161 162 163 164
f 165 168 167 166
f 161 165 166 162
f 162 166 167 163
f 163 167 168 164
f 164 168 165 161
usemtl m3
g site__World_Fence_p_17
f 169 170 171 172
f 173 176 175 174
f 169 173 174 170
f 170 174 175 171
f 171 175 176 172
f 172 176 173 169
usemtl m3
g site__World_Fence_p_18
f 177 178 179 180
f 181 184 183 182
f 177 181 182 178
f 178 182 183 179
f 179 183 184 180
f 180 184 181 177
usemtl m3
g site__World_Fence_p_19
f 185 186 187 188
f 189 192 191 190
f 185 189 190 186
f 186 190 191 187
f 187 191 192 188
f 188 192 189 185
usemtl m3
g site__World_Fence_p_20
f 193 194 195 196
f 197 200 199 198
f 193 197 198 194
f 194 198 199 195
f 195 199 200 196
f 196 200 197 193
usemtl m3
g site__World_Fence_p_21
f 201 202 203 204
f 205 208 207 206
f 201 205 206 202
f 202 206 207 203
f 203 207 208 204
f 204 208 205 201
usemtl m3
g site__World_Fence_p_22
f 209 210 211 212
f 213 216 215 214
f 209 213 214 210
f 210 214 215 211
f 211 215 216 212
f 212 216 213 209
usemtl m3
g site__World_Fence_p_23
f 217 218 219 220
f 221 224 223 222
f 217 221 222 218
f 218 222 223 219
f 219 223 224 220
f 220 224 221 217
usemtl m3
g site__World_Fence_p_24
f 225 226 227 228
f 229 232 231 230
f 225 229 230 226
f 226 230 231 227
f 227 231 232 228
f 228 232 229 225
usemtl m3
g site__World_Fence_p_25
f 233 234 235 236
f 237 240 239 238
f 233 237 238 234
f 234 238 239 235
f 235 239 240 236
f 236 240 237 233
usemtl m3
g site__World_Fence_p_26
f 241 242 243 244
f 245 248 247 246
f 241 245 246 242
f 242 246 247 243
f 243 247 248 244
f 244 248 245 241
usemtl m3
g site__World_Fence_p_27
f 249 250 251 252
f 253 256 255 254
f 249 253 254 250
f 250 254 255 251
f 251 255 256 252
f 252 256 253 249
usemtl m3
g site__World_Fence_p_28
f 257 258 259 260
f 261 264 263 262
f 257 261 262 258
f 258 262 263 259
f 259 263 264 260
f 260 264 261 257
usemtl m3
g site__World_Fence_p_29
f 265 266 267 268
f 269 272 271 270
f 265 269 270 266
f 266 270 271 267
f 267 271 272 268
f 268 272 269 265
usemtl m3
g site__World_Fence_p_30
f 273 274 275 276
f 277 280 279 278
f 273 277 278 274
f 274 278 279 275
f 275 279 280 276
f 276 280 277 273
usemtl m3
g site__World_Fence_p_31
f 281 282 283 284
f 285 288 287 286
f 281 285 286 282
f 282 286 287 283
f 283 287 288 284
f 284 288 285 281
usemtl m3
g site__World_Fence_p_32
f 289 290 291 292
f 293 296 295 294
f 289 293 294 290
f 290 294 295 291
f 291 295 296 292
f 292 296 293 289
usemtl m3
g site__World_Fence_p_33
f 297 298 299 300
f 301 304 303 302
f 297 301 302 298
f 298 302 303 299
f 299 303 304 300
f 300 304 301 297
usemtl m3
g site__World_Fence_p_34
f 305 306 307 308
f 309 312 311 310
f 305 309 310 306
f 306 310 311 307
f 307 311 312 308
f 308 312 309 305
usemtl m3
g site__World_Fence_p_35
f 313 314 315 316
f 317 320 319 318
f 313 317 318 314
f 314 318 319 315
f 315 319 320 316
f 316 320 317 313
usemtl m3
g site__World_Fence_p_36
f 321 322 323 324
f 325 328 327 326
f 321 325 326 322
f 322 326 327 323
f 323 327 328 324
f 324 328 325 321
usemtl m3
g site__World_Fence_p_37
f 329 330 331 332
f 333 336 335 334
f 329 333 334 330
f 330 334 335 331
f 331 335 336 332
f 332 336 333 329
usemtl m3
g site__World_Fence_p_38
f 337 338 339 340
f 341 344 343 342
f 337 341 342 338
f 338 342 343 339
f 339 343 344 340
f 340 344 341 337
usemtl m3
g site__World_Fence_p_39
f 345 346 347 348
f 349 352 351 350
f 345 349 350 346
f 346 350 351 347
f 347 351 352 348
f 348 352 349 345
usemtl m3
g site__World_Fence_p_40
f 353 354 355 356
f 357 360 359 358
f 353 357 358 354
f 354 358 359 355
f 355 359 360 356
f 356 360 357 353
usemtl m3
g site__World_Fence_p_41
f 361 362 363 364
f 365 368 367 366
f 361 365 366 362
f 362 366 367 363
f 363 367 368 364
f 364 368 365 361
usemtl m3
g site__World_Fence_p_42
f 369 370 371 372
f 373 376 375 374
f 369 373 374 370
f 370 374 375 371
f 371 375 376 372
f 372 376 373 369
usemtl m3
g site__World_Fence_p_43
f 377 378 379 380
f 381 384 383 382
f 377 381 382 378
f 378 382 383 379
f 379 383 384 380
f 380 384 381 377
usemtl m3
g site__World_Fence_p_44
f 385 386 387 388
f 389 392 391 390
f 385 389 390 386
f 386 390 391 387
f 387 391 392 388
f 388 392 389 385
usemtl m3
g site__World_Fence_p_45
f 393 394 395 396
f 397 400 399 398
f 393 397 398 394
f 394 398 399 395
f 395 399 400 396
f 396 400 397 393
usemtl m3
g site__World_Fence_p_46
f 401 402 403 404
f 405 408 407 406
f 401 405 406 402
f 402 406 407 403
f 403 407 408 404
f 404 408 405 401
usemtl m3
g site__World_Fence_p_47
f 409 410 411 412
f 413 416 415 414
f 409 413 414 410
f 410 414 415 411
f 411 415 416 412
f 412 416 413 409
usemtl m3
g site__World_Fence_p_48
f 417 418 419 420
f 421 424 423 422
f 417 421 422 418
f 418 422 423 419
f 419 423 424 420
f 420 424 421 417
usemtl m3
g site__World_Fence_p_49
f 425 426 427 428
f 429 432 431 430
f 425 429 430 426
f 426 430 431 427
f 427 431 432 428
f 428 432 429 425
usemtl m4
g DA-1F__World_Dadong_F1_wall_S_0
f 433 434 435 436
f 437 440 439 438
f 433 437 438 434
f 434 438 439 435
f 435 439 440 436
f 436 440 437 433
usemtl m4
g DA-1F__World_Dadong_F1_wall_S_1
f 441 442 443 444
f 445 448 447 446
f 441 445 446 442
f 442 446 447 443
f 443 447 448 444
f 444 448 445 441
usemtl m4
g DA-1F__World_Dadong_F1_wall_S_2
f 449 450 451 452
f 453 456 455 454
f 449 453 454 450
f 450 454 455 451
f 451 455 456 452
f 452 456 453 449
usemtl m4
g DA-1F__World_Dadong_F1_wall_N_0
f 457 458 459 460
f 461 464 463 462
f 457 461 462 458
f 458 462 463 459
f 459 463 464 460
f 460 464 461 457
usemtl m4
g DA-1F__World_Dadong_F1_wall_N_1
f 465 466 467 468
f 469 472 471 470
f 465 469 470 466
f 466 470 471 467
f 467 471 472 468
f 468 472 469 465
usemtl m4
g DA-1F__World_Dadong_F1_wall_N_2
f 473 474 475 476
f 477 480 479 478
f 473 477 478 474
f 474 478 479 475
f 475 479 480 476
f 476 480 477 473
usemtl m4
g DA-1F__World_Dadong_F1_wall_N_3
f 481 482 483 484
f 485 488 487 486
f 481 485 486 482
f 482 486 487 483
f 483 487 488 484
f 484 488 485 481
usemtl m4
g DA-1F__World_Dadong_F1_wall_N_4
f 489 490 491 492
f 493 496 495 494
f 489 493 494 490
f 490 494 495 491
f 491 495 496 492
f 492 496 493 489
usemtl m4
g DA-1F__World_Dadong_F1_wall_N_5
f 497 498 499 500
f 501 504 503 502
f 497 501 502 498
f 498 502 503 499
f 499 503 504 500
f 500 504 501 497
usemtl m4
g DA-1F__World_Dadong_F1_wall_N_6
f 505 506 507 508
f 509 512 511 510
f 505 509 510 506
f 506 510 511 507
f 507 511 512 508
f 508 512 509 505
usemtl m4
g DA-1F__World_Dadong_F1_wall_W_0
f 513 514 515 516
f 517 520 519 518
f 513 517 518 514
f 514 518 519 515
f 515 519 520 516
f 516 520 517 513
usemtl m4
g DA-1F__World_Dadong_F1_wall_E_0
f 521 522 523 524
f 525 528 527 526
f 521 525 526 522
f 522 526 527 523
f 523 527 528 524
f 524 528 525 521
usemtl m5
g DA-1F__World_Dadong_F1_col_0
f 529 530 531 532
f 533 536 535 534
f 529 533 534 530
f 530 534 535 531
f 531 535 536 532
f 532 536 533 529
usemtl m5
g DA-1F__World_Dadong_F1_col_1
f 537 538 539 540
f 541 544 543 542
f 537 541 542 538
f 538 542 543 539
f 539 543 544 540
f 540 544 541 537
usemtl m5
g DA-1F__World_Dadong_F1_col_2
f 545 546 547 548
f 549 552 551 550
f 545 549 550 546
f 546 550 551 547
f 547 551 552 548
f 548 552 549 545
usemtl m5
g DA-1F__World_Dadong_F1_col_3
f 553 554 555 556
f 557 560 559 558
f 553 557 558 554
f 554 558 559 555
f 555 559 560 556
f 556 560 557 553
usemtl m5
g DA-1F__World_Dadong_F1_col_4
f 561 562 563 564
f 565 568 567 566
f 561 565 566 562
f 562 566 567 563
f 563 567 568 564
f 564 568 565 561
usemtl m5
g DA-1F__World_Dadong_F1_col_5
f 569 570 571 572
f 573 576 575 574
f 569 573 574 570
f 570 574 575 571
f 571 575 576 572
f 572 576 573 569
usemtl m5
g DA-1F__World_Dadong_F1_col_6
f 577 578 579 580
f 581 584 583 582
f 577 581 582 578
f 578 582 583 579
f 579 583 584 580
f 580 584 581 577
usemtl m5
g DA-1F__World_Dadong_F1_col_7
f 585 586 587 588
f 589 592 591 590
f 585 589 590 586
f 586 590 591 587
f 587 591 592 588
f 588 592 589 585
usemtl m5
g DA-1F__World_Dadong_F1_col_8
f 593 594 595 596
f 597 600 599 598
f 593 597 598 594
f 594 598 599 595
f 595 599 600 596
f 596 600 597 593
usemtl m5
g DA-1F__World_Dadong_F1_col_9
f 601 602 603 604
f 605 608 607 606
f 601 605 606 602
f 602 606 607 603
f 603 607 608 604
f 604 608 605 601
usemtl m5
g DA-1F__World_Dadong_F1_col_10
f 609 610 611 612
f 613 616 615 614
f 609 613 614 610
f 610 614 615 611
f 611 615 616 612
f 612 616 613 609
usemtl m5
g DA-1F__World_Dadong_F1_col_11
f 617 618 619 620
f 621 624 623 622
f 617 621 622 618
f 618 622 623 619
f 619 623 624 620
f 620 624 621 617
usemtl m5
g DA-1F__World_Dadong_F1_col_12
f 625 626 627 628
f 629 632 631 630
f 625 629 630 626
f 626 630 631 627
f 627 631 632 628
f 628 632 629 625
usemtl m5
g DA-1F__World_Dadong_F1_col_13
f 633 634 635 636
f 637 640 639 638
f 633 637 638 634
f 634 638 639 635
f 635 639 640 636
f 636 640 637 633
usemtl m5
g DA-1F__World_Dadong_F1_col_14
f 641 642 643 644
f 645 648 647 646
f 641 645 646 642
f 642 646 647 643
f 643 647 648 644
f 644 648 645 641
usemtl m5
g DA-1F__World_Dadong_F1_col_15
f 649 650 651 652
f 653 656 655 654
f 649 653 654 650
f 650 654 655 651
f 651 655 656 652
f 652 656 653 649
usemtl m5
g DA-1F__World_Dadong_F1_col_16
f 657 658 659 660
f 661 664 663 662
f 657 661 662 658
f 658 662 663 659
f 659 663 664 660
f 660 664 661 657
usemtl m5
g DA-1F__World_Dadong_F1_col_17
f 665 666 667 668
f 669 672 671 670
f 665 669 670 666
f 666 670 671 667
f 667 671 672 668
f 668 672 669 665
usemtl m5
g DA-1F__World_Dadong_F1_col_18
f 673 674 675 676
f 677 680 679 678
f 673 677 678 674
f 674 678 679 675
f 675 679 680 676
f 676 680 677 673
usemtl m5
g DA-1F__World_Dadong_F1_col_19
f 681 682 683 684
f 685 688 687 686
f 681 685 686 682
f 682 686 687 683
f 683 687 688 684
f 684 688 685 681
usemtl m5
g DA-1F__World_Dadong_F1_col_20
f 689 690 691 692
f 693 696 695 694
f 689 693 694 690
f 690 694 695 691
f 691 695 696 692
f 692 696 693 689
usemtl m5
g DA-1F__World_Dadong_F1_col_21
f 697 698 699 700
f 701 704 703 702
f 697 701 702 698
f 698 702 703 699
f 699 703 704 700
f 700 704 701 697
usemtl m5
g DA-1F__World_Dadong_F1_col_22
f 705 706 707 708
f 709 712 711 710
f 705 709 710 706
f 706 710 711 707
f 707 711 712 708
f 708 712 709 705
usemtl m5
g DA-1F__World_Dadong_F1_col_23
f 713 714 715 716
f 717 720 719 718
f 713 717 718 714
f 714 718 719 715
f 715 719 720 716
f 716 720 717 713
usemtl m5
g DA-1F__World_Dadong_F1_col_24
f 721 722 723 724
f 725 728 727 726
f 721 725 726 722
f 722 726 727 723
f 723 727 728 724
f 724 728 725 721
usemtl m5
g DA-1F__World_Dadong_F1_col_25
f 729 730 731 732
f 733 736 735 734
f 729 733 734 730
f 730 734 735 731
f 731 735 736 732
f 732 736 733 729
usemtl m5
g DA-1F__World_Dadong_F1_col_26
f 737 738 739 740
f 741 744 743 742
f 737 741 742 738
f 738 742 743 739
f 739 743 744 740
f 740 744 741 737
usemtl m5
g DA-1F__World_Dadong_F1_col_27
f 745 746 747 748
f 749 752 751 750
f 745 749 750 746
f 746 750 751 747
f 747 751 752 748
f 748 752 749 745
usemtl m5
g DA-1F__World_Dadong_F1_col_28
f 753 754 755 756
f 757 760 759 758
f 753 757 758 754
f 754 758 759 755
f 755 759 760 756
f 756 760 757 753
usemtl m5
g DA-1F__World_Dadong_F1_col_29
f 761 762 763 764
f 765 768 767 766
f 761 765 766 762
f 762 766 767 763
f 763 767 768 764
f 764 768 765 761
usemtl m5
g DA-1F__World_Dadong_F1_col_30
f 769 770 771 772
f 773 776 775 774
f 769 773 774 770
f 770 774 775 771
f 771 775 776 772
f 772 776 773 769
usemtl m5
g DA-1F__World_Dadong_F1_col_31
f 777 778 779 780
f 781 784 783 782
f 777 781 782 778
f 778 782 783 779
f 779 783 784 780
f 780 784 781 777
usemtl m5
g DA-1F__World_Dadong_F1_col_32
f 785 786 787 788
f 789 792 791 790
f 785 789 790 786
f 786 790 791 787
f 787 791 792 788
f 788 792 789 785
usemtl m5
g DA-1F__World_Dadong_F1_col_33
f 793 794 795 796
f 797 800 799 798
f 793 797 798 794
f 794 798 799 795
f 795 799 800 796
f 796 800 797 793
usemtl m5
g DA-1F__World_Dadong_F1_col_34
f 801 802 803 804
f 805 808 807 806
f 801 805 806 802
f 802 806 807 803
f 803 807 808 804
f 804 808 805 801
usemtl m5
g DA-1F__World_Dadong_F1_col_35
f 809 810 811 812
f 813 816 815 814
f 809 813 814 810
f 810 814 815 811
f 811 815 816 812
f 812 816 813 809
usemtl m5
g DA-1F__World_Dadong_F1_col_36
f 817 818 819 820
f 821 824 823 822
f 817 821 822 818
f 818 822 823 819
f 819 823 824 820
f 820 824 821 817
usemtl m5
g DA-1F__World_Dadong_F1_col_37
f 825 826 827 828
f 829 832 831 830
f 825 829 830 826
f 826 830 831 827
f 827 831 832 828
f 828 832 829 825
usemtl m5
g DA-1F__World_Dadong_F1_col_38
f 833 834 835 836
f 837 840 839 838
f 833 837 838 834
f 834 838 839 835
f 835 839 840 836
f 836 840 837 833
usemtl m5
g DA-1F__World_Dadong_F1_col_39
f 841 842 843 844
f 845 848 847 846
f 841 845 846 842
f 842 846 847 843
f 843 847 848 844
f 844 848 845 841
usemtl m5
g DA-1F__World_Dadong_F1_col_40
f 849 850 851 852
f 853 856 855 854
f 849 853 854 850
f 850 854 855 851
f 851 855 856 852
f 852 856 853 849
usemtl m5
g DA-1F__World_Dadong_F1_col_41
f 857 858 859 860
f 861 864 863 862
f 857 861 862 858
f 858 862 863 859
f 859 863 864 860
f 860 864 861 857
usemtl m5
g DA-1F__World_Dadong_F1_col_42
f 865 866 867 868
f 869 872 871 870
f 865 869 870 866
f 866 870 871 867
f 867 871 872 868
f 868 872 869 865
usemtl m5
g DA-1F__World_Dadong_F1_col_43
f 873 874 875 876
f 877 880 879 878
f 873 877 878 874
f 874 878 879 875
f 875 879 880 876
f 876 880 877 873
usemtl m5
g DA-1F__World_Dadong_F1_col_44
f 881 882 883 884
f 885 888 887 886
f 881 885 886 882
f 882 886 887 883
f 883 887 888 884
f 884 888 885 881
usemtl m5
g DA-1F__World_Dadong_F1_col_45
f 889 890 891 892
f 893 896 895 894
f 889 893 894 890
f 890 894 895 891
f 891 895 896 892
f 892 896 893 889
usemtl m5
g DA-1F__World_Dadong_F1_col_46
f 897 898 899 900
f 901 904 903 902
f 897 901 902 898
f 898 902 903 899
f 899 903 904 900
f 900 904 901 897
usemtl m5
g DA-1F__World_Dadong_F1_col_47
f 905 906 907 908
f 909 912 911 910
f 905 909 910 906
f 906 910 911 907
f 907 911 912 908
f 908 912 909 905
usemtl m5
g DA-1F__World_Dadong_F1_col_48
f 913 914 915 916
f 917 920 919 918
f 913 917 918 914
f 914 918 919 915
f 915 919 920 916
f 916 920 917 913
usemtl m5
g DA-1F__World_Dadong_F1_col_49
f 921 922 923 924
f 925 928 927 926
f 921 925 926 922
f 922 926 927 923
f 923 927 928 924
f 924 928 925 921
usemtl m5
g DA-1F__World_Dadong_F1_col_50
f 929 930 931 932
f 933 936 935 934
f 929 933 934 930
f 930 934 935 931
f 931 935 936 932
f 932 936 933 929
usemtl m5
g DA-1F__World_Dadong_F1_col_51
f 937 938 939 940
f 941 944 943 942
f 937 941 942 938
f 938 942 943 939
f 939 943 944 940
f 940 944 941 937
usemtl m5
g DA-1F__World_Dadong_F1_col_52
f 945 946 947 948
f 949 952 951 950
f 945 949 950 946
f 946 950 951 947
f 947 951 952 948
f 948 952 949 945
usemtl m5
g DA-1F__World_Dadong_F1_col_53
f 953 954 955 956
f 957 960 959 958
f 953 957 958 954
f 954 958 959 955
f 955 959 960 956
f 956 960 957 953
usemtl m5
g DA-1F__World_Dadong_F1_col_54
f 961 962 963 964
f 965 968 967 966
f 961 965 966 962
f 962 966 967 963
f 963 967 968 964
f 964 968 965 961
usemtl m5
g DA-1F__World_Dadong_F1_col_55
f 969 970 971 972
f 973 976 975 974
f 969 973 974 970
f 970 974 975 971
f 971 975 976 972
f 972 976 973 969
usemtl m5
g DA-1F__World_Dadong_F1_col_56
f 977 978 979 980
f 981 984 983 982
f 977 981 982 978
f 978 982 983 979
f 979 983 984 980
f 980 984 981 977
usemtl m5
g DA-1F__World_Dadong_F1_col_57
f 985 986 987 988
f 989 992 991 990
f 985 989 990 986
f 986 990 991 987
f 987 991 992 988
f 988 992 989 985
usemtl m5
g DA-1F__World_Dadong_F1_col_58
f 993 994 995 996
f 997 1000 999 998
f 993 997 998 994
f 994 998 999 995
f 995 999 1000 996
f 996 1000 997 993
usemtl m5
g DA-1F__World_Dadong_F1_col_59
f 1001 1002 1003 1004
f 1005 1008 1007 1006
f 1001 1005 1006 1002
f 1002 1006 1007 1003
f 1003 1007 1008 1004
f 1004 1008 1005 1001
usemtl m6
g DA-1F__World_Dadong_F1_coreL_S_0
f 1009 1010 1011 1012
f 1013 1016 1015 1014
f 1009 1013 1014 1010
f 1010 1014 1015 1011
f 1011 1015 1016 1012
f 1012 1016 1013 1009
usemtl m6
g DA-1F__World_Dadong_F1_coreL_N_0
f 1017 1018 1019 1020
f 1021 1024 1023 1022
f 1017 1021 1022 1018
f 1018 1022 1023 1019
f 1019 1023 1024 1020
f 1020 1024 1021 1017
usemtl m6
g DA-1F__World_Dadong_F1_coreL_W_0
f 1025 1026 1027 1028
f 1029 1032 1031 1030
f 1025 1029 1030 1026
f 1026 1030 1031 1027
f 1027 1031 1032 1028
f 1028 1032 1029 1025
usemtl m6
g DA-1F__World_Dadong_F1_coreL_E_0
f 1033 1034 1035 1036
f 1037 1040 1039 1038
f 1033 1037 1038 1034
f 1034 1038 1039 1035
f 1035 1039 1040 1036
f 1036 1040 1037 1033
usemtl m6
g DA-1F__World_Dadong_F1_coreL_E_1
f 1041 1042 1043 1044
f 1045 1048 1047 1046
f 1041 1045 1046 1042
f 1042 1046 1047 1043
f 1043 1047 1048 1044
f 1044 1048 1045 1041
usemtl m6
g DA-1F__World_Dadong_F1_coreL_E_2
f 1049 1050 1051 1052
f 1053 1056 1055 1054
f 1049 1053 1054 1050
f 1050 1054 1055 1051
f 1051 1055 1056 1052
f 1052 1056 1053 1049
usemtl m6
g DA-1F__World_Dadong_F1_coreR_S_0
f 1057 1058 1059 1060
f 1061 1064 1063 1062
f 1057 1061 1062 1058
f 1058 1062 1063 1059
f 1059 1063 1064 1060
f 1060 1064 1061 1057
usemtl m6
g DA-1F__World_Dadong_F1_coreR_N_0
f 1065 1066 1067 1068
f 1069 1072 1071 1070
f 1065 1069 1070 1066
f 1066 1070 1071 1067
f 1067 1071 1072 1068
f 1068 1072 1069 1065
usemtl m6
g DA-1F__World_Dadong_F1_coreR_W_0
f 1073 1074 1075 1076
f 1077 1080 1079 1078
f 1073 1077 1078 1074
f 1074 1078 1079 1075
f 1075 1079 1080 1076
f 1076 1080 1077 1073
usemtl m6
g DA-1F__World_Dadong_F1_coreR_W_1
f 1081 1082 1083 1084
f 1085 1088 1087 1086
f 1081 1085 1086 1082
f 1082 1086 1087 1083
f 1083 1087 1088 1084
f 1084 1088 1085 1081
usemtl m6
g DA-1F__World_Dadong_F1_coreR_W_2
f 1089 1090 1091 1092
f 1093 1096 1095 1094
f 1089 1093 1094 1090
f 1090 1094 1095 1091
f 1091 1095 1096 1092
f 1092 1096 1093 1089
usemtl m6
g DA-1F__World_Dadong_F1_coreR_E_0
f 1097 1098 1099 1100
f 1101 1104 1103 1102
f 1097 1101 1102 1098
f 1098 1102 1103 1099
f 1099 1103 1104 1100
f 1100 1104 1101 1097
usemtl m4
g DA-2F__World_Dadong_F2_wall_S_0
f 1105 1106 1107 1108
f 1109 1112 1111 1110
f 1105 1109 1110 1106
f 1106 1110 1111 1107
f 1107 1111 1112 1108
f 1108 1112 1109 1105
usemtl m4
g DA-2F__World_Dadong_F2_wall_S_1
f 1113 1114 1115 1116
f 1117 1120 1119 1118
f 1113 1117 1118 1114
f 1114 1118 1119 1115
f 1115 1119 1120 1116
f 1116 1120 1117 1113
usemtl m4
g DA-2F__World_Dadong_F2_wall_S_2
f 1121 1122 1123 1124
f 1125 1128 1127 1126
f 1121 1125 1126 1122
f 1122 1126 1127 1123
f 1123 1127 1128 1124
f 1124 1128 1125 1121
usemtl m4
g DA-2F__World_Dadong_F2_wall_S_3
f 1129 1130 1131 1132
f 1133 1136 1135 1134
f 1129 1133 1134 1130
f 1130 1134 1135 1131
f 1131 1135 1136 1132
f 1132 1136 1133 1129
usemtl m4
g DA-2F__World_Dadong_F2_wall_S_4
f 1137 1138 1139 1140
f 1141 1144 1143 1142
f 1137 1141 1142 1138
f 1138 1142 1143 1139
f 1139 1143 1144 1140
f 1140 1144 1141 1137
usemtl m4
g DA-2F__World_Dadong_F2_wall_S_5
f 1145 1146 1147 1148
f 1149 1152 1151 1150
f 1145 1149 1150 1146
f 1146 1150 1151 1147
f 1147 1151 1152 1148
f 1148 1152 1149 1145
usemtl m4
g DA-2F__World_Dadong_F2_wall_S_6
f 1153 1154 1155 1156
f 1157 1160 1159 1158
f 1153 1157 1158 1154
f 1154 1158 1159 1155
f 1155 1159 1160 1156
f 1156 1160 1157 1153
usemtl m4
g DA-2F__World_Dadong_F2_wall_S_7
f 1161 1162 1163 1164
f 1165 1168 1167 1166
f 1161 1165 1166 1162
f 1162 1166 1167 1163
f 1163 1167 1168 1164
f 1164 1168 1165 1161
usemtl m4
g DA-2F__World_Dadong_F2_wall_S_8
f 1169 1170 1171 1172
f 1173 1176 1175 1174
f 1169 1173 1174 1170
f 1170 1174 1175 1171
f 1171 1175 1176 1172
f 1172 1176 1173 1169
usemtl m4
g DA-2F__World_Dadong_F2_wall_S_9
f 1177 1178 1179 1180
f 1181 1184 1183 1182
f 1177 1181 1182 1178
f 1178 1182 1183 1179
f 1179 1183 1184 1180
f 1180 1184 1181 1177
usemtl m4
g DA-2F__World_Dadong_F2_wall_N_0
f 1185 1186 1187 1188
f 1189 1192 1191 1190
f 1185 1189 1190 1186
f 1186 1190 1191 1187
f 1187 1191 1192 1188
f 1188 1192 1189 1185
usemtl m4
g DA-2F__World_Dadong_F2_wall_N_1
f 1193 1194 1195 1196
f 1197 1200 1199 1198
f 1193 1197 1198 1194
f 1194 1198 1199 1195
f 1195 1199 1200 1196
f 1196 1200 1197 1193
usemtl m4
g DA-2F__World_Dadong_F2_wall_N_2
f 1201 1202 1203 1204
f 1205 1208 1207 1206
f 1201 1205 1206 1202
f 1202 1206 1207 1203
f 1203 1207 1208 1204
f 1204 1208 1205 1201
usemtl m4
g DA-2F__World_Dadong_F2_wall_N_3
f 1209 1210 1211 1212
f 1213 1216 1215 1214
f 1209 1213 1214 1210
f 1210 1214 1215 1211
f 1211 1215 1216 1212
f 1212 1216 1213 1209
usemtl m4
g DA-2F__World_Dadong_F2_wall_N_4
f 1217 1218 1219 1220
f 1221 1224 1223 1222
f 1217 1221 1222 1218
f 1218 1222 1223 1219
f 1219 1223 1224 1220
f 1220 1224 1221 1217
usemtl m4
g DA-2F__World_Dadong_F2_wall_N_5
f 1225 1226 1227 1228
f 1229 1232 1231 1230
f 1225 1229 1230 1226
f 1226 1230 1231 1227
f 1227 1231 1232 1228
f 1228 1232 1229 1225
usemtl m4
g DA-2F__World_Dadong_F2_wall_N_6
f 1233 1234 1235 1236
f 1237 1240 1239 1238
f 1233 1237 1238 1234
f 1234 1238 1239 1235
f 1235 1239 1240 1236
f 1236 1240 1237 1233
usemtl m4
g DA-2F__World_Dadong_F2_wall_N_7
f 1241 1242 1243 1244
f 1245 1248 1247 1246
f 1241 1245 1246 1242
f 1242 1246 1247 1243
f 1243 1247 1248 1244
f 1244 1248 1245 1241
usemtl m4
g DA-2F__World_Dadong_F2_wall_N_8
f 1249 1250 1251 1252
f 1253 1256 1255 1254
f 1249 1253 1254 1250
f 1250 1254 1255 1251
f 1251 1255 1256 1252
f 1252 1256 1253 1249
usemtl m4
g DA-2F__World_Dadong_F2_wall_N_9
f 1257 1258 1259 1260
f 1261 1264 1263 1262
f 1257 1261 1262 1258
f 1258 1262 1263 1259
f 1259 1263 1264 1260
f 1260 1264 1261 1257
usemtl m4
g DA-2F__World_Dadong_F2_wall_W_0
f 1265 1266 1267 1268
f 1269 1272 1271 1270
f 1265 1269 1270 1266
f 1266 1270 1271 1267
f 1267 1271 1272 1268
f 1268 1272 1269 1265
usemtl m4
g DA-2F__World_Dadong_F2_wall_E_0
f 1273 1274 1275 1276
f 1277 1280 1279 1278
f 1273 1277 1278 1274
f 1274 1278 1279 1275
f 1275 1279 1280 1276
f 1276 1280 1277 1273
usemtl m5
g DA-2F__World_Dadong_F2_col_0
f 1281 1282 1283 1284
f 1285 1288 1287 1286
f 1281 1285 1286 1282
f 1282 1286 1287 1283
f 1283 1287 1288 1284
f 1284 1288 1285 1281
usemtl m5
g DA-2F__World_Dadong_F2_col_1
f 1289 1290 1291 1292
f 1293 1296 1295 1294
f 1289 1293 1294 1290
f 1290 1294 1295 1291
f 1291 1295 1296 1292
f 1292 1296 1293 1289
usemtl m5
g DA-2F__World_Dadong_F2_col_2
f 1297 1298 1299 1300
f 1301 1304 1303 1302
f 1297 1301 1302 1298
f 1298 1302 1303 1299
f 1299 1303 1304 1300
f 1300 1304 1301 1297
usemtl m5
g DA-2F__World_Dadong_F2_col_3
f 1305 1306 1307 1308
f 1309 1312 1311 1310
f 1305 1309 1310 1306
f 1306 1310 1311 1307
f 1307 1311 1312 1308
f 1308 1312 1309 1305
usemtl m5
g DA-2F__World_Dadong_F2_col_4
f 1313 1314 1315 1316
f 1317 1320 1319 1318
f 1313 1317 1318 1314
f 1314 1318 1319 1315
f 1315 1319 1320 1316
f 1316 1320 1317 1313
usemtl m5
g DA-2F__World_Dadong_F2_col_5
f 1321 1322 1323 1324
f 1325 1328 1327 1326
f 1321 1325 1326 1322
f 1322 1326 1327 1323
f 1323 1327 1328 1324
f 1324 1328 1325 1321
usemtl m5
g DA-2F__World_Dadong_F2_col_6
f 1329 1330 1331 1332
f 1333 1336 1335 1334
f 1329 1333 1334 1330
f 1330 1334 1335 1331
f 1331 1335 1336 1332
f 1332 1336 1333 1329
usemtl m5
g DA-2F__World_Dadong_F2_col_7
f 1337 1338 1339 1340
f 1341 1344 1343 1342
f 1337 1341 1342 1338
f 1338 1342 1343 1339
f 1339 1343 1344 1340
f 1340 1344 1341 1337
usemtl m5
g DA-2F__World_Dadong_F2_col_8
f 1345 1346 1347 1348
f 1349 1352 1351 1350
f 1345 1349 1350 1346
f 1346 1350 1351 1347
f 1347 1351 1352 1348
f 1348 1352 1349 1345
usemtl m5
g DA-2F__World_Dadong_F2_col_9
f 1353 1354 1355 1356
f 1357 1360 1359 1358
f 1353 1357 1358 1354
f 1354 1358 1359 1355
f 1355 1359 1360 1356
f 1356 1360 1357 1353
usemtl m5
g DA-2F__World_Dadong_F2_col_10
f 1361 1362 1363 1364
f 1365 1368 1367 1366
f 1361 1365 1366 1362
f 1362 1366 1367 1363
f 1363 1367 1368 1364
f 1364 1368 1365 1361
usemtl m5
g DA-2F__World_Dadong_F2_col_11
f 1369 1370 1371 1372
f 1373 1376 1375 1374
f 1369 1373 1374 1370
f 1370 1374 1375 1371
f 1371 1375 1376 1372
f 1372 1376 1373 1369
usemtl m5
g DA-2F__World_Dadong_F2_col_12
f 1377 1378 1379 1380
f 1381 1384 1383 1382
f 1377 1381 1382 1378
f 1378 1382 1383 1379
f 1379 1383 1384 1380
f 1380 1384 1381 1377
usemtl m5
g DA-2F__World_Dadong_F2_col_13
f 1385 1386 1387 1388
f 1389 1392 1391 1390
f 1385 1389 1390 1386
f 1386 1390 1391 1387
f 1387 1391 1392 1388
f 1388 1392 1389 1385
usemtl m5
g DA-2F__World_Dadong_F2_col_14
f 1393 1394 1395 1396
f 1397 1400 1399 1398
f 1393 1397 1398 1394
f 1394 1398 1399 1395
f 1395 1399 1400 1396
f 1396 1400 1397 1393
usemtl m5
g DA-2F__World_Dadong_F2_col_15
f 1401 1402 1403 1404
f 1405 1408 1407 1406
f 1401 1405 1406 1402
f 1402 1406 1407 1403
f 1403 1407 1408 1404
f 1404 1408 1405 1401
usemtl m5
g DA-2F__World_Dadong_F2_col_16
f 1409 1410 1411 1412
f 1413 1416 1415 1414
f 1409 1413 1414 1410
f 1410 1414 1415 1411
f 1411 1415 1416 1412
f 1412 1416 1413 1409
usemtl m5
g DA-2F__World_Dadong_F2_col_17
f 1417 1418 1419 1420
f 1421 1424 1423 1422
f 1417 1421 1422 1418
f 1418 1422 1423 1419
f 1419 1423 1424 1420
f 1420 1424 1421 1417
usemtl m5
g DA-2F__World_Dadong_F2_col_18
f 1425 1426 1427 1428
f 1429 1432 1431 1430
f 1425 1429 1430 1426
f 1426 1430 1431 1427
f 1427 1431 1432 1428
f 1428 1432 1429 1425
usemtl m5
g DA-2F__World_Dadong_F2_col_19
f 1433 1434 1435 1436
f 1437 1440 1439 1438
f 1433 1437 1438 1434
f 1434 1438 1439 1435
f 1435 1439 1440 1436
f 1436 1440 1437 1433
usemtl m5
g DA-2F__World_Dadong_F2_col_20
f 1441 1442 1443 1444
f 1445 1448 1447 1446
f 1441 1445 1446 1442
f 1442 1446 1447 1443
f 1443 1447 1448 1444
f 1444 1448 1445 1441
usemtl m5
g DA-2F__World_Dadong_F2_col_21
f 1449 1450 1451 1452
f 1453 1456 1455 1454
f 1449 1453 1454 1450
f 1450 1454 1455 1451
f 1451 1455 1456 1452
f 1452 1456 1453 1449
usemtl m5
g DA-2F__World_Dadong_F2_col_22
f 1457 1458 1459 1460
f 1461 1464 1463 1462
f 1457 1461 1462 1458
f 1458 1462 1463 1459
f 1459 1463 1464 1460
f 1460 1464 1461 1457
usemtl m5
g DA-2F__World_Dadong_F2_col_23
f 1465 1466 1467 1468
f 1469 1472 1471 1470
f 1465 1469 1470 1466
f 1466 1470 1471 1467
f 1467 1471 1472 1468
f 1468 1472 1469 1465
usemtl m5
g DA-2F__World_Dadong_F2_col_24
f 1473 1474 1475 1476
f 1477 1480 1479 1478
f 1473 1477 1478 1474
f 1474 1478 1479 1475
f 1475 1479 1480 1476
f 1476 1480 1477 1473
usemtl m5
g DA-2F__World_Dadong_F2_col_25
f 1481 1482 1483 1484
f 1485 1488 1487 1486
f 1481 1485 1486 1482
f 1482 1486 1487 1483
f 1483 1487 1488 1484
f 1484 1488 1485 1481
usemtl m5
g DA-2F__World_Dadong_F2_col_26
f 1489 1490 1491 1492
f 1493 1496 1495 1494
f 1489 1493 1494 1490
f 1490 1494 1495 1491
f 1491 1495 1496 1492
f 1492 1496 1493 1489
usemtl m5
g DA-2F__World_Dadong_F2_col_27
f 1497 1498 1499 1500
f 1501 1504 1503 1502
f 1497 1501 1502 1498
f 1498 1502 1503 1499
f 1499 1503 1504 1500
f 1500 1504 1501 1497
usemtl m5
g DA-2F__World_Dadong_F2_col_28
f 1505 1506 1507 1508
f 1509 1512 1511 1510
f 1505 1509 1510 1506
f 1506 1510 1511 1507
f 1507 1511 1512 1508
f 1508 1512 1509 1505
usemtl m5
g DA-2F__World_Dadong_F2_col_29
f 1513 1514 1515 1516
f 1517 1520 1519 1518
f 1513 1517 1518 1514
f 1514 1518 1519 1515
f 1515 1519 1520 1516
f 1516 1520 1517 1513
usemtl m5
g DA-2F__World_Dadong_F2_col_30
f 1521 1522 1523 1524
f 1525 1528 1527 1526
f 1521 1525 1526 1522
f 1522 1526 1527 1523
f 1523 1527 1528 1524
f 1524 1528 1525 1521
usemtl m5
g DA-2F__World_Dadong_F2_col_31
f 1529 1530 1531 1532
f 1533 1536 1535 1534
f 1529 1533 1534 1530
f 1530 1534 1535 1531
f 1531 1535 1536 1532
f 1532 1536 1533 1529
usemtl m5
g DA-2F__World_Dadong_F2_col_32
f 1537 1538 1539 1540
f 1541 1544 1543 1542
f 1537 1541 1542 1538
f 1538 1542 1543 1539
f 1539 1543 1544 1540
f 1540 1544 1541 1537
usemtl m5
g DA-2F__World_Dadong_F2_col_33
f 1545 1546 1547 1548
f 1549 1552 1551 1550
f 1545 1549 1550 1546
f 1546 1550 1551 1547
f 1547 1551 1552 1548
f 1548 1552 1549 1545
usemtl m5
g DA-2F__World_Dadong_F2_col_34
f 1553 1554 1555 1556
f 1557 1560 1559 1558
f 1553 1557 1558 1554
f 1554 1558 1559 1555
f 1555 1559 1560 1556
f 1556 1560 1557 1553
usemtl m5
g DA-2F__World_Dadong_F2_col_35
f 1561 1562 1563 1564
f 1565 1568 1567 1566
f 1561 1565 1566 1562
f 1562 1566 1567 1563
f 1563 1567 1568 1564
f 1564 1568 1565 1561
usemtl m5
g DA-2F__World_Dadong_F2_col_36
f 1569 1570 1571 1572
f 1573 1576 1575 1574
f 1569 1573 1574 1570
f 1570 1574 1575 1571
f 1571 1575 1576 1572
f 1572 1576 1573 1569
usemtl m5
g DA-2F__World_Dadong_F2_col_37
f 1577 1578 1579 1580
f 1581 1584 1583 1582
f 1577 1581 1582 1578
f 1578 1582 1583 1579
f 1579 1583 1584 1580
f 1580 1584 1581 1577
usemtl m5
g DA-2F__World_Dadong_F2_col_38
f 1585 1586 1587 1588
f 1589 1592 1591 1590
f 1585 1589 1590 1586
f 1586 1590 1591 1587
f 1587 1591 1592 1588
f 1588 1592 1589 1585
usemtl m5
g DA-2F__World_Dadong_F2_col_39
f 1593 1594 1595 1596
f 1597 1600 1599 1598
f 1593 1597 1598 1594
f 1594 1598 1599 1595
f 1595 1599 1600 1596
f 1596 1600 1597 1593
usemtl m5
g DA-2F__World_Dadong_F2_col_40
f 1601 1602 1603 1604
f 1605 1608 1607 1606
f 1601 1605 1606 1602
f 1602 1606 1607 1603
f 1603 1607 1608 1604
f 1604 1608 1605 1601
usemtl m5
g DA-2F__World_Dadong_F2_col_41
f 1609 1610 1611 1612
f 1613 1616 1615 1614
f 1609 1613 1614 1610
f 1610 1614 1615 1611
f 1611 1615 1616 1612
f 1612 1616 1613 1609
usemtl m5
g DA-2F__World_Dadong_F2_col_42
f 1617 1618 1619 1620
f 1621 1624 1623 1622
f 1617 1621 1622 1618
f 1618 1622 1623 1619
f 1619 1623 1624 1620
f 1620 1624 1621 1617
usemtl m5
g DA-2F__World_Dadong_F2_col_43
f 1625 1626 1627 1628
f 1629 1632 1631 1630
f 1625 1629 1630 1626
f 1626 1630 1631 1627
f 1627 1631 1632 1628
f 1628 1632 1629 1625
usemtl m5
g DA-2F__World_Dadong_F2_col_44
f 1633 1634 1635 1636
f 1637 1640 1639 1638
f 1633 1637 1638 1634
f 1634 1638 1639 1635
f 1635 1639 1640 1636
f 1636 1640 1637 1633
usemtl m5
g DA-2F__World_Dadong_F2_col_45
f 1641 1642 1643 1644
f 1645 1648 1647 1646
f 1641 1645 1646 1642
f 1642 1646 1647 1643
f 1643 1647 1648 1644
f 1644 1648 1645 1641
usemtl m5
g DA-2F__World_Dadong_F2_col_46
f 1649 1650 1651 1652
f 1653 1656 1655 1654
f 1649 1653 1654 1650
f 1650 1654 1655 1651
f 1651 1655 1656 1652
f 1652 1656 1653 1649
usemtl m5
g DA-2F__World_Dadong_F2_col_47
f 1657 1658 1659 1660
f 1661 1664 1663 1662
f 1657 1661 1662 1658
f 1658 1662 1663 1659
f 1659 1663 1664 1660
f 1660 1664 1661 1657
usemtl m5
g DA-2F__World_Dadong_F2_col_48
f 1665 1666 1667 1668
f 1669 1672 1671 1670
f 1665 1669 1670 1666
f 1666 1670 1671 1667
f 1667 1671 1672 1668
f 1668 1672 1669 1665
usemtl m5
g DA-2F__World_Dadong_F2_col_49
f 1673 1674 1675 1676
f 1677 1680 1679 1678
f 1673 1677 1678 1674
f 1674 1678 1679 1675
f 1675 1679 1680 1676
f 1676 1680 1677 1673
usemtl m5
g DA-2F__World_Dadong_F2_col_50
f 1681 1682 1683 1684
f 1685 1688 1687 1686
f 1681 1685 1686 1682
f 1682 1686 1687 1683
f 1683 1687 1688 1684
f 1684 1688 1685 1681
usemtl m5
g DA-2F__World_Dadong_F2_col_51
f 1689 1690 1691 1692
f 1693 1696 1695 1694
f 1689 1693 1694 1690
f 1690 1694 1695 1691
f 1691 1695 1696 1692
f 1692 1696 1693 1689
usemtl m5
g DA-2F__World_Dadong_F2_col_52
f 1697 1698 1699 1700
f 1701 1704 1703 1702
f 1697 1701 1702 1698
f 1698 1702 1703 1699
f 1699 1703 1704 1700
f 1700 1704 1701 1697
usemtl m5
g DA-2F__World_Dadong_F2_col_53
f 1705 1706 1707 1708
f 1709 1712 1711 1710
f 1705 1709 1710 1706
f 1706 1710 1711 1707
f 1707 1711 1712 1708
f 1708 1712 1709 1705
usemtl m5
g DA-2F__World_Dadong_F2_col_54
f 1713 1714 1715 1716
f 1717 1720 1719 1718
f 1713 1717 1718 1714
f 1714 1718 1719 1715
f 1715 1719 1720 1716
f 1716 1720 1717 1713
usemtl m5
g DA-2F__World_Dadong_F2_col_55
f 1721 1722 1723 1724
f 1725 1728 1727 1726
f 1721 1725 1726 1722
f 1722 1726 1727 1723
f 1723 1727 1728 1724
f 1724 1728 1725 1721
usemtl m5
g DA-2F__World_Dadong_F2_col_56
f 1729 1730 1731 1732
f 1733 1736 1735 1734
f 1729 1733 1734 1730
f 1730 1734 1735 1731
f 1731 1735 1736 1732
f 1732 1736 1733 1729
usemtl m5
g DA-2F__World_Dadong_F2_col_57
f 1737 1738 1739 1740
f 1741 1744 1743 1742
f 1737 1741 1742 1738
f 1738 1742 1743 1739
f 1739 1743 1744 1740
f 1740 1744 1741 1737
usemtl m5
g DA-2F__World_Dadong_F2_col_58
f 1745 1746 1747 1748
f 1749 1752 1751 1750
f 1745 1749 1750 1746
f 1746 1750 1751 1747
f 1747 1751 1752 1748
f 1748 1752 1749 1745
usemtl m5
g DA-2F__World_Dadong_F2_col_59
f 1753 1754 1755 1756
f 1757 1760 1759 1758
f 1753 1757 1758 1754
f 1754 1758 1759 1755
f 1755 1759 1760 1756
f 1756 1760 1757 1753
usemtl m6
g DA-2F__World_Dadong_F2_coreL_S_0
f 1761 1762 1763 1764
f 1765 1768 1767 1766
f 1761 1765 1766 1762
f 1762 1766 1767 1763
f 1763 1767 1768 1764
f 1764 1768 1765 1761
usemtl m6
g DA-2F__World_Dadong_F2_coreL_N_0
f 1769 1770 1771 1772
f 1773 1776 1775 1774
f 1769 1773 1774 1770
f 1770 1774 1775 1771
f 1771 1775 1776 1772
f 1772 1776 1773 1769
usemtl m6
g DA-2F__World_Dadong_F2_coreL_W_0
f 1777 1778 1779 1780
f 1781 1784 1783 1782
f 1777 1781 1782 1778
f 1778 1782 1783 1779
f 1779 1783 1784 1780
f 1780 1784 1781 1777
usemtl m6
g DA-2F__World_Dadong_F2_coreL_E_0
f 1785 1786 1787 1788
f 1789 1792 1791 1790
f 1785 1789 1790 1786
f 1786 1790 1791 1787
f 1787 1791 1792 1788
f 1788 1792 1789 1785
usemtl m6
g DA-2F__World_Dadong_F2_coreL_E_1
f 1793 1794 1795 1796
f 1797 1800 1799 1798
f 1793 1797 1798 1794
f 1794 1798 1799 1795
f 1795 1799 1800 1796
f 1796 1800 1797 1793
usemtl m6
g DA-2F__World_Dadong_F2_coreL_E_2
f 1801 1802 1803 1804
f 1805 1808 1807 1806
f 1801 1805 1806 1802
f 1802 1806 1807 1803
f 1803 1807 1808 1804
f 1804 1808 1805 1801
usemtl m6
g DA-2F__World_Dadong_F2_coreR_S_0
f 1809 1810 1811 1812
f 1813 1816 1815 1814
f 1809 1813 1814 1810
f 1810 1814 1815 1811
f 1811 1815 1816 1812
f 1812 1816 1813 1809
usemtl m6
g DA-2F__World_Dadong_F2_coreR_N_0
f 1817 1818 1819 1820
f 1821 1824 1823 1822
f 1817 1821 1822 1818
f 1818 1822 1823 1819
f 1819 1823 1824 1820
f 1820 1824 1821 1817
usemtl m6
g DA-2F__World_Dadong_F2_coreR_W_0
f 1825 1826 1827 1828
f 1829 1832 1831 1830
f 1825 1829 1830 1826
f 1826 1830 1831 1827
f 1827 1831 1832 1828
f 1828 1832 1829 1825
usemtl m6
g DA-2F__World_Dadong_F2_coreR_W_1
f 1833 1834 1835 1836
f 1837 1840 1839 1838
f 1833 1837 1838 1834
f 1834 1838 1839 1835
f 1835 1839 1840 1836
f 1836 1840 1837 1833
usemtl m6
g DA-2F__World_Dadong_F2_coreR_W_2
f 1841 1842 1843 1844
f 1845 1848 1847 1846
f 1841 1845 1846 1842
f 1842 1846 1847 1843
f 1843 1847 1848 1844
f 1844 1848 1845 1841
usemtl m6
g DA-2F__World_Dadong_F2_coreR_E_0
f 1849 1850 1851 1852
f 1853 1856 1855 1854
f 1849 1853 1854 1850
f 1850 1854 1855 1851
f 1851 1855 1856 1852
f 1852 1856 1853 1849
usemtl m7
g DA-2F__World_Dadong_F2_slab
f 1857 1858 1859 1860
f 1861 1864 1863 1862
f 1857 1861 1862 1858
f 1858 1862 1863 1859
f 1859 1863 1864 1860
f 1860 1864 1861 1857
usemtl m7
g DA-2F__World_Dadong_F2_coreSlab0
f 1865 1866 1867 1868
f 1869 1872 1871 1870
f 1865 1869 1870 1866
f 1866 1870 1871 1867
f 1867 1871 1872 1868
f 1868 1872 1869 1865
usemtl m7
g DA-2F__World_Dadong_F2_coreSlab1
f 1873 1874 1875 1876
f 1877 1880 1879 1878
f 1873 1877 1878 1874
f 1874 1878 1879 1875
f 1875 1879 1880 1876
f 1876 1880 1877 1873
usemtl m8
g DA-2F__World_Dadong_F2_girder_0
f 1881 1882 1883 1884
f 1885 1888 1887 1886
f 1881 1885 1886 1882
f 1882 1886 1887 1883
f 1883 1887 1888 1884
f 1884 1888 1885 1881
usemtl m8
g DA-2F__World_Dadong_F2_girder_1
f 1889 1890 1891 1892
f 1893 1896 1895 1894
f 1889 1893 1894 1890
f 1890 1894 1895 1891
f 1891 1895 1896 1892
f 1892 1896 1893 1889
usemtl m8
g DA-2F__World_Dadong_F2_girder_2
f 1897 1898 1899 1900
f 1901 1904 1903 1902
f 1897 1901 1902 1898
f 1898 1902 1903 1899
f 1899 1903 1904 1900
f 1900 1904 1901 1897
usemtl m8
g DA-2F__World_Dadong_F2_girder_3
f 1905 1906 1907 1908
f 1909 1912 1911 1910
f 1905 1909 1910 1906
f 1906 1910 1911 1907
f 1907 1911 1912 1908
f 1908 1912 1909 1905
usemtl m8
g DA-2F__World_Dadong_F2_girder_4
f 1913 1914 1915 1916
f 1917 1920 1919 1918
f 1913 1917 1918 1914
f 1914 1918 1919 1915
f 1915 1919 1920 1916
f 1916 1920 1917 1913
usemtl m8
g DA-2F__World_Dadong_F2_beam_0
f 1921 1922 1923 1924
f 1925 1928 1927 1926
f 1921 1925 1926 1922
f 1922 1926 1927 1923
f 1923 1927 1928 1924
f 1924 1928 1925 1921
usemtl m8
g DA-2F__World_Dadong_F2_beam_1
f 1929 1930 1931 1932
f 1933 1936 1935 1934
f 1929 1933 1934 1930
f 1930 1934 1935 1931
f 1931 1935 1936 1932
f 1932 1936 1933 1929
usemtl m8
g DA-2F__World_Dadong_F2_beam_2
f 1937 1938 1939 1940
f 1941 1944 1943 1942
f 1937 1941 1942 1938
f 1938 1942 1943 1939
f 1939 1943 1944 1940
f 1940 1944 1941 1937
usemtl m8
g DA-2F__World_Dadong_F2_beam_3
f 1945 1946 1947 1948
f 1949 1952 1951 1950
f 1945 1949 1950 1946
f 1946 1950 1951 1947
f 1947 1951 1952 1948
f 1948 1952 1949 1945
usemtl m8
g DA-2F__World_Dadong_F2_beam_4
f 1953 1954 1955 1956
f 1957 1960 1959 1958
f 1953 1957 1958 1954
f 1954 1958 1959 1955
f 1955 1959 1960 1956
f 1956 1960 1957 1953
usemtl m8
g DA-2F__World_Dadong_F2_beam_5
f 1961 1962 1963 1964
f 1965 1968 1967 1966
f 1961 1965 1966 1962
f 1962 1966 1967 1963
f 1963 1967 1968 1964
f 1964 1968 1965 1961
usemtl m8
g DA-2F__World_Dadong_F2_beam_6
f 1969 1970 1971 1972
f 1973 1976 1975 1974
f 1969 1973 1974 1970
f 1970 1974 1975 1971
f 1971 1975 1976 1972
f 1972 1976 1973 1969
usemtl m8
g DA-2F__World_Dadong_F2_beam_7
f 1977 1978 1979 1980
f 1981 1984 1983 1982
f 1977 1981 1982 1978
f 1978 1982 1983 1979
f 1979 1983 1984 1980
f 1980 1984 1981 1977
usemtl m8
g DA-2F__World_Dadong_F2_beam_8
f 1985 1986 1987 1988
f 1989 1992 1991 1990
f 1985 1989 1990 1986
f 1986 1990 1991 1987
f 1987 1991 1992 1988
f 1988 1992 1989 1985
usemtl m8
g DA-2F__World_Dadong_F2_beam_9
f 1993 1994 1995 1996
f 1997 2000 1999 1998
f 1993 1997 1998 1994
f 1994 1998 1999 1995
f 1995 1999 2000 1996
f 1996 2000 1997 1993
usemtl m8
g DA-2F__World_Dadong_F2_beam_10
f 2001 2002 2003 2004
f 2005 2008 2007 2006
f 2001 2005 2006 2002
f 2002 2006 2007 2003
f 2003 2007 2008 2004
f 2004 2008 2005 2001
usemtl m8
g DA-2F__World_Dadong_F2_beam_11
f 2009 2010 2011 2012
f 2013 2016 2015 2014
f 2009 2013 2014 2010
f 2010 2014 2015 2011
f 2011 2015 2016 2012
f 2012 2016 2013 2009
usemtl m9
g DA-roof__World_Dadong_Roof_clad_roof
f 2017 2018 2020 2019
f 2017 2021 2022 2018
usemtl m4
g DA-roof__World_Dadong_Roof_clad_gW
f 2023 2024 2025
usemtl m4
g DA-roof__World_Dadong_Roof_clad_gE
f 2026 2027 2028
usemtl m4
g DA-roof__World_Dadong_Roof_canopy_N
f 2029 2030 2031 2032
f 2033 2036 2035 2034
f 2029 2033 2034 2030
f 2030 2034 2035 2031
f 2031 2035 2036 2032
f 2032 2036 2033 2029
usemtl m10
g DA-roof__World_Dadong_Roof_fr_rafN_0
f 2037 2038 2039 2040
f 2041 2044 2043 2042
f 2037 2041 2042 2038
f 2038 2042 2043 2039
f 2039 2043 2044 2040
f 2040 2044 2041 2037
usemtl m10
g DA-roof__World_Dadong_Roof_fr_rafS_0
f 2045 2046 2047 2048
f 2049 2052 2051 2050
f 2045 2049 2050 2046
f 2046 2050 2051 2047
f 2047 2051 2052 2048
f 2048 2052 2049 2045
usemtl m10
g DA-roof__World_Dadong_Roof_fr_rafN_1
f 2053 2054 2055 2056
f 2057 2060 2059 2058
f 2053 2057 2058 2054
f 2054 2058 2059 2055
f 2055 2059 2060 2056
f 2056 2060 2057 2053
usemtl m10
g DA-roof__World_Dadong_Roof_fr_rafS_1
f 2061 2062 2063 2064
f 2065 2068 2067 2066
f 2061 2065 2066 2062
f 2062 2066 2067 2063
f 2063 2067 2068 2064
f 2064 2068 2065 2061
usemtl m10
g DA-roof__World_Dadong_Roof_fr_rafN_2
f 2069 2070 2071 2072
f 2073 2076 2075 2074
f 2069 2073 2074 2070
f 2070 2074 2075 2071
f 2071 2075 2076 2072
f 2072 2076 2073 2069
usemtl m10
g DA-roof__World_Dadong_Roof_fr_rafS_2
f 2077 2078 2079 2080
f 2081 2084 2083 2082
f 2077 2081 2082 2078
f 2078 2082 2083 2079
f 2079 2083 2084 2080
f 2080 2084 2081 2077
usemtl m10
g DA-roof__World_Dadong_Roof_fr_rafN_3
f 2085 2086 2087 2088
f 2089 2092 2091 2090
f 2085 2089 2090 2086
f 2086 2090 2091 2087
f 2087 2091 2092 2088
f 2088 2092 2089 2085
usemtl m10
g DA-roof__World_Dadong_Roof_fr_rafS_3
f 2093 2094 2095 2096
f 2097 2100 2099 2098
f 2093 2097 2098 2094
f 2094 2098 2099 2095
f 2095 2099 2100 2096
f 2096 2100 2097 2093
usemtl m10
g DA-roof__World_Dadong_Roof_fr_rafN_4
f 2101 2102 2103 2104
f 2105 2108 2107 2106
f 2101 2105 2106 2102
f 2102 2106 2107 2103
f 2103 2107 2108 2104
f 2104 2108 2105 2101
usemtl m10
g DA-roof__World_Dadong_Roof_fr_rafS_4
f 2109 2110 2111 2112
f 2113 2116 2115 2114
f 2109 2113 2114 2110
f 2110 2114 2115 2111
f 2111 2115 2116 2112
f 2112 2116 2113 2109
usemtl m10
g DA-roof__World_Dadong_Roof_fr_rafN_5
f 2117 2118 2119 2120
f 2121 2124 2123 2122
f 2117 2121 2122 2118
f 2118 2122 2123 2119
f 2119 2123 2124 2120
f 2120 2124 2121 2117
usemtl m10
g DA-roof__World_Dadong_Roof_fr_rafS_5
f 2125 2126 2127 2128
f 2129 2132 2131 2130
f 2125 2129 2130 2126
f 2126 2130 2131 2127
f 2127 2131 2132 2128
f 2128 2132 2129 2125
usemtl m10
g DA-roof__World_Dadong_Roof_fr_rafN_6
f 2133 2134 2135 2136
f 2137 2140 2139 2138
f 2133 2137 2138 2134
f 2134 2138 2139 2135
f 2135 2139 2140 2136
f 2136 2140 2137 2133
usemtl m10
g DA-roof__World_Dadong_Roof_fr_rafS_6
f 2141 2142 2143 2144
f 2145 2148 2147 2146
f 2141 2145 2146 2142
f 2142 2146 2147 2143
f 2143 2147 2148 2144
f 2144 2148 2145 2141
usemtl m10
g DA-roof__World_Dadong_Roof_fr_rafN_7
f 2149 2150 2151 2152
f 2153 2156 2155 2154
f 2149 2153 2154 2150
f 2150 2154 2155 2151
f 2151 2155 2156 2152
f 2152 2156 2153 2149
usemtl m10
g DA-roof__World_Dadong_Roof_fr_rafS_7
f 2157 2158 2159 2160
f 2161 2164 2163 2162
f 2157 2161 2162 2158
f 2158 2162 2163 2159
f 2159 2163 2164 2160
f 2160 2164 2161 2157
usemtl m10
g DA-roof__World_Dadong_Roof_fr_rafN_8
f 2165 2166 2167 2168
f 2169 2172 2171 2170
f 2165 2169 2170 2166
f 2166 2170 2171 2167
f 2167 2171 2172 2168
f 2168 2172 2169 2165
usemtl m10
g DA-roof__World_Dadong_Roof_fr_rafS_8
f 2173 2174 2175 2176
f 2177 2180 2179 2178
f 2173 2177 2178 2174
f 2174 2178 2179 2175
f 2175 2179 2180 2176
f 2176 2180 2177 2173
usemtl m10
g DA-roof__World_Dadong_Roof_fr_rafN_9
f 2181 2182 2183 2184
f 2185 2188 2187 2186
f 2181 2185 2186 2182
f 2182 2186 2187 2183
f 2183 2187 2188 2184
f 2184 2188 2185 2181
usemtl m10
g DA-roof__World_Dadong_Roof_fr_rafS_9
f 2189 2190 2191 2192
f 2193 2196 2195 2194
f 2189 2193 2194 2190
f 2190 2194 2195 2191
f 2191 2195 2196 2192
f 2192 2196 2193 2189
usemtl m10
g DA-roof__World_Dadong_Roof_fr_rafN_10
f 2197 2198 2199 2200
f 2201 2204 2203 2202
f 2197 2201 2202 2198
f 2198 2202 2203 2199
f 2199 2203 2204 2200
f 2200 2204 2201 2197
usemtl m10
g DA-roof__World_Dadong_Roof_fr_rafS_10
f 2205 2206 2207 2208
f 2209 2212 2211 2210
f 2205 2209 2210 2206
f 2206 2210 2211 2207
f 2207 2211 2212 2208
f 2208 2212 2209 2205
usemtl m10
g DA-roof__World_Dadong_Roof_fr_rafN_11
f 2213 2214 2215 2216
f 2217 2220 2219 2218
f 2213 2217 2218 2214
f 2214 2218 2219 2215
f 2215 2219 2220 2216
f 2216 2220 2217 2213
usemtl m10
g DA-roof__World_Dadong_Roof_fr_rafS_11
f 2221 2222 2223 2224
f 2225 2228 2227 2226
f 2221 2225 2226 2222
f 2222 2226 2227 2223
f 2223 2227 2228 2224
f 2224 2228 2225 2221
usemtl m10
g DA-roof__World_Dadong_Roof_fr_ridge
f 2229 2230 2231 2232
f 2233 2236 2235 2234
f 2229 2233 2234 2230
f 2230 2234 2235 2231
f 2231 2235 2236 2232
f 2232 2236 2233 2229
usemtl m10
g DA-roof__World_Dadong_Roof_fr_eaveN
f 2237 2238 2239 2240
f 2241 2244 2243 2242
f 2237 2241 2242 2238
f 2238 2242 2243 2239
f 2239 2243 2244 2240
f 2240 2244 2241 2237
usemtl m10
g DA-roof__World_Dadong_Roof_fr_eaveS
f 2245 2246 2247 2248
f 2249 2252 2251 2250
f 2245 2249 2250 2246
f 2246 2250 2251 2247
f 2247 2251 2252 2248
f 2248 2252 2249 2245
usemtl m10
g DA-roof__World_Dadong_Roof_fr_purlN
f 2253 2254 2255 2256
f 2257 2260 2259 2258
f 2253 2257 2258 2254
f 2254 2258 2259 2255
f 2255 2259 2260 2256
f 2256 2260 2257 2253
usemtl m10
g DA-roof__World_Dadong_Roof_fr_purlS
f 2261 2262 2263 2264
f 2265 2268 2267 2266
f 2261 2265 2266 2262
f 2262 2266 2267 2263
f 2263 2267 2268 2264
f 2264 2268 2265 2261
usemtl m11
g DA-2F__World_Dadong_F2_Equip_mylar
f 2269 2270 2271 2272
f 2273 2276 2275 2274
f 2269 2273 2274 2270
f 2270 2274 2275 2271
f 2271 2275 2276 2272
f 2272 2276 2273 2269
usemtl m11
g DA-2F__World_Dadong_F2_Equip_develop
f 2277 2278 2279 2280
f 2281 2284 2283 2282
f 2277 2281 2282 2278
f 2278 2282 2283 2279
f 2279 2283 2284 2280
f 2280 2284 2281 2277
usemtl m11
g DA-2F__World_Dadong_F2_Equip_etch
f 2285 2286 2287 2288
f 2289 2292 2291 2290
f 2285 2289 2290 2286
f 2286 2290 2291 2287
f 2287 2291 2292 2288
f 2288 2292 2289 2285
usemtl m11
g DA-2F__World_Dadong_F2_Equip_strip
f 2293 2294 2295 2296
f 2297 2300 2299 2298
f 2293 2297 2298 2294
f 2294 2298 2299 2295
f 2295 2299 2300 2296
f 2296 2300 2297 2293
usemtl m11
g DA-2F__World_Dadong_F2_Equip_dryetc
f 2301 2302 2303 2304
f 2305 2308 2307 2306
f 2301 2305 2306 2302
f 2302 2306 2307 2303
f 2303 2307 2308 2304
f 2304 2308 2305 2301
usemtl m12
g DA-2F__World_Dadong_F2_Equip_wet_recv
f 2309 2310 2311 2312
f 2313 2316 2315 2314
f 2309 2313 2314 2310
f 2310 2314 2315 2311
f 2311 2315 2316 2312
f 2312 2316 2313 2309
usemtl m13
g DA-2F__World_Dadong_F2_Equip_dev_liq
f 2317 2318 2319 2320
f 2321 2324 2323 2322
f 2317 2321 2322 2318
f 2318 2322 2323 2319
f 2319 2323 2324 2320
f 2320 2324 2321 2317
usemtl m13
g DA-2F__World_Dadong_F2_Equip_hcl
f 2325 2326 2327 2328
f 2329 2332 2331 2330
f 2325 2329 2330 2326
f 2326 2330 2331 2327
f 2327 2331 2332 2328
f 2328 2332 2329 2325
usemtl m13
g DA-2F__World_Dadong_F2_Equip_chlorate
f 2333 2334 2335 2336
f 2337 2340 2339 2338
f 2333 2337 2338 2334
f 2334 2338 2339 2335
f 2335 2339 2340 2336
f 2336 2340 2337 2333
usemtl m13
g DA-2F__World_Dadong_F2_Equip_strip_liq
f 2341 2342 2343 2344
f 2345 2348 2347 2346
f 2341 2345 2346 2342
f 2342 2346 2347 2343
f 2343 2347 2348 2344
f 2344 2348 2345 2341
usemtl m13
g DA-2F__World_Dadong_F2_Equip_ctrl_pnl
f 2349 2350 2351 2352
f 2353 2356 2355 2354
f 2349 2353 2354 2350
f 2350 2354 2355 2351
f 2351 2355 2356 2352
f 2352 2356 2353 2349
usemtl m12
g DA-2F__World_Dadong_F2_Equip_psr_in
f 2357 2358 2359 2360
f 2361 2364 2363 2362
f 2357 2361 2362 2358
f 2358 2362 2363 2359
f 2359 2363 2364 2360
f 2360 2364 2361 2357
usemtl m14
g DA-2F__World_Dadong_F2_Equip_psr_lvl
f 2365 2366 2367 2368
f 2369 2372 2371 2370
f 2365 2369 2370 2366
f 2366 2370 2371 2367
f 2367 2371 2372 2368
f 2368 2372 2369 2365
usemtl m12
g DA-2F__World_Dadong_F2_Equip_psr_recv
f 2373 2374 2375 2376
f 2377 2380 2379 2378
f 2373 2377 2378 2374
f 2374 2378 2379 2375
f 2375 2379 2380 2376
f 2376 2380 2377 2373
usemtl m15
g DA-2F__World_Dadong_F2_Equip_cp1
f 2381 2382 2383 2384
f 2385 2388 2387 2386
f 2381 2385 2386 2382
f 2382 2386 2387 2383
f 2383 2387 2388 2384
f 2384 2388 2385 2381
usemtl m15
g DA-2F__World_Dadong_F2_Equip_cp2
f 2389 2390 2391 2392
f 2393 2396 2395 2394
f 2389 2393 2394 2390
f 2390 2394 2395 2391
f 2391 2395 2396 2392
f 2392 2396 2393 2389
usemtl m15
g DA-2F__World_Dadong_F2_Equip_se1
f 2397 2398 2399 2400
f 2401 2404 2403 2402
f 2397 2401 2402 2398
f 2398 2402 2403 2399
f 2399 2403 2404 2400
f 2400 2404 2401 2397
usemtl m15
g DA-2F__World_Dadong_F2_Equip_dongbun1
f 2405 2406 2407 2408
f 2409 2412 2411 2410
f 2405 2409 2410 2406
f 2406 2410 2411 2407
f 2407 2411 2412 2408
f 2408 2412 2409 2405
usemtl m16
g DA-2F__World_Dadong_F2_Equip_printer1
f 2413 2414 2415 2416
f 2417 2420 2419 2418
f 2413 2417 2418 2414
f 2414 2418 2419 2415
f 2415 2419 2420 2416
f 2416 2420 2417 2413
usemtl m16
g DA-2F__World_Dadong_F2_Equip_printer2
f 2421 2422 2423 2424
f 2425 2428 2427 2426
f 2421 2425 2426 2422
f 2422 2426 2427 2423
f 2423 2427 2428 2424
f 2424 2428 2425 2421
usemtl m16
g DA-2F__World_Dadong_F2_Equip_printer3
f 2429 2430 2431 2432
f 2433 2436 2435 2434
f 2429 2433 2434 2430
f 2430 2434 2435 2431
f 2431 2435 2436 2432
f 2432 2436 2433 2429
usemtl m12
g DA-2F__World_Dadong_F2_Equip_df_in
f 2437 2438 2439 2440
f 2441 2444 2443 2442
f 2437 2441 2442 2438
f 2438 2442 2443 2439
f 2439 2443 2444 2440
f 2440 2444 2441 2437
usemtl m14
g DA-2F__World_Dadong_F2_Equip_df_lvl
f 2445 2446 2447 2448
f 2449 2452 2451 2450
f 2445 2449 2450 2446
f 2446 2450 2451 2447
f 2447 2451 2452 2448
f 2448 2452 2449 2445
usemtl m14
g DA-2F__World_Dadong_F2_Equip_lamin
f 2453 2454 2455 2456
f 2457 2460 2459 2458
f 2453 2457 2458 2454
f 2454 2458 2459 2455
f 2455 2459 2460 2456
f 2456 2460 2457 2453
usemtl m12
g DA-2F__World_Dadong_F2_Equip_df_recv
f 2461 2462 2463 2464
f 2465 2468 2467 2466
f 2461 2465 2466 2462
f 2462 2466 2467 2463
f 2463 2467 2468 2464
f 2464 2468 2465 2461
usemtl m15
g DA-2F__World_Dadong_F2_Equip_dongbun2
f 2469 2470 2471 2472
f 2473 2476 2475 2474
f 2469 2473 2474 2470
f 2470 2474 2475 2471
f 2471 2475 2476 2472
f 2472 2476 2473 2469
usemtl m15
g DA-2F__World_Dadong_F2_Equip_se2
f 2477 2478 2479 2480
f 2481 2484 2483 2482
f 2477 2481 2482 2478
f 2478 2482 2483 2479
f 2479 2483 2484 2480
f 2480 2484 2481 2477
usemtl m15
g DA-2F__World_Dadong_F2_Equip_cp3
f 2485 2486 2487 2488
f 2489 2492 2491 2490
f 2485 2489 2490 2486
f 2486 2490 2491 2487
f 2487 2491 2492 2488
f 2488 2492 2489 2485
usemtl m17
g DA-2F__World_Dadong_F2_Equip_exp1
f 2493 2494 2495 2496
f 2497 2500 2499 2498
f 2493 2497 2498 2494
f 2494 2498 2499 2495
f 2495 2499 2500 2496
f 2496 2500 2497 2493
usemtl m17
g DA-2F__World_Dadong_F2_Equip_exp2
f 2501 2502 2503 2504
f 2505 2508 2507 2506
f 2501 2505 2506 2502
f 2502 2506 2507 2503
f 2503 2507 2508 2504
f 2504 2508 2505 2501
usemtl m18
g DA-2F__World_Dadong_F2_Equip_ldi_room
f 2509 2510 2511 2512
f 2513 2516 2515 2514
f 2509 2513 2514 2510
f 2510 2514 2515 2511
f 2511 2515 2516 2512
f 2512 2516 2513 2509
usemtl m19
g DA-2F__World_Dadong_F2_Equip_ldi
f 2517 2518 2519 2520
f 2521 2524 2523 2522
f 2517 2521 2522 2518
f 2518 2522 2523 2519
f 2519 2523 2524 2520
f 2520 2524 2521 2517
usemtl m15
g DA-2F__World_Dadong_F2_Equip_rack85
f 2525 2526 2527 2528
f 2529 2532 2531 2530
f 2525 2529 2530 2526
f 2526 2530 2531 2527
f 2527 2531 2532 2528
f 2528 2532 2529 2525
usemtl m15
g DA-2F__World_Dadong_F2_Equip_rack86
f 2533 2534 2535 2536
f 2537 2540 2539 2538
f 2533 2537 2538 2534
f 2534 2538 2539 2535
f 2535 2539 2540 2536
f 2536 2540 2537 2533
usemtl m15
g DA-2F__World_Dadong_F2_Equip_dryfilm2
f 2541 2542 2543 2544
f 2545 2548 2547 2546
f 2541 2545 2546 2542
f 2542 2546 2547 2543
f 2543 2547 2548 2544
f 2544 2548 2545 2541
usemtl m15
g DA-2F__World_Dadong_F2_Equip_dryfilm1
f 2549 2550 2551 2552
f 2553 2556 2555 2554
f 2549 2553 2554 2550
f 2550 2554 2555 2551
f 2551 2555 2556 2552
f 2552 2556 2553 2549
usemtl m20
g DA-2F__World_Dadong_F2_Equip_table_w
f 2557 2558 2559 2560
f 2561 2564 2563 2562
f 2557 2561 2562 2558
f 2558 2562 2563 2559
f 2559 2563 2564 2560
f 2560 2564 2561 2557
usemtl m20
g DA-2F__World_Dadong_F2_Equip_ac_w
f 2565 2566 2567 2568
f 2569 2572 2571 2570
f 2565 2569 2570 2566
f 2566 2570 2571 2567
f 2567 2571 2572 2568
f 2568 2572 2569 2565
usemtl m20
g DA-2F__World_Dadong_F2_Equip_aw_w
f 2573 2574 2575 2576
f 2577 2580 2579 2578
f 2573 2577 2578 2574
f 2574 2578 2579 2575
f 2575 2579 2580 2576
f 2576 2580 2577 2573
usemtl m20
g DA-2F__World_Dadong_F2_Equip_aws_w
f 2581 2582 2583 2584
f 2585 2588 2587 2586
f 2581 2585 2586 2582
f 2582 2586 2587 2583
f 2583 2587 2588 2584
f 2584 2588 2585 2581
usemtl m20
g DA-2F__World_Dadong_F2_Equip_su_la
f 2589 2590 2591 2592
f 2593 2596 2595 2594
f 2589 2593 2594 2590
f 2590 2594 2595 2591
f 2591 2595 2596 2592
f 2592 2596 2593 2589
usemtl m20
g DA-2F__World_Dadong_F2_Equip_table_a
f 2597 2598 2599 2600
f 2601 2604 2603 2602
f 2597 2601 2602 2598
f 2598 2602 2603 2599
f 2599 2603 2604 2600
f 2600 2604 2601 2597
usemtl m20
g DA-2F__World_Dadong_F2_Equip_ac1
f 2605 2606 2607 2608
f 2609 2612 2611 2610
f 2605 2609 2610 2606
f 2606 2610 2611 2607
f 2607 2611 2612 2608
f 2608 2612 2609 2605
usemtl m14
g DA-2F__World_Dadong_F2_Equip_final_dry1
f 2613 2614 2615 2616
f 2617 2620 2619 2618
f 2613 2617 2618 2614
f 2614 2618 2619 2615
f 2615 2619 2620 2616
f 2616 2620 2617 2613
usemtl m14
g DA-2F__World_Dadong_F2_Equip_final_dry2
f 2621 2622 2623 2624
f 2625 2628 2627 2626
f 2621 2625 2626 2622
f 2622 2626 2627 2623
f 2623 2627 2628 2624
f 2624 2628 2625 2621
usemtl m18
g DA-2F__World_Dadong_F2_Equip_mixing
f 2629 2630 2631 2632
f 2633 2636 2635 2634
f 2629 2633 2634 2630
f 2630 2634 2635 2631
f 2631 2635 2636 2632
f 2632 2636 2633 2629
usemtl m20
g DA-2F__World_Dadong_F2_Equip_aw_s
f 2637 2638 2639 2640
f 2641 2644 2643 2642
f 2637 2641 2642 2638
f 2638 2642 2643 2639
f 2639 2643 2644 2640
f 2640 2644 2641 2637
usemtl m18
g DA-2F__World_Dadong_F2_Equip_cleanrm
f 2645 2646 2647 2648
f 2649 2652 2651 2650
f 2645 2649 2650 2646
f 2646 2650 2651 2647
f 2647 2651 2652 2648
f 2648 2652 2649 2645
usemtl m20
g DA-2F__World_Dadong_F2_Equip_air1
f 2653 2654 2655 2656
f 2657 2660 2659 2658
f 2653 2657 2658 2654
f 2654 2658 2659 2655
f 2655 2659 2660 2656
f 2656 2660 2657 2653
usemtl m20
g DA-2F__World_Dadong_F2_Equip_aws_s
f 2661 2662 2663 2664
f 2665 2668 2667 2666
f 2661 2665 2666 2662
f 2662 2666 2667 2663
f 2663 2667 2668 2664
f 2664 2668 2665 2661
usemtl m15
g DA-2F__World_Dadong_F2_Equip_dongbun3
f 2669 2670 2671 2672
f 2673 2676 2675 2674
f 2669 2673 2674 2670
f 2670 2674 2675 2671
f 2671 2675 2676 2672
f 2672 2676 2673 2669
usemtl m15
g DA-2F__World_Dadong_F2_Equip_se3
f 2677 2678 2679 2680
f 2681 2684 2683 2682
f 2677 2681 2682 2678
f 2678 2682 2683 2679
f 2679 2683 2684 2680
f 2680 2684 2681 2677
usemtl m14
g DA-2F__World_Dadong_F2_Equip_psr_dev
f 2685 2686 2687 2688
f 2689 2692 2691 2690
f 2685 2689 2690 2686
f 2686 2690 2691 2687
f 2687 2691 2692 2688
f 2688 2692 2689 2685
usemtl m12
g DA-2F__World_Dadong_F2_Equip_psr_dev_in
f 2693 2694 2695 2696
f 2697 2700 2699 2698
f 2693 2697 2698 2694
f 2694 2698 2699 2695
f 2695 2699 2700 2696
f 2696 2700 2697 2693
usemtl m14
g DA-2F__World_Dadong_F2_Equip_tunnel
f 2701 2702 2703 2704
f 2705 2708 2707 2706
f 2701 2705 2706 2702
f 2702 2706 2707 2703
f 2703 2707 2708 2704
f 2704 2708 2705 2701
usemtl m12
g DA-2F__World_Dadong_F2_Equip_tunnel_rv
f 2709 2710 2711 2712
f 2713 2716 2715 2714
f 2709 2713 2714 2710
f 2710 2714 2715 2711
f 2711 2715 2716 2712
f 2712 2716 2713 2709
usemtl m20
g DA-2F__World_Dadong_F2_Equip_table_s
f 2717 2718 2719 2720
f 2721 2724 2723 2722
f 2717 2721 2722 2718
f 2718 2722 2723 2719
f 2719 2723 2724 2720
f 2720 2724 2721 2717
usemtl m21
g DA-2F__World_Dadong_F2_Equip_cmm
f 2725 2726 2727 2728
f 2729 2732 2731 2730
f 2725 2729 2730 2726
f 2726 2730 2731 2727
f 2727 2731 2732 2728
f 2728 2732 2729 2725
usemtl m22
g DA-2F__World_Dadong_F2_Equip_silk2
f 2733 2734 2735 2736
f 2737 2740 2739 2738
f 2733 2737 2738 2734
f 2734 2738 2739 2735
f 2735 2739 2740 2736
f 2736 2740 2737 2733
usemtl m22
g DA-2F__World_Dadong_F2_Equip_silk1
f 2741 2742 2743 2744
f 2745 2748 2747 2746
f 2741 2745 2746 2742
f 2742 2746 2747 2743
f 2743 2747 2748 2744
f 2744 2748 2745 2741
usemtl m17
g DA-2F__World_Dadong_F2_Equip_exp2b
f 2749 2750 2751 2752
f 2753 2756 2755 2754
f 2749 2753 2754 2750
f 2750 2754 2755 2751
f 2751 2755 2756 2752
f 2752 2756 2753 2749
usemtl m17
g DA-2F__World_Dadong_F2_Equip_exp1b
f 2757 2758 2759 2760
f 2761 2764 2763 2762
f 2757 2761 2762 2758
f 2758 2762 2763 2759
f 2759 2763 2764 2760
f 2760 2764 2761 2757
usemtl m14
g DA-2F__World_Dadong_F2_Equip_predry
f 2765 2766 2767 2768
f 2769 2772 2771 2770
f 2765 2769 2770 2766
f 2766 2770 2771 2767
f 2767 2771 2772 2768
f 2768 2772 2769 2765
usemtl m20
g DA-2F__World_Dadong_F2_Equip_ac2
f 2773 2774 2775 2776
f 2777 2780 2779 2778
f 2773 2777 2778 2774
f 2774 2778 2779 2775
f 2775 2779 2780 2776
f 2776 2780 2777 2773
usemtl m20
g DA-2F__World_Dadong_F2_Equip_ac3
f 2781 2782 2783 2784
f 2785 2788 2787 2786
f 2781 2785 2786 2782
f 2782 2786 2787 2783
f 2783 2787 2788 2784
f 2784 2788 2785 2781
usemtl m20
g DA-2F__World_Dadong_F2_Equip_table_e
f 2789 2790 2791 2792
f 2793 2796 2795 2794
f 2789 2793 2794 2790
f 2790 2794 2795 2791
f 2791 2795 2796 2792
f 2792 2796 2793 2789
usemtl m20
g DA-2F__World_Dadong_F2_Equip_load_tbl
f 2797 2798 2799 2800
f 2801 2804 2803 2802
f 2797 2801 2802 2798
f 2798 2802 2803 2799
f 2799 2803 2804 2800
f 2800 2804 2801 2797
usemtl m23
g NA-1F__World_Nadong_F1_wall_S_0
f 2805 2806 2807 2808
f 2809 2812 2811 2810
f 2805 2809 2810 2806
f 2806 2810 2811 2807
f 2807 2811 2812 2808
f 2808 2812 2809 2805
usemtl m23
g NA-1F__World_Nadong_F1_wall_S_1
f 2813 2814 2815 2816
f 2817 2820 2819 2818
f 2813 2817 2818 2814
f 2814 2818 2819 2815
f 2815 2819 2820 2816
f 2816 2820 2817 2813
usemtl m23
g NA-1F__World_Nadong_F1_wall_S_2
f 2821 2822 2823 2824
f 2825 2828 2827 2826
f 2821 2825 2826 2822
f 2822 2826 2827 2823
f 2823 2827 2828 2824
f 2824 2828 2825 2821
usemtl m23
g NA-1F__World_Nadong_F1_wall_S_3
f 2829 2830 2831 2832
f 2833 2836 2835 2834
f 2829 2833 2834 2830
f 2830 2834 2835 2831
f 2831 2835 2836 2832
f 2832 2836 2833 2829
usemtl m23
g NA-1F__World_Nadong_F1_wall_S_4
f 2837 2838 2839 2840
f 2841 2844 2843 2842
f 2837 2841 2842 2838
f 2838 2842 2843 2839
f 2839 2843 2844 2840
f 2840 2844 2841 2837
usemtl m23
g NA-1F__World_Nadong_F1_wall_N_0
f 2845 2846 2847 2848
f 2849 2852 2851 2850
f 2845 2849 2850 2846
f 2846 2850 2851 2847
f 2847 2851 2852 2848
f 2848 2852 2849 2845
usemtl m23
g NA-1F__World_Nadong_F1_wall_W_0
f 2853 2854 2855 2856
f 2857 2860 2859 2858
f 2853 2857 2858 2854
f 2854 2858 2859 2855
f 2855 2859 2860 2856
f 2856 2860 2857 2853
usemtl m23
g NA-1F__World_Nadong_F1_wall_W_1
f 2861 2862 2863 2864
f 2865 2868 2867 2866
f 2861 2865 2866 2862
f 2862 2866 2867 2863
f 2863 2867 2868 2864
f 2864 2868 2865 2861
usemtl m23
g NA-1F__World_Nadong_F1_wall_W_2
f 2869 2870 2871 2872
f 2873 2876 2875 2874
f 2869 2873 2874 2870
f 2870 2874 2875 2871
f 2871 2875 2876 2872
f 2872 2876 2873 2869
usemtl m23
g NA-1F__World_Nadong_F1_wall_E_0
f 2877 2878 2879 2880
f 2881 2884 2883 2882
f 2877 2881 2882 2878
f 2878 2882 2883 2879
f 2879 2883 2884 2880
f 2880 2884 2881 2877
usemtl m24
g NA-1F__World_Nadong_F1_office_w
f 2885 2886 2887 2888
f 2889 2892 2891 2890
f 2885 2889 2890 2886
f 2886 2890 2891 2887
f 2887 2891 2892 2888
f 2888 2892 2889 2885
usemtl m24
g NA-1F__World_Nadong_F1_office_w2
f 2893 2894 2895 2896
f 2897 2900 2899 2898
f 2893 2897 2898 2894
f 2894 2898 2899 2895
f 2895 2899 2900 2896
f 2896 2900 2897 2893
usemtl m5
g NA-1F__World_Nadong_F1_col_0_45
f 2901 2902 2903 2904
f 2905 2908 2907 2906
f 2901 2905 2906 2902
f 2902 2906 2907 2903
f 2903 2907 2908 2904
f 2904 2908 2905 2901
usemtl m5
g NA-1F__World_Nadong_F1_col_0_54
f 2909 2910 2911 2912
f 2913 2916 2915 2914
f 2909 2913 2914 2910
f 2910 2914 2915 2911
f 2911 2915 2916 2912
f 2912 2916 2913 2909
usemtl m5
g NA-1F__World_Nadong_F1_col_0_62
f 2917 2918 2919 2920
f 2921 2924 2923 2922
f 2917 2921 2922 2918
f 2918 2922 2923 2919
f 2919 2923 2924 2920
f 2920 2924 2921 2917
usemtl m5
g NA-1F__World_Nadong_F1_col_1_45
f 2925 2926 2927 2928
f 2929 2932 2931 2930
f 2925 2929 2930 2926
f 2926 2930 2931 2927
f 2927 2931 2932 2928
f 2928 2932 2929 2925
usemtl m5
g NA-1F__World_Nadong_F1_col_1_54
f 2933 2934 2935 2936
f 2937 2940 2939 2938
f 2933 2937 2938 2934
f 2934 2938 2939 2935
f 2935 2939 2940 2936
f 2936 2940 2937 2933
usemtl m5
g NA-1F__World_Nadong_F1_col_1_62
f 2941 2942 2943 2944
f 2945 2948 2947 2946
f 2941 2945 2946 2942
f 2942 2946 2947 2943
f 2943 2947 2948 2944
f 2944 2948 2945 2941
usemtl m5
g NA-1F__World_Nadong_F1_col_2_45
f 2949 2950 2951 2952
f 2953 2956 2955 2954
f 2949 2953 2954 2950
f 2950 2954 2955 2951
f 2951 2955 2956 2952
f 2952 2956 2953 2949
usemtl m5
g NA-1F__World_Nadong_F1_col_2_54
f 2957 2958 2959 2960
f 2961 2964 2963 2962
f 2957 2961 2962 2958
f 2958 2962 2963 2959
f 2959 2963 2964 2960
f 2960 2964 2961 2957
usemtl m5
g NA-1F__World_Nadong_F1_col_2_62
f 2965 2966 2967 2968
f 2969 2972 2971 2970
f 2965 2969 2970 2966
f 2966 2970 2971 2967
f 2967 2971 2972 2968
f 2968 2972 2969 2965
usemtl m5
g NA-1F__World_Nadong_F1_col_3_45
f 2973 2974 2975 2976
f 2977 2980 2979 2978
f 2973 2977 2978 2974
f 2974 2978 2979 2975
f 2975 2979 2980 2976
f 2976 2980 2977 2973
usemtl m5
g NA-1F__World_Nadong_F1_col_3_54
f 2981 2982 2983 2984
f 2985 2988 2987 2986
f 2981 2985 2986 2982
f 2982 2986 2987 2983
f 2983 2987 2988 2984
f 2984 2988 2985 2981
usemtl m5
g NA-1F__World_Nadong_F1_col_3_62
f 2989 2990 2991 2992
f 2993 2996 2995 2994
f 2989 2993 2994 2990
f 2990 2994 2995 2991
f 2991 2995 2996 2992
f 2992 2996 2993 2989
usemtl m5
g NA-1F__World_Nadong_F1_col_4_45
f 2997 2998 2999 3000
f 3001 3004 3003 3002
f 2997 3001 3002 2998
f 2998 3002 3003 2999
f 2999 3003 3004 3000
f 3000 3004 3001 2997
usemtl m5
g NA-1F__World_Nadong_F1_col_4_54
f 3005 3006 3007 3008
f 3009 3012 3011 3010
f 3005 3009 3010 3006
f 3006 3010 3011 3007
f 3007 3011 3012 3008
f 3008 3012 3009 3005
usemtl m5
g NA-1F__World_Nadong_F1_col_4_62
f 3013 3014 3015 3016
f 3017 3020 3019 3018
f 3013 3017 3018 3014
f 3014 3018 3019 3015
f 3015 3019 3020 3016
f 3016 3020 3017 3013
usemtl m5
g NA-1F__World_Nadong_F1_col_5_45
f 3021 3022 3023 3024
f 3025 3028 3027 3026
f 3021 3025 3026 3022
f 3022 3026 3027 3023
f 3023 3027 3028 3024
f 3024 3028 3025 3021
usemtl m5
g NA-1F__World_Nadong_F1_col_5_54
f 3029 3030 3031 3032
f 3033 3036 3035 3034
f 3029 3033 3034 3030
f 3030 3034 3035 3031
f 3031 3035 3036 3032
f 3032 3036 3033 3029
usemtl m5
g NA-1F__World_Nadong_F1_col_5_62
f 3037 3038 3039 3040
f 3041 3044 3043 3042
f 3037 3041 3042 3038
f 3038 3042 3043 3039
f 3039 3043 3044 3040
f 3040 3044 3041 3037
usemtl m5
g NA-1F__World_Nadong_F1_col_6_45
f 3045 3046 3047 3048
f 3049 3052 3051 3050
f 3045 3049 3050 3046
f 3046 3050 3051 3047
f 3047 3051 3052 3048
f 3048 3052 3049 3045
usemtl m5
g NA-1F__World_Nadong_F1_col_6_54
f 3053 3054 3055 3056
f 3057 3060 3059 3058
f 3053 3057 3058 3054
f 3054 3058 3059 3055
f 3055 3059 3060 3056
f 3056 3060 3057 3053
usemtl m5
g NA-1F__World_Nadong_F1_col_6_62
f 3061 3062 3063 3064
f 3065 3068 3067 3066
f 3061 3065 3066 3062
f 3062 3066 3067 3063
f 3063 3067 3068 3064
f 3064 3068 3065 3061
usemtl m25
g NA-roof__World_Nadong_Roof_clad_roof
f 3069 3070 3072 3071
f 3069 3073 3074 3070
usemtl m23
g NA-roof__World_Nadong_Roof_clad_gW
f 3075 3076 3077
usemtl m23
g NA-roof__World_Nadong_Roof_clad_gE
f 3078 3079 3080
usemtl m10
g NA-roof__World_Nadong_Roof_fr_rafN_0
f 3081 3082 3083 3084
f 3085 3088 3087 3086
f 3081 3085 3086 3082
f 3082 3086 3087 3083
f 3083 3087 3088 3084
f 3084 3088 3085 3081
usemtl m10
g NA-roof__World_Nadong_Roof_fr_rafS_0
f 3089 3090 3091 3092
f 3093 3096 3095 3094
f 3089 3093 3094 3090
f 3090 3094 3095 3091
f 3091 3095 3096 3092
f 3092 3096 3093 3089
usemtl m10
g NA-roof__World_Nadong_Roof_fr_rafN_1
f 3097 3098 3099 3100
f 3101 3104 3103 3102
f 3097 3101 3102 3098
f 3098 3102 3103 3099
f 3099 3103 3104 3100
f 3100 3104 3101 3097
usemtl m10
g NA-roof__World_Nadong_Roof_fr_rafS_1
f 3105 3106 3107 3108
f 3109 3112 3111 3110
f 3105 3109 3110 3106
f 3106 3110 3111 3107
f 3107 3111 3112 3108
f 3108 3112 3109 3105
usemtl m10
g NA-roof__World_Nadong_Roof_fr_rafN_2
f 3113 3114 3115 3116
f 3117 3120 3119 3118
f 3113 3117 3118 3114
f 3114 3118 3119 3115
f 3115 3119 3120 3116
f 3116 3120 3117 3113
usemtl m10
g NA-roof__World_Nadong_Roof_fr_rafS_2
f 3121 3122 3123 3124
f 3125 3128 3127 3126
f 3121 3125 3126 3122
f 3122 3126 3127 3123
f 3123 3127 3128 3124
f 3124 3128 3125 3121
usemtl m10
g NA-roof__World_Nadong_Roof_fr_rafN_3
f 3129 3130 3131 3132
f 3133 3136 3135 3134
f 3129 3133 3134 3130
f 3130 3134 3135 3131
f 3131 3135 3136 3132
f 3132 3136 3133 3129
usemtl m10
g NA-roof__World_Nadong_Roof_fr_rafS_3
f 3137 3138 3139 3140
f 3141 3144 3143 3142
f 3137 3141 3142 3138
f 3138 3142 3143 3139
f 3139 3143 3144 3140
f 3140 3144 3141 3137
usemtl m10
g NA-roof__World_Nadong_Roof_fr_rafN_4
f 3145 3146 3147 3148
f 3149 3152 3151 3150
f 3145 3149 3150 3146
f 3146 3150 3151 3147
f 3147 3151 3152 3148
f 3148 3152 3149 3145
usemtl m10
g NA-roof__World_Nadong_Roof_fr_rafS_4
f 3153 3154 3155 3156
f 3157 3160 3159 3158
f 3153 3157 3158 3154
f 3154 3158 3159 3155
f 3155 3159 3160 3156
f 3156 3160 3157 3153
usemtl m10
g NA-roof__World_Nadong_Roof_fr_rafN_5
f 3161 3162 3163 3164
f 3165 3168 3167 3166
f 3161 3165 3166 3162
f 3162 3166 3167 3163
f 3163 3167 3168 3164
f 3164 3168 3165 3161
usemtl m10
g NA-roof__World_Nadong_Roof_fr_rafS_5
f 3169 3170 3171 3172
f 3173 3176 3175 3174
f 3169 3173 3174 3170
f 3170 3174 3175 3171
f 3171 3175 3176 3172
f 3172 3176 3173 3169
usemtl m10
g NA-roof__World_Nadong_Roof_fr_rafN_6
f 3177 3178 3179 3180
f 3181 3184 3183 3182
f 3177 3181 3182 3178
f 3178 3182 3183 3179
f 3179 3183 3184 3180
f 3180 3184 3181 3177
usemtl m10
g NA-roof__World_Nadong_Roof_fr_rafS_6
f 3185 3186 3187 3188
f 3189 3192 3191 3190
f 3185 3189 3190 3186
f 3186 3190 3191 3187
f 3187 3191 3192 3188
f 3188 3192 3189 3185
usemtl m10
g NA-roof__World_Nadong_Roof_fr_ridge
f 3193 3194 3195 3196
f 3197 3200 3199 3198
f 3193 3197 3198 3194
f 3194 3198 3199 3195
f 3195 3199 3200 3196
f 3196 3200 3197 3193
usemtl m10
g NA-roof__World_Nadong_Roof_fr_eaveN
f 3201 3202 3203 3204
f 3205 3208 3207 3206
f 3201 3205 3206 3202
f 3202 3206 3207 3203
f 3203 3207 3208 3204
f 3204 3208 3205 3201
usemtl m10
g NA-roof__World_Nadong_Roof_fr_eaveS
f 3209 3210 3211 3212
f 3213 3216 3215 3214
f 3209 3213 3214 3210
f 3210 3214 3215 3211
f 3211 3215 3216 3212
f 3212 3216 3213 3209
usemtl m10
g NA-roof__World_Nadong_Roof_fr_purlN
f 3217 3218 3219 3220
f 3221 3224 3223 3222
f 3217 3221 3222 3218
f 3218 3222 3223 3219
f 3219 3223 3224 3220
f 3220 3224 3221 3217
usemtl m10
g NA-roof__World_Nadong_Roof_fr_purlS
f 3225 3226 3227 3228
f 3229 3232 3231 3230
f 3225 3229 3230 3226
f 3226 3230 3231 3227
f 3227 3231 3232 3228
f 3228 3232 3229 3225
usemtl m26
g GA-1F__World_Gadong_F1_wall_S_0
f 3233 3234 3235 3236
f 3237 3240 3239 3238
f 3233 3237 3238 3234
f 3234 3238 3239 3235
f 3235 3239 3240 3236
f 3236 3240 3237 3233
usemtl m26
g GA-1F__World_Gadong_F1_wall_S_1
f 3241 3242 3243 3244
f 3245 3248 3247 3246
f 3241 3245 3246 3242
f 3242 3246 3247 3243
f 3243 3247 3248 3244
f 3244 3248 3245 3241
usemtl m26
g GA-1F__World_Gadong_F1_wall_S_2
f 3249 3250 3251 3252
f 3253 3256 3255 3254
f 3249 3253 3254 3250
f 3250 3254 3255 3251
f 3251 3255 3256 3252
f 3252 3256 3253 3249
usemtl m26
g GA-1F__World_Gadong_F1_wall_N_0
f 3257 3258 3259 3260
f 3261 3264 3263 3262
f 3257 3261 3262 3258
f 3258 3262 3263 3259
f 3259 3263 3264 3260
f 3260 3264 3261 3257
usemtl m26
g GA-1F__World_Gadong_F1_wall_W_0
f 3265 3266 3267 3268
f 3269 3272 3271 3270
f 3265 3269 3270 3266
f 3266 3270 3271 3267
f 3267 3271 3272 3268
f 3268 3272 3269 3265
usemtl m26
g GA-1F__World_Gadong_F1_wall_E_0
f 3273 3274 3275 3276
f 3277 3280 3279 3278
f 3273 3277 3278 3274
f 3274 3278 3279 3275
f 3275 3279 3280 3276
f 3276 3280 3277 3273
usemtl m7
g GA-1F__World_Gadong_F1_slab
f 3281 3282 3283 3284
f 3285 3288 3287 3286
f 3281 3285 3286 3282
f 3282 3286 3287 3283
f 3283 3287 3288 3284
f 3284 3288 3285 3281
usemtl m6
g GA-1F__World_Gadong_F1_stair_S_0
f 3289 3290 3291 3292
f 3293 3296 3295 3294
f 3289 3293 3294 3290
f 3290 3294 3295 3291
f 3291 3295 3296 3292
f 3292 3296 3293 3289
usemtl m6
g GA-1F__World_Gadong_F1_stair_N_0
f 3297 3298 3299 3300
f 3301 3304 3303 3302
f 3297 3301 3302 3298
f 3298 3302 3303 3299
f 3299 3303 3304 3300
f 3300 3304 3301 3297
usemtl m6
g GA-1F__World_Gadong_F1_stair_W_0
f 3305 3306 3307 3308
f 3309 3312 3311 3310
f 3305 3309 3310 3306
f 3306 3310 3311 3307
f 3307 3311 3312 3308
f 3308 3312 3309 3305
usemtl m6
g GA-1F__World_Gadong_F1_stair_E_0
f 3313 3314 3315 3316
f 3317 3320 3319 3318
f 3313 3317 3318 3314
f 3314 3318 3319 3315
f 3315 3319 3320 3316
f 3316 3320 3317 3313
usemtl m6
g GA-1F__World_Gadong_F1_stair_E_1
f 3321 3322 3323 3324
f 3325 3328 3327 3326
f 3321 3325 3326 3322
f 3322 3326 3327 3323
f 3323 3327 3328 3324
f 3324 3328 3325 3321
usemtl m6
g GA-1F__World_Gadong_F1_stair_E_2
f 3329 3330 3331 3332
f 3333 3336 3335 3334
f 3329 3333 3334 3330
f 3330 3334 3335 3331
f 3331 3335 3336 3332
f 3332 3336 3333 3329
usemtl m27
g GA-1F__World_Gadong_F1_kitchen_w
f 3337 3338 3339 3340
f 3341 3344 3343 3342
f 3337 3341 3342 3338
f 3338 3342 3343 3339
f 3339 3343 3344 3340
f 3340 3344 3341 3337
usemtl m26
g GA-1F__World_Gadong_F1_kitchen_door
f 3345 3346 3347 3348
f 3349 3352 3351 3350
f 3345 3349 3350 3346
f 3346 3350 3351 3347
f 3347 3351 3352 3348
f 3348 3352 3349 3345
usemtl m8
g GA-1F__World_Gadong_F1_beam_0
f 3353 3354 3355 3356
f 3357 3360 3359 3358
f 3353 3357 3358 3354
f 3354 3358 3359 3355
f 3355 3359 3360 3356
f 3356 3360 3357 3353
usemtl m8
g GA-1F__World_Gadong_F1_beam_1
f 3361 3362 3363 3364
f 3365 3368 3367 3366
f 3361 3365 3366 3362
f 3362 3366 3367 3363
f 3363 3367 3368 3364
f 3364 3368 3365 3361
usemtl m8
g GA-1F__World_Gadong_F1_beam_2
f 3369 3370 3371 3372
f 3373 3376 3375 3374
f 3369 3373 3374 3370
f 3370 3374 3375 3371
f 3371 3375 3376 3372
f 3372 3376 3373 3369
usemtl m8
g GA-1F__World_Gadong_F1_beam_3
f 3377 3378 3379 3380
f 3381 3384 3383 3382
f 3377 3381 3382 3378
f 3378 3382 3383 3379
f 3379 3383 3384 3380
f 3380 3384 3381 3377
usemtl m26
g GA-2F__World_Gadong_F2_wall_S_0
f 3385 3386 3387 3388
f 3389 3392 3391 3390
f 3385 3389 3390 3386
f 3386 3390 3391 3387
f 3387 3391 3392 3388
f 3388 3392 3389 3385
usemtl m26
g GA-2F__World_Gadong_F2_wall_S_1
f 3393 3394 3395 3396
f 3397 3400 3399 3398
f 3393 3397 3398 3394
f 3394 3398 3399 3395
f 3395 3399 3400 3396
f 3396 3400 3397 3393
usemtl m26
g GA-2F__World_Gadong_F2_wall_S_2
f 3401 3402 3403 3404
f 3405 3408 3407 3406
f 3401 3405 3406 3402
f 3402 3406 3407 3403
f 3403 3407 3408 3404
f 3404 3408 3405 3401
usemtl m26
g GA-2F__World_Gadong_F2_wall_S_3
f 3409 3410 3411 3412
f 3413 3416 3415 3414
f 3409 3413 3414 3410
f 3410 3414 3415 3411
f 3411 3415 3416 3412
f 3412 3416 3413 3409
usemtl m26
g GA-2F__World_Gadong_F2_wall_N_0
f 3417 3418 3419 3420
f 3421 3424 3423 3422
f 3417 3421 3422 3418
f 3418 3422 3423 3419
f 3419 3423 3424 3420
f 3420 3424 3421 3417
usemtl m26
g GA-2F__World_Gadong_F2_wall_N_1
f 3425 3426 3427 3428
f 3429 3432 3431 3430
f 3425 3429 3430 3426
f 3426 3430 3431 3427
f 3427 3431 3432 3428
f 3428 3432 3429 3425
usemtl m26
g GA-2F__World_Gadong_F2_wall_N_2
f 3433 3434 3435 3436
f 3437 3440 3439 3438
f 3433 3437 3438 3434
f 3434 3438 3439 3435
f 3435 3439 3440 3436
f 3436 3440 3437 3433
usemtl m26
g GA-2F__World_Gadong_F2_wall_N_3
f 3441 3442 3443 3444
f 3445 3448 3447 3446
f 3441 3445 3446 3442
f 3442 3446 3447 3443
f 3443 3447 3448 3444
f 3444 3448 3445 3441
usemtl m26
g GA-2F__World_Gadong_F2_wall_W_0
f 3449 3450 3451 3452
f 3453 3456 3455 3454
f 3449 3453 3454 3450
f 3450 3454 3455 3451
f 3451 3455 3456 3452
f 3452 3456 3453 3449
usemtl m26
g GA-2F__World_Gadong_F2_wall_E_0
f 3457 3458 3459 3460
f 3461 3464 3463 3462
f 3457 3461 3462 3458
f 3458 3462 3463 3459
f 3459 3463 3464 3460
f 3460 3464 3461 3457
usemtl m7
g GA-2F__World_Gadong_F2_slab
f 3465 3466 3467 3468
f 3469 3472 3471 3470
f 3465 3469 3470 3466
f 3466 3470 3471 3467
f 3467 3471 3472 3468
f 3468 3472 3469 3465
usemtl m6
g GA-2F__World_Gadong_F2_stair_S_0
f 3473 3474 3475 3476
f 3477 3480 3479 3478
f 3473 3477 3478 3474
f 3474 3478 3479 3475
f 3475 3479 3480 3476
f 3476 3480 3477 3473
usemtl m6
g GA-2F__World_Gadong_F2_stair_N_0
f 3481 3482 3483 3484
f 3485 3488 3487 3486
f 3481 3485 3486 3482
f 3482 3486 3487 3483
f 3483 3487 3488 3484
f 3484 3488 3485 3481
usemtl m6
g GA-2F__World_Gadong_F2_stair_W_0
f 3489 3490 3491 3492
f 3493 3496 3495 3494
f 3489 3493 3494 3490
f 3490 3494 3495 3491
f 3491 3495 3496 3492
f 3492 3496 3493 3489
usemtl m6
g GA-2F__World_Gadong_F2_stair_E_0
f 3497 3498 3499 3500
f 3501 3504 3503 3502
f 3497 3501 3502 3498
f 3498 3502 3503 3499
f 3499 3503 3504 3500
f 3500 3504 3501 3497
usemtl m6
g GA-2F__World_Gadong_F2_stair_E_1
f 3505 3506 3507 3508
f 3509 3512 3511 3510
f 3505 3509 3510 3506
f 3506 3510 3511 3507
f 3507 3511 3512 3508
f 3508 3512 3509 3505
usemtl m6
g GA-2F__World_Gadong_F2_stair_E_2
f 3513 3514 3515 3516
f 3517 3520 3519 3518
f 3513 3517 3518 3514
f 3514 3518 3519 3515
f 3515 3519 3520 3516
f 3516 3520 3517 3513
usemtl m24
g GA-2F__World_Gadong_F2_corr_w
f 3521 3522 3523 3524
f 3525 3528 3527 3526
f 3521 3525 3526 3522
f 3522 3526 3527 3523
f 3523 3527 3528 3524
f 3524 3528 3525 3521
usemtl m24
g GA-2F__World_Gadong_F2_off_0
f 3529 3530 3531 3532
f 3533 3536 3535 3534
f 3529 3533 3534 3530
f 3530 3534 3535 3531
f 3531 3535 3536 3532
f 3532 3536 3533 3529
usemtl m24
g GA-2F__World_Gadong_F2_off_1
f 3537 3538 3539 3540
f 3541 3544 3543 3542
f 3537 3541 3542 3538
f 3538 3542 3543 3539
f 3539 3543 3544 3540
f 3540 3544 3541 3537
usemtl m8
g GA-2F__World_Gadong_F2_beam_0
f 3545 3546 3547 3548
f 3549 3552 3551 3550
f 3545 3549 3550 3546
f 3546 3550 3551 3547
f 3547 3551 3552 3548
f 3548 3552 3549 3545
usemtl m8
g GA-2F__World_Gadong_F2_beam_1
f 3553 3554 3555 3556
f 3557 3560 3559 3558
f 3553 3557 3558 3554
f 3554 3558 3559 3555
f 3555 3559 3560 3556
f 3556 3560 3557 3553
usemtl m8
g GA-2F__World_Gadong_F2_beam_2
f 3561 3562 3563 3564
f 3565 3568 3567 3566
f 3561 3565 3566 3562
f 3562 3566 3567 3563
f 3563 3567 3568 3564
f 3564 3568 3565 3561
usemtl m8
g GA-2F__World_Gadong_F2_beam_3
f 3569 3570 3571 3572
f 3573 3576 3575 3574
f 3569 3573 3574 3570
f 3570 3574 3575 3571
f 3571 3575 3576 3572
f 3572 3576 3573 3569
usemtl m26
g GA-3F__World_Gadong_F3_wall_S_0
f 3577 3578 3579 3580
f 3581 3584 3583 3582
f 3577 3581 3582 3578
f 3578 3582 3583 3579
f 3579 3583 3584 3580
f 3580 3584 3581 3577
usemtl m26
g GA-3F__World_Gadong_F3_wall_S_1
f 3585 3586 3587 3588
f 3589 3592 3591 3590
f 3585 3589 3590 3586
f 3586 3590 3591 3587
f 3587 3591 3592 3588
f 3588 3592 3589 3585
usemtl m26
g GA-3F__World_Gadong_F3_wall_S_2
f 3593 3594 3595 3596
f 3597 3600 3599 3598
f 3593 3597 3598 3594
f 3594 3598 3599 3595
f 3595 3599 3600 3596
f 3596 3600 3597 3593
usemtl m26
g GA-3F__World_Gadong_F3_wall_S_3
f 3601 3602 3603 3604
f 3605 3608 3607 3606
f 3601 3605 3606 3602
f 3602 3606 3607 3603
f 3603 3607 3608 3604
f 3604 3608 3605 3601
usemtl m26
g GA-3F__World_Gadong_F3_wall_N_0
f 3609 3610 3611 3612
f 3613 3616 3615 3614
f 3609 3613 3614 3610
f 3610 3614 3615 3611
f 3611 3615 3616 3612
f 3612 3616 3613 3609
usemtl m26
g GA-3F__World_Gadong_F3_wall_N_1
f 3617 3618 3619 3620
f 3621 3624 3623 3622
f 3617 3621 3622 3618
f 3618 3622 3623 3619
f 3619 3623 3624 3620
f 3620 3624 3621 3617
usemtl m26
g GA-3F__World_Gadong_F3_wall_N_2
f 3625 3626 3627 3628
f 3629 3632 3631 3630
f 3625 3629 3630 3626
f 3626 3630 3631 3627
f 3627 3631 3632 3628
f 3628 3632 3629 3625
usemtl m26
g GA-3F__World_Gadong_F3_wall_N_3
f 3633 3634 3635 3636
f 3637 3640 3639 3638
f 3633 3637 3638 3634
f 3634 3638 3639 3635
f 3635 3639 3640 3636
f 3636 3640 3637 3633
usemtl m26
g GA-3F__World_Gadong_F3_wall_W_0
f 3641 3642 3643 3644
f 3645 3648 3647 3646
f 3641 3645 3646 3642
f 3642 3646 3647 3643
f 3643 3647 3648 3644
f 3644 3648 3645 3641
usemtl m26
g GA-3F__World_Gadong_F3_wall_E_0
f 3649 3650 3651 3652
f 3653 3656 3655 3654
f 3649 3653 3654 3650
f 3650 3654 3655 3651
f 3651 3655 3656 3652
f 3652 3656 3653 3649
usemtl m7
g GA-3F__World_Gadong_F3_slab
f 3657 3658 3659 3660
f 3661 3664 3663 3662
f 3657 3661 3662 3658
f 3658 3662 3663 3659
f 3659 3663 3664 3660
f 3660 3664 3661 3657
usemtl m6
g GA-3F__World_Gadong_F3_stair_S_0
f 3665 3666 3667 3668
f 3669 3672 3671 3670
f 3665 3669 3670 3666
f 3666 3670 3671 3667
f 3667 3671 3672 3668
f 3668 3672 3669 3665
usemtl m6
g GA-3F__World_Gadong_F3_stair_N_0
f 3673 3674 3675 3676
f 3677 3680 3679 3678
f 3673 3677 3678 3674
f 3674 3678 3679 3675
f 3675 3679 3680 3676
f 3676 3680 3677 3673
usemtl m6
g GA-3F__World_Gadong_F3_stair_W_0
f 3681 3682 3683 3684
f 3685 3688 3687 3686
f 3681 3685 3686 3682
f 3682 3686 3687 3683
f 3683 3687 3688 3684
f 3684 3688 3685 3681
usemtl m6
g GA-3F__World_Gadong_F3_stair_E_0
f 3689 3690 3691 3692
f 3693 3696 3695 3694
f 3689 3693 3694 3690
f 3690 3694 3695 3691
f 3691 3695 3696 3692
f 3692 3696 3693 3689
usemtl m6
g GA-3F__World_Gadong_F3_stair_E_1
f 3697 3698 3699 3700
f 3701 3704 3703 3702
f 3697 3701 3702 3698
f 3698 3702 3703 3699
f 3699 3703 3704 3700
f 3700 3704 3701 3697
usemtl m6
g GA-3F__World_Gadong_F3_stair_E_2
f 3705 3706 3707 3708
f 3709 3712 3711 3710
f 3705 3709 3710 3706
f 3706 3710 3711 3707
f 3707 3711 3712 3708
f 3708 3712 3709 3705
usemtl m28
g GA-3F__World_Gadong_F3_corr_wW
f 3713 3714 3715 3716
f 3717 3720 3719 3718
f 3713 3717 3718 3714
f 3714 3718 3719 3715
f 3715 3719 3720 3716
f 3716 3720 3717 3713
usemtl m28
g GA-3F__World_Gadong_F3_corr_wE
f 3721 3722 3723 3724
f 3725 3728 3727 3726
f 3721 3725 3726 3722
f 3722 3726 3727 3723
f 3723 3727 3728 3724
f 3724 3728 3725 3721
usemtl m28
g GA-3F__World_Gadong_F3_roomW_0
f 3729 3730 3731 3732
f 3733 3736 3735 3734
f 3729 3733 3734 3730
f 3730 3734 3735 3731
f 3731 3735 3736 3732
f 3732 3736 3733 3729
usemtl m28
g GA-3F__World_Gadong_F3_roomE_0
f 3737 3738 3739 3740
f 3741 3744 3743 3742
f 3737 3741 3742 3738
f 3738 3742 3743 3739
f 3739 3743 3744 3740
f 3740 3744 3741 3737
usemtl m28
g GA-3F__World_Gadong_F3_roomW_1
f 3745 3746 3747 3748
f 3749 3752 3751 3750
f 3745 3749 3750 3746
f 3746 3750 3751 3747
f 3747 3751 3752 3748
f 3748 3752 3749 3745
usemtl m28
g GA-3F__World_Gadong_F3_roomE_1
f 3753 3754 3755 3756
f 3757 3760 3759 3758
f 3753 3757 3758 3754
f 3754 3758 3759 3755
f 3755 3759 3760 3756
f 3756 3760 3757 3753
usemtl m28
g GA-3F__World_Gadong_F3_roomW_2
f 3761 3762 3763 3764
f 3765 3768 3767 3766
f 3761 3765 3766 3762
f 3762 3766 3767 3763
f 3763 3767 3768 3764
f 3764 3768 3765 3761
usemtl m28
g GA-3F__World_Gadong_F3_roomE_2
f 3769 3770 3771 3772
f 3773 3776 3775 3774
f 3769 3773 3774 3770
f 3770 3774 3775 3771
f 3771 3775 3776 3772
f 3772 3776 3773 3769
usemtl m8
g GA-3F__World_Gadong_F3_beam_0
f 3777 3778 3779 3780
f 3781 3784 3783 3782
f 3777 3781 3782 3778
f 3778 3782 3783 3779
f 3779 3783 3784 3780
f 3780 3784 3781 3777
usemtl m8
g GA-3F__World_Gadong_F3_beam_1
f 3785 3786 3787 3788
f 3789 3792 3791 3790
f 3785 3789 3790 3786
f 3786 3790 3791 3787
f 3787 3791 3792 3788
f 3788 3792 3789 3785
usemtl m8
g GA-3F__World_Gadong_F3_beam_2
f 3793 3794 3795 3796
f 3797 3800 3799 3798
f 3793 3797 3798 3794
f 3794 3798 3799 3795
f 3795 3799 3800 3796
f 3796 3800 3797 3793
usemtl m8
g GA-3F__World_Gadong_F3_beam_3
f 3801 3802 3803 3804
f 3805 3808 3807 3806
f 3801 3805 3806 3802
f 3802 3806 3807 3803
f 3803 3807 3808 3804
f 3804 3808 3805 3801
usemtl m29
g GA-roof__World_Gadong_Roof_slab
f 3809 3810 3811 3812
f 3813 3816 3815 3814
f 3809 3813 3814 3810
f 3810 3814 3815 3811
f 3811 3815 3816 3812
f 3812 3816 3813 3809
usemtl m26
g GA-roof__World_Gadong_Roof_parapet_S_0
f 3817 3818 3819 3820
f 3821 3824 3823 3822
f 3817 3821 3822 3818
f 3818 3822 3823 3819
f 3819 3823 3824 3820
f 3820 3824 3821 3817
usemtl m26
g GA-roof__World_Gadong_Roof_parapet_N_0
f 3825 3826 3827 3828
f 3829 3832 3831 3830
f 3825 3829 3830 3826
f 3826 3830 3831 3827
f 3827 3831 3832 3828
f 3828 3832 3829 3825
usemtl m26
g GA-roof__World_Gadong_Roof_parapet_W_0
f 3833 3834 3835 3836
f 3837 3840 3839 3838
f 3833 3837 3838 3834
f 3834 3838 3839 3835
f 3835 3839 3840 3836
f 3836 3840 3837 3833
usemtl m26
g GA-roof__World_Gadong_Roof_parapet_E_0
f 3841 3842 3843 3844
f 3845 3848 3847 3846
f 3841 3845 3846 3842
f 3842 3846 3847 3843
f 3843 3847 3848 3844
f 3844 3848 3845 3841
