#usda 1.0
(
    defaultPrim = "Ring"
    metersPerUnit = 1
    upAxis = "Z"
)

def Xform "Ring" (
    prepend apiSchemas = ["PhysicsRigidBodyAPI", "PhysicsMassAPI", "PhysxRigidBodyAPI", "PhysxContactReportAPI"]
    customData = {
        string collision_contract = "32 separate convex wedges; hollow center"
        string product = "solid rigid polymer ring surrogate"
    }
)
{
    point3f physics:centerOfMass = (0, 0, 0)
    float3 physics:diagonalInertia = (0.000330625, 0.000330625, 0.00063875)
    bool physics:kinematicEnabled = 0
    float physics:mass = 0.2
    quatf physics:principalAxes = (1, 0, 0, 0)
    bool physics:rigidBodyEnabled = 1
    float physxContactReport:threshold = 0
    float physxRigidBody:angularDamping = 0.05
    bool physxRigidBody:disableGravity = 0
    bool physxRigidBody:enableCCD = 1
    float physxRigidBody:linearDamping = 0.01
    int physxRigidBody:solverPositionIterationCount = 16
    int physxRigidBody:solverVelocityIterationCount = 4

    def "Looks"
    {
        def Material "Material" (
            prepend apiSchemas = ["PhysicsMaterialAPI"]
        )
        {
            token outputs:surface.connect = </Ring/Looks/Material/PreviewSurface.outputs:surface>
            float physics:dynamicFriction = 0.6
            float physics:restitution = 0
            float physics:staticFriction = 0.8

            def Shader "PreviewSurface"
            {
                uniform token info:id = "UsdPreviewSurface"
                color3f inputs:diffuseColor = (0.11, 0.46, 0.88)
                float inputs:roughness = 0.55
                token outputs:surface
            }
        }
    }

    def Mesh "visual" (
        prepend apiSchemas = ["MaterialBindingAPI"]
    )
    {
        float3[] extent = [(-0.07, -0.07, -0.015), (0.07, 0.07, 0.015)]
        int[] faceVertexCounts = [4, 4, 4, 4, 4, 4, 4, 4, 4, 4, 4, 4, 4, 4, 4, 4, 4, 4, 4, 4, 4, 4, 4, 4, 4, 4, 4, 4, 4, 4, 4, 4, 4, 4, 4, 4, 4, 4, 4, 4, 4, 4, 4, 4, 4, 4, 4, 4, 4, 4, 4, 4, 4, 4, 4, 4, 4, 4, 4, 4, 4, 4, 4, 4, 4, 4, 4, 4, 4, 4, 4, 4, 4, 4, 4, 4, 4, 4, 4, 4, 4, 4, 4, 4, 4, 4, 4, 4, 4, 4, 4, 4, 4, 4, 4, 4, 4, 4, 4, 4, 4, 4, 4, 4, 4, 4, 4, 4, 4, 4, 4, 4, 4, 4, 4, 4, 4, 4, 4, 4, 4, 4, 4, 4, 4, 4, 4, 4, 4, 4, 4, 4, 4, 4, 4, 4, 4, 4, 4, 4, 4, 4, 4, 4, 4, 4, 4, 4, 4, 4, 4, 4, 4, 4, 4, 4, 4, 4, 4, 4, 4, 4, 4, 4, 4, 4, 4, 4, 4, 4, 4, 4, 4, 4, 4, 4, 4, 4, 4, 4, 4, 4, 4, 4, 4, 4, 4, 4, 4, 4, 4, 4, 4, 4, 4, 4, 4, 4, 4, 4, 4, 4, 4, 4, 4, 4, 4, 4, 4, 4, 4, 4, 4, 4, 4, 4, 4, 4, 4, 4, 4, 4, 4, 4, 4, 4, 4, 4, 4, 4, 4, 4, 4, 4, 4, 4, 4, 4, 4, 4, 4, 4, 4, 4, 4, 4, 4, 4, 4, 4, 4, 4, 4, 4, 4, 4, 4, 4, 4, 4, 4, 4, 4, 4, 4, 4, 4, 4, 4, 4, 4, 4, 4, 4, 4, 4, 4, 4, 4, 4, 4, 4, 4, 4, 4, 4, 4, 4, 4, 4, 4, 4, 4, 4, 4, 4, 4, 4, 4, 4, 4, 4, 4, 4, 4, 4, 4, 4, 4, 4, 4, 4, 4, 4, 4, 4, 4, 4, 4, 4, 4, 4, 4, 4, 4, 4, 4, 4, 4, 4, 4, 4, 4, 4, 4, 4, 4, 4, 4, 4, 4, 4, 4, 4, 4, 4, 4, 4, 4, 4, 4, 4, 4, 4, 4, 4, 4, 4, 4, 4, 4, 4, 4, 4, 4, 4, 4, 4, 4, 4, 4, 4, 4, 4, 4, 4, 4, 4, 4, 4, 4, 4, 4, 4, 4, 4, 4, 4, 4, 4, 4, 4, 4, 4, 4, 4, 4, 4, 4, 4, 4, 4, 4, 4, 4, 4, 4, 4, 4, 4, 4, 4, 4, 4, 4, 4, 4, 4, 4, 4, 4, 4, 4, 4, 4, 4, 4, 4, 4, 4, 4, 4, 4, 4, 4, 4, 4, 4, 4, 4, 4, 4, 4, 4, 4, 4, 4, 4, 4, 4, 4, 4, 4, 4, 4, 4, 4, 4, 4, 4, 4, 4, 4, 4, 4, 4, 4, 4, 4, 4, 4, 4, 4, 4, 4, 4, 4, 4, 4, 4, 4, 4, 4, 4, 4, 4, 4, 4, 4, 4, 4, 4, 4, 4, 4, 4, 4, 4, 4, 4, 4, 4, 4, 4, 4, 4, 4, 4, 4, 4, 4, 4, 4, 4, 4, 4, 4, 4, 4, 4, 4, 4, 4, 4, 4, 4, 4, 4, 4, 4, 4, 4, 4, 4, 4, 4, 4, 4, 4, 4, 4, 4, 4, 4, 4, 4, 4, 4, 4, 4, 4, 4, 4, 4, 4, 4, 4, 4, 4, 4, 4, 4, 4, 4, 4, 4, 4, 4, 4, 4, 4, 4, 4, 4, 4, 4, 4, 4, 4, 4, 4, 4, 4, 4, 4, 4, 4, 4, 4, 4, 4, 4, 4, 4, 4, 4, 4, 4, 4, 4, 4, 4, 4, 4, 4, 4, 4, 4, 4, 4, 4, 4, 4, 4, 4, 4, 4, 4, 4, 4, 4, 4, 4, 4, 4, 4, 4, 4, 4, 4, 4, 4, 4, 4, 4, 4, 4, 4, 4, 4, 4, 4, 4, 4, 4, 4, 4, 4, 4, 4, 4, 4, 4, 4, 4, 4, 4, 4, 4, 4, 4, 4, 4, 4, 4, 4, 4, 4, 4, 4, 4, 4, 4, 4, 4, 4, 4, 4, 4, 4, 4, 4, 4, 4, 4, 4, 4, 4, 4, 4, 4, 4, 4, 4, 4, 4, 4, 4, 4, 4, 4, 4, 4, 4, 4, 4, 4, 4, 4, 4, 4, 4, 4, 4, 4, 4, 4, 4, 4, 4, 4, 4, 4, 4, 4, 4, 4, 4, 4, 4, 4, 4, 4, 4, 4, 4, 4, 4, 4, 4, 4, 4, 4, 4, 4, 4, 4, 4, 4, 4, 4, 4, 4, 4, 4, 4, 4, 4, 4, 4, 4, 4, 4, 4, 4, 4, 4, 4, 4, 4, 4, 4, 4, 4, 4, 4, 4, 4, 4, 4, 4, 4, 4, 4, 4, 4, 4, 4, 4, 4, 4, 4, 4, 4, 4, 4, 4, 4, 4, 4, 4, 4, 4, 4, 4, 4, 4, 4, 4, 4, 4, 4, 4, 4, 4, 4, 4, 4, 4, 4, 4, 4, 4, 4, 4, 4, 4, 4, 4, 4, 4, 4, 4, 4, 4, 4, 4, 4, 4, 4, 4, 4, 4, 4, 4, 4, 4, 4, 4, 4, 4, 4, 4, 4, 4, 4, 4, 4, 4, 4, 4, 4, 4, 4, 4, 4, 4, 4, 4, 4, 4, 4, 4, 4, 4, 4, 4, 4, 4, 4, 4, 4, 4, 4, 4, 4, 4, 4, 4, 4, 4, 4, 4, 4, 4, 4, 4, 4, 4, 4, 4, 4, 4, 4, 4, 4, 4, 4, 4, 4, 4, 4, 4, 4, 4, 4, 4, 4, 4, 4, 4, 4, 4, 4, 4, 4, 4, 4, 4, 4, 4, 4, 4, 4, 4, 4, 4, 4, 4, 4, 4, 4, 4, 4, 4, 4, 4, 4, 4, 4, 4, 4, 4, 4, 4, 4, 4, 4, 4, 4, 4, 4, 4, 4, 4, 4, 4, 4, 4, 4, 4, 4, 4, 4, 4, 4, 4, 4, 4, 4, 4, 4, 4, 4, 4, 4, 4, 4, 4, 4, 4, 4, 4, 4, 4, 4, 4, 4, 4, 4, 4, 4, 4, 4, 4, 4, 4, 4, 4, 4, 4, 4, 4, 4, 4, 4, 4, 4, 4, 4, 4, 4, 4, 4, 4, 4, 4, 4, 4, 4, 4, 4, 4, 4, 4, 4, 4, 4, 4, 4, 4, 4, 4, 4, 4, 4, 4, 4, 4, 4, 4, 4, 4, 4, 4, 4, 4, 4, 4, 4, 4, 4, 4, 4, 4, 4, 4, 4, 4, 4, 4, 4, 4, 4, 4, 4, 4, 4, 4, 4, 4, 4, 4, 4, 4, 4, 4, 4, 4, 4, 4, 4, 4, 4, 4, 4, 4, 4, 4, 4, 4, 4, 4, 4, 4, 4, 4, 4, 4, 4, 4, 4, 4, 4, 4, 4, 4, 4, 4, 4, 4, 4, 4, 4, 4, 4, 4, 4, 4, 4, 4, 4, 4, 4, 4, 4, 4, 4, 4, 4, 4, 4, 4, 4, 4, 4, 4, 4, 4, 4, 4, 4, 4, 4, 4, 4, 4, 4, 4, 4, 4, 4, 4, 4, 4, 4, 4, 4, 4, 4, 4, 4, 4, 4, 4, 4, 4, 4, 4, 4, 4, 4, 4, 4, 4, 4, 4, 4, 4, 4, 4, 4, 4, 4, 4, 4, 4, 4, 4, 4, 4, 4, 4, 4, 4, 4, 4, 4, 4, 4, 4, 4, 4, 4, 4, 4, 4, 4, 4, 4, 4, 4, 4, 4, 4, 4, 4, 4, 4, 4, 4, 4, 4, 4, 4, 4, 4, 4, 4, 4, 4, 4, 4, 4, 4, 4, 4, 4, 4, 4, 4, 4, 4, 4, 4, 4, 4, 4, 4, 4, 4, 4, 4, 4, 4, 4, 4, 4, 4, 4, 4, 4, 4, 4, 4, 4, 4, 4, 4, 4, 4, 4, 4, 4, 4, 4, 4, 4, 4, 4, 4, 4, 4, 4, 4, 4, 4, 4, 4, 4, 4, 4, 4, 4, 4, 4, 4, 4, 4, 4, 4, 4, 4, 4, 4, 4, 4, 4, 4, 4, 4, 4, 4, 4, 4, 4, 4, 4, 4, 4, 4, 4, 4, 4, 4, 4, 4, 4, 4, 4, 4, 4, 4, 4, 4, 4, 4, 4, 4, 4, 4, 4, 4, 4, 4, 4, 4, 4, 4, 4, 4, 4, 4, 4, 4, 4, 4, 4, 4, 4, 4, 4, 4, 4, 4, 4, 4, 4, 4, 4, 4, 4, 4, 4, 4, 4, 4, 4, 4, 4, 4, 4, 4, 4, 4, 4, 4, 4, 4, 4, 4, 4, 4, 4, 4, 4, 4, 4, 4, 4, 4, 4, 4, 4, 4, 4, 4, 4, 4, 4, 4, 4, 4, 4, 4, 4, 4, 4, 4, 4, 4, 4, 4, 4, 4, 4, 4, 4, 4, 4, 4, 4, 4, 4, 4, 4, 4, 4, 4, 4, 4, 4, 4, 4, 4, 4, 4, 4, 4, 4, 4, 4, 4, 4, 4, 4, 4, 4, 4, 4, 4, 4, 4, 4, 4, 4, 4, 4, 4, 4, 4, 4, 4, 4, 4, 4, 4, 4, 4, 4, 4, 4, 4, 4, 4, 4, 4, 4, 4, 4, 4, 4, 4, 4, 4, 4, 4, 4, 4, 4, 4, 4, 4, 4, 4, 4, 4, 4, 4, 4, 4, 4, 4, 4, 4, 4, 4, 4, 4, 4, 4, 4, 4, 4, 4, 4, 4, 4, 4, 4, 4, 4, 4, 4, 4, 4, 4, 4, 4, 4, 4, 4, 4, 4, 4, 4, 4, 4, 4, 4, 4, 4, 4, 4, 4, 4, 4, 4, 4, 4, 4, 4, 4, 4, 4, 4, 4, 4, 4, 4, 4, 4, 4, 4, 4, 4, 4, 4, 4, 4, 4, 4, 4, 4, 4, 4, 4, 4, 4, 4, 4, 4, 4, 4, 4, 4, 4, 4, 4, 4, 4, 4, 4, 4, 4, 4, 4, 4, 4, 4, 4, 4, 4, 4, 4, 4, 4, 4, 4, 4, 4, 4, 4, 4, 4, 4, 4, 4, 4, 4, 4, 4, 4, 4, 4, 4, 4, 4, 4, 4, 4, 4, 4, 4, 4, 4, 4, 4, 4, 4, 4, 4, 4, 4, 4, 4, 4, 4, 4, 4, 4, 4, 4, 4, 4, 4, 4, 4, 4, 4, 4, 4, 4, 4, 4, 4, 4, 4, 4, 4, 4, 4, 4, 4, 4, 4, 4, 4, 4, 4, 4, 4, 4, 4, 4, 4, 4, 4, 4, 4, 4, 4, 4, 4, 4, 4, 4, 4, 4, 4, 4, 4, 4, 4, 4, 4, 4, 4, 4, 4, 4, 4, 4, 4, 4, 4, 4, 4, 4, 4, 4, 4, 4, 4, 4, 4, 4, 4, 4, 4, 4, 4, 4, 4, 4, 4, 4, 4, 4, 4, 4, 4, 4, 4, 4, 4, 4, 4, 4, 4, 4, 4, 4, 4, 4, 4, 4, 4, 4, 4, 4, 4, 4, 4, 4, 4, 4, 4, 4, 4, 4, 4, 4, 4, 4, 4, 4, 4, 4, 4, 4, 4, 4, 4, 4, 4, 4, 4, 4, 4, 4, 4, 4, 4, 4, 4, 4, 4, 4, 4, 4, 4, 4, 4, 4, 4, 4, 4, 4, 4, 4, 4, 4, 4, 4, 4, 4, 4, 4, 4, 4, 4, 4, 4, 4, 4, 4, 4, 4, 4, 4, 4, 4, 4, 4, 4, 4, 4, 4, 4, 4, 4, 4, 4, 4, 4, 4, 4, 4, 4, 4, 4, 4, 4, 4, 4, 4, 4, 4, 4, 4, 4, 4, 4, 4, 4, 4, 4, 4, 4, 4, 4, 4, 4, 4, 4, 4, 4, 4, 4, 4, 4, 4, 4, 4, 4, 4, 4, 4, 4, 4, 4, 4, 4, 4, 4, 4, 4, 4, 4, 4, 4, 4, 4, 4, 4, 4, 4, 4, 4, 4, 4, 4, 4, 4, 4, 4, 4, 4, 4, 4, 4, 4, 4, 4, 4, 4, 4, 4, 4, 4, 4, 4, 4, 4, 4, 4, 4, 4, 4, 4, 4, 4, 4, 4, 4, 4, 4, 4, 4, 4, 4, 4, 4, 4, 4, 4, 4, 4, 4, 4, 4, 4, 4, 4, 4, 4, 4, 4, 4, 4, 4, 4, 4, 4, 4, 4, 4, 4, 4, 4, 4, 4, 4, 4, 4, 4, 4, 4, 4, 4, 4, 4, 4, 4, 4, 4, 4, 4, 4, 4, 4, 4, 4, 4, 4, 4, 4, 4, 4, 4, 4, 4, 4, 4, 4, 4, 4, 4, 4, 4, 4, 4, 4, 4, 4, 4, 4, 4, 4, 4, 4, 4, 4, 4, 4, 4, 4, 4, 4, 4, 4, 4, 4, 4, 4, 4, 4, 4, 4, 4, 4, 4, 4, 4, 4, 4, 4, 4, 4, 4, 4, 4, 4, 4, 4, 4, 4, 4, 4, 4, 4, 4, 4, 4, 4, 4, 4, 4, 4, 4, 4, 4, 4, 4, 4, 4, 4, 4, 4, 4, 4, 4, 4, 4, 4, 4, 4, 4, 4, 4, 4, 4, 4, 4, 4, 4, 4, 4, 4, 4, 4, 4, 4, 4, 4, 4, 4, 4, 4, 4, 4, 4, 4, 4, 4, 4, 4, 4, 4, 4, 4, 4, 4, 4, 4, 4, 4, 4, 4, 4, 4, 4, 4, 4, 4, 4, 4, 4, 4, 4, 4, 4, 4, 4, 4, 4, 4, 4, 4, 4, 4, 4, 4, 4, 4, 4, 4, 4, 4, 4, 4, 4, 4, 4, 4, 4, 4, 4, 4, 4, 4, 4, 4, 4, 4, 4, 4, 4, 4, 4, 4, 4, 4, 4, 4, 4, 4, 4, 4, 4, 4, 4, 4, 4, 4, 4, 4, 4, 4, 4, 4, 4, 4, 4, 4, 4, 4, 4, 4, 4, 4, 4, 4, 4, 4, 4, 4, 4, 4, 4, 4, 4, 4, 4, 4, 4, 4, 4, 4, 4, 4, 4, 4, 4, 4, 4, 4, 4, 4, 4, 4, 4, 4, 4, 4, 4, 4, 4, 4, 4, 4, 4, 4, 4, 4, 4, 4, 4, 4, 4, 4, 4, 4, 4, 4, 4, 4, 4, 4, 4, 4, 4, 4, 4, 4, 4, 4, 4, 4, 4, 4, 4, 4, 4, 4, 4, 4, 4, 4, 4, 4, 4, 4, 4, 4, 4, 4, 4, 4, 4, 4, 4, 4, 4, 4, 4, 4, 4, 4, 4, 4, 4, 4, 4, 4, 4, 4, 4, 4, 4, 4, 4, 4, 4, 4, 4, 4, 4, 4, 4, 4, 4, 4, 4, 4, 4, 4, 4, 4, 4, 4, 4, 4, 4, 4, 4, 4, 4, 4, 4, 4, 4, 4, 4, 4, 4, 4, 4, 4, 4, 4, 4, 4, 4, 4, 4, 4, 4, 4, 4, 4, 4, 4, 4, 4, 4, 4, 4, 4, 4, 4, 4, 4, 4, 4, 4, 4, 4, 4, 4, 4, 4, 4, 4, 4, 4, 4, 4, 4, 4, 4, 4, 4, 4, 4, 4, 4, 4, 4, 4, 4, 4, 4, 4, 4, 4, 4, 4, 4, 4, 4, 4, 4, 4, 4, 4, 4, 4, 4, 4, 4, 4, 4, 4, 4, 4, 4, 4, 4, 4, 4, 4, 4, 4, 4, 4, 4, 4, 4, 4, 4, 4, 4, 4, 4, 4, 4, 4, 4, 4, 4, 4, 4, 4, 4, 4, 4, 4, 4, 4, 4, 4, 4, 4, 4, 4, 4, 4, 4, 4, 4, 4, 4, 4, 4, 4, 4, 4, 4, 4, 4, 4, 4, 4, 4, 4, 4, 4, 4, 4, 4, 4, 4, 4, 4, 4, 4, 4, 4, 4, 4, 4, 4, 4, 4, 4, 4, 4, 4, 4, 4, 4, 4, 4, 4, 4, 4, 4, 4, 4, 4, 4, 4, 4, 4, 4, 4, 4, 4, 4, 4, 4, 4, 4, 4, 4, 4, 4, 4, 4, 4, 4, 4, 4, 4, 4, 4, 4, 4, 4, 4, 4, 4, 4, 4, 4, 4, 4, 4, 4, 4, 4, 4, 4, 4, 4, 4, 4, 4, 4, 4, 4, 4, 4, 4, 4, 4, 4, 4, 4, 4, 4, 4, 4, 4, 4, 4, 4, 4, 4, 4, 4, 4, 4, 4, 4, 4, 4, 4, 4, 4, 4, 4, 4, 4, 4, 4, 4, 4, 4, 4, 4, 4, 4, 4, 4, 4, 4, 4, 4, 4, 4, 4, 4, 4, 4, 4, 4, 4, 4, 4, 4, 4, 4, 4, 4, 4, 4, 4, 4, 4, 4, 4, 4, 4, 4, 4, 4, 4, 4, 4, 4, 4, 4, 4, 4, 4, 4, 4, 4, 4, 4, 4, 4, 4, 4, 4, 4, 4, 4, 4, 4, 4, 4, 4, 4, 4, 4, 4, 4, 4, 4, 4, 4, 4, 4, 4, 4, 4, 4, 4, 4, 4, 4, 4, 4, 4, 4, 4, 4, 4, 4, 4, 4, 4, 4, 4, 4, 4, 4, 4, 4, 4, 4, 4, 4, 4, 4, 4, 4, 4, 4, 4, 4, 4, 4, 4, 4, 4, 4, 4, 4, 4, 4, 4, 4, 4, 4, 4, 4, 4, 4, 4, 4, 4, 4, 4, 4, 4, 4, 4, 4, 4, 4, 4, 4, 4, 4, 4, 4, 4, 4, 4, 4, 4, 4, 4, 4, 4, 4, 4, 4, 4, 4, 4, 4, 4, 4, 4, 4, 4, 4, 4, 4, 4, 4, 4, 4, 4, 4, 4, 4, 4, 4, 4, 4, 4, 4, 4, 4, 4, 4, 4, 4, 4, 4, 4, 4, 4, 4, 4, 4, 4, 4, 4, 4, 4, 4, 4, 4, 4, 4, 4, 4, 4, 4, 4, 4, 4, 4, 4, 4, 4, 4, 4, 4, 4, 4, 4, 4, 4, 4, 4, 4, 4, 4, 4, 4, 4, 4, 4, 4, 4, 4, 4, 4, 4, 4, 4, 4, 4, 4, 4, 4, 4, 4, 4, 4, 4, 4, 4, 4, 4, 4, 4, 4, 4, 4, 4, 4, 4, 4, 4, 4, 4, 4, 4, 4, 4, 4, 4, 4, 4, 4, 4, 4, 4, 4, 4, 4, 4, 4, 4, 4, 4, 4, 4, 4, 4, 4, 4, 4, 4, 4, 4, 4, 4, 4, 4, 4, 4, 4, 4, 4, 4, 4, 4, 4, 4, 4, 4, 4, 4, 4, 4, 4, 4, 4, 4, 4, 4, 4, 4, 4, 4, 4, 4, 4, 4, 4, 4, 4, 4, 4, 4, 4, 4, 4, 4, 4, 4, 4, 4, 4, 4, 4, 4, 4, 4, 4, 4, 4, 4, 4, 4, 4, 4, 4, 4, 4, 4, 4, 4, 4, 4, 4, 4, 4, 4, 4, 4, 4, 4, 4, 4, 4, 4, 4, 4, 4, 4, 4, 4, 4, 4, 4, 4, 4, 4, 4, 4, 4, 4, 4, 4, 4, 4, 4, 4, 4, 4, 4, 4, 4, 4, 4, 4, 4, 4, 4, 4, 4, 4, 4, 4, 4, 4, 4, 4, 4, 4, 4, 4, 4, 4, 4, 4, 4, 4, 4, 4, 4, 4, 4, 4, 4, 4, 4, 4, 4, 4, 4, 4, 4, 4, 4, 4, 4, 4, 4, 4, 4, 4, 4, 4, 4, 4, 4, 4, 4, 4, 4, 4, 4, 4, 4, 4, 4, 4, 4, 4, 4, 4, 4, 4, 4, 4, 4, 4, 4, 4, 4, 4, 4, 4, 4, 4, 4, 4, 4, 4, 4, 4, 4, 4, 4, 4, 4, 4, 4, 4, 4, 4, 4, 4, 4, 4, 4, 4, 4, 4, 4, 4, 4, 4, 4, 4, 4, 4, 4, 4, 4, 4, 4, 4, 4, 4, 4, 4, 4, 4, 4, 4, 4, 4, 4, 4, 4, 4, 4, 4, 4, 4, 4, 4, 4, 4, 4, 4, 4, 4, 4, 4, 4, 4, 4, 4, 4, 4, 4, 4, 4, 4, 4, 4, 4, 4, 4, 4, 4, 4, 4, 4, 4, 4, 4, 4, 4, 4, 4, 4, 4, 4, 4, 4, 4, 4, 4, 4, 4, 4, 4, 4, 4, 4, 4, 4, 4, 4, 4, 4, 4, 4, 4, 4, 4, 4, 4, 4, 4, 4, 4, 4, 4, 4, 4, 4, 4, 4, 4, 4, 4, 4, 4, 4, 4, 4, 4, 4, 4, 4, 4, 4, 4, 4, 4, 4, 4, 4, 4, 4, 4, 4, 4, 4, 4, 4, 4, 4, 4, 4, 4, 4, 4, 4, 4, 4, 4, 4, 4, 4, 4, 4, 4, 4, 4, 4, 4, 4, 4, 4, 4, 4, 4, 4, 4, 4, 4, 4, 4, 4, 4, 4, 4, 4, 4, 4, 4, 4, 4, 4, 4, 4, 4, 4, 4, 4, 4, 4, 4, 4, 4, 4, 4, 4, 4, 4, 4, 4, 4, 4, 4, 4, 4, 4, 4, 4, 4, 4, 4, 4, 4, 4, 4, 4, 4, 4, 4, 4, 4, 4, 4, 4, 4, 4, 4, 4, 4, 4, 4, 4, 4, 4, 4, 4, 4, 4, 4, 4, 4, 4, 4, 4, 4, 4, 4, 4, 4, 4, 4, 4, 4, 4, 4, 4, 4, 4, 4, 4, 4, 4, 4, 4, 4, 4, 4, 4, 4, 4, 4, 4, 4, 4, 4, 4, 4, 4, 4, 4, 4, 4, 4, 4, 4, 4, 4, 4, 4, 4, 4, 4, 4, 4, 4, 4, 4, 4, 4, 4, 4, 4, 4, 4, 4, 4, 4, 4, 4, 4, 4, 4, 4, 4, 4, 4, 4, 4, 4, 4, 4, 4, 4, 4, 4, 4, 4, 4, 4, 4, 4, 4, 4, 4, 4, 4, 4, 4, 4, 4, 4, 4, 4, 4, 4, 4, 4, 4, 4, 4, 4, 4, 4, 4, 4, 4, 4, 4, 4, 4, 4, 4, 4, 4, 4, 4, 4, 4, 4, 4, 4, 4, 4, 4, 4, 4, 4, 4, 4, 4, 4, 4, 4, 4, 4, 4, 4, 4, 4, 4, 4, 4, 4, 4, 4, 4, 4, 4, 4, 4, 4, 4, 4, 4, 4, 4, 4, 4, 4, 4, 4, 4, 4, 4, 4, 4, 4, 4, 4, 4, 4, 4, 4, 4, 4, 4, 4, 4, 4, 4, 4, 4, 4, 4, 4, 4, 4, 4, 4, 4, 4, 4, 4, 4, 4, 4, 4, 4, 4, 4, 4, 4, 4, 4, 4, 4, 4, 4, 4, 4, 4, 4, 4, 4, 4, 4, 4, 4, 4, 4, 4, 4, 4, 4, 4, 4, 4, 4, 4, 4, 4, 4, 4, 4, 4, 4, 4, 4, 4, 4, 4, 4, 4, 4, 4, 4, 4, 4, 4, 4, 4, 4, 4, 4, 4, 4, 4, 4, 4, 4, 4, 4, 4, 4, 4, 4, 4, 4, 4, 4, 4, 4, 4, 4, 4, 4, 4, 4, 4, 4, 4, 4, 4, 4, 4, 4, 4, 4, 4, 4, 4, 4, 4, 4, 4, 4, 4, 4, 4, 4, 4, 4, 4, 4, 4, 4, 4, 4, 4, 4, 4, 4, 4, 4, 4, 4, 4, 4, 4, 4, 4, 4, 4, 4, 4, 4, 4, 4, 4, 4, 4, 4, 4, 4, 4, 4, 4, 4, 4, 4, 4, 4, 4, 4, 4, 4, 4, 4, 4, 4, 4, 4, 4, 4, 4, 4, 4, 4, 4, 4, 4, 4, 4, 4, 4, 4, 4, 4, 4, 4, 4, 4, 4, 4, 4, 4, 4, 4, 4, 4, 4, 4, 4, 4, 4, 4, 4, 4, 4, 4, 4, 4, 4, 4, 4, 4, 4, 4, 4, 4, 4, 4, 4, 4, 4, 4, 4, 4, 4, 4, 4, 4, 4, 4, 4, 4, 4, 4, 4, 4, 4, 4, 4, 4, 4, 4, 4, 4, 4, 4, 4, 4, 4, 4, 4, 4, 4, 4, 4, 4, 4, 4, 4, 4, 4, 4, 4, 4, 4, 4, 4, 4, 4, 4, 4, 4, 4, 4, 4, 4, 4, 4, 4, 4, 4, 4, 4, 4, 4, 4, 4, 4, 4, 4, 4, 4, 4, 4, 4, 4, 4, 4, 4, 4, 4, 4, 4, 4, 4, 4, 4, 4, 4, 4, 4, 4, 4, 4, 4, 4, 4, 4, 4, 4, 4, 4, 4, 4, 4, 4, 4, 4, 4, 4, 4, 4, 4, 4, 4, 4, 4, 4, 4, 4, 4, 4, 4, 4, 4, 4, 4, 4, 4, 4, 4, 4, 4, 4, 4, 4, 4, 4, 4, 4, 4, 4, 4, 4, 4, 4, 4, 4, 4, 4, 4, 4, 4, 4, 4, 4, 4, 4, 4, 4, 4, 4, 4, 4, 4, 4, 4, 4, 4, 4, 4, 4, 4, 4, 4, 4, 4, 4, 4, 4, 4, 4, 4, 4, 4, 4, 4, 4, 4, 4, 4, 4, 4, 4, 4, 4, 4, 4, 4, 4, 4, 4, 4, 4, 4, 4, 4, 4, 4, 4, 4, 4, 4, 4, 4, 4, 4, 4, 4, 4, 4, 4, 4, 4, 4, 4, 4, 4, 4, 4, 4, 4, 4, 4, 4, 4, 4, 4, 4, 4, 4, 4, 4, 4, 4, 4, 4, 4, 4, 4, 4, 4, 4, 4, 4, 4, 4, 4, 4, 4, 4, 4, 4, 4, 4, 4, 4, 4, 4, 4, 4, 4]
        int[] faceVertexIndices = [0, 32, 33, 1, 1, 33, 34, 2, 2, 34, 35, 3, 3, 35, 36, 4, 4, 36, 37, 5, 5, 37, 38, 6, 6, 38, 39, 7, 7, 39, 40, 8, 8, 40, 41, 9, 9, 41, 42, 10, 10, 42, 43, 11, 11, 43, 44, 12, 12, 44, 45, 13, 13, 45, 46, 14, 14, 46, 47, 15, 15, 47, 48, 16, 16, 48, 49, 17, 17, 49, 50, 18, 18, 50, 51, 19, 19, 51, 52, 20, 20, 52, 53, 21, 21, 53, 54, 22, 22, 54, 55, 23, 23, 55, 56, 24, 24, 56, 57, 25, 25, 57, 58, 26, 26, 58, 59, 27, 27, 59, 60, 28, 28, 60, 61, 29, 29, 61, 62, 30, 30, 62, 63, 31, 31, 63, 32, 0, 32, 64, 65, 33, 33, 65, 66, 34, 34, 66, 67, 35, 35, 67, 68, 36, 36, 68, 69, 37, 37, 69, 70, 38, 38, 70, 71, 39, 39, 71, 72, 40, 40, 72, 73, 41, 41, 73, 74, 42, 42, 74, 75, 43, 43, 75, 76, 44, 44, 76, 77, 45, 45, 77, 78, 46, 46, 78, 79, 47, 47, 79, 80, 48, 48, 80, 81, 49, 49, 81, 82, 50, 50, 82, 83, 51, 51, 83, 84, 52, 52, 84, 85, 53, 53, 85, 86, 54, 54, 86, 87, 55, 55, 87, 88, 56, 56, 88, 89, 57, 57, 89, 90, 58, 58, 90, 91, 59, 59, 91, 92, 60, 60, 92, 93, 61, 61, 93, 94, 62, 62, 94, 95, 63, 63, 95, 64, 32, 64, 96, 97, 65, 65, 97, 98, 66, 66, 98, 99, 67, 67, 99, 100, 68, 68, 100, 101, 69, 69, 101, 102, 70, 70, 102, 103, 71, 71, 103, 104, 72, 72, 104, 105, 73, 73, 105, 106, 74, 74, 106, 107, 75, 75, 107, 108, 76, 76, 108, 109, 77, 77, 109, 110, 78, 78, 110, 111, 79, 79, 111, 112, 80, 80, 112, 113, 81, 81, 113, 114, 82, 82, 114, 115, 83, 83, 115, 116, 84, 84, 116, 117, 85, 85, 117, 118, 86, 86, 118, 119, 87, 87, 119, 120, 88, 88, 120, 121, 89, 89, 121, 122, 90, 90, 122, 123, 91, 91, 123, 124, 92, 92, 124, 125, 93, 93, 125, 126, 94, 94, 126, 127, 95, 95, 127, 96, 64, 96, 128, 129, 97, 97, 129, 130, 98, 98, 130, 131, 99, 99, 131, 132, 100, 100, 132, 133, 101, 101, 133, 134, 102, 102, 134, 135, 103, 103, 135, 136, 104, 104, 136, 137, 105, 105, 137, 138, 106, 106, 138, 139, 107, 107, 139, 140, 108, 108, 140, 141, 109, 109, 141, 142, 110, 110, 142, 143, 111, 111, 143, 144, 112, 112, 144, 145, 113, 113, 145, 146, 114, 114, 146, 147, 115, 115, 147, 148, 116, 116, 148, 149, 117, 117, 149, 150, 118, 118, 150, 151, 119, 119, 151, 152, 120, 120, 152, 153, 121, 121, 153, 154, 122, 122, 154, 155, 123, 123, 155, 156, 124, 124, 156, 157, 125, 125, 157, 158, 126, 126, 158, 159, 127, 127, 159, 128, 96, 128, 160, 161, 129, 129, 161, 162, 130, 130, 162, 163, 131, 131, 163, 164, 132, 132, 164, 165, 133, 133, 165, 166, 134, 134, 166, 167, 135, 135, 167, 168, 136, 136, 168, 169, 137, 137, 169, 170, 138, 138, 170, 171, 139, 139, 171, 172, 140, 140, 172, 173, 141, 141, 173, 174, 142, 142, 174, 175, 143, 143, 175, 176, 144, 144, 176, 177, 145, 145, 177, 178, 146, 146, 178, 179, 147, 147, 179, 180, 148, 148, 180, 181, 149, 149, 181, 182, 150, 150, 182, 183, 151, 151, 183, 184, 152, 152, 184, 185, 153, 153, 185, 186, 154, 154, 186, 187, 155, 155, 187, 188, 156, 156, 188, 189, 157, 157, 189, 190, 158, 158, 190, 191, 159, 159, 191, 160, 128, 160, 192, 193, 161, 161, 193, 194, 162, 162, 194, 195, 163, 163, 195, 196, 164, 164, 196, 197, 165, 165, 197, 198, 166, 166, 198, 199, 167, 167, 199, 200, 168, 168, 200, 201, 169, 169, 201, 202, 170, 170, 202, 203, 171, 171, 203, 204, 172, 172, 204, 205, 173, 173, 205, 206, 174, 174, 206, 207, 175, 175, 207, 208, 176, 176, 208, 209, 177, 177, 209, 210, 178, 178, 210, 211, 179, 179, 211, 212, 180, 180, 212, 213, 181, 181, 213, 214, 182, 182, 214, 215, 183, 183, 215, 216, 184, 184, 216, 217, 185, 185, 217, 218, 186, 186, 218, 219, 187, 187, 219, 220, 188, 188, 220, 221, 189, 189, 221, 222, 190, 190, 222, 223, 191, 191, 223, 192, 160, 192, 224, 225, 193, 193, 225, 226, 194, 194, 226, 227, 195, 195, 227, 228, 196, 196, 228, 229, 197, 197, 229, 230, 198, 198, 230, 231, 199, 199, 231, 232, 200, 200, 232, 233, 201, 201, 233, 234, 202, 202, 234, 235, 203, 203, 235, 236, 204, 204, 236, 237, 205, 205, 237, 238, 206, 206, 238, 239, 207, 207, 239, 240, 208, 208, 240, 241, 209, 209, 241, 242, 210, 210, 242, 243, 211, 211, 243, 244, 212, 212, 244, 245, 213, 213, 245, 246, 214, 214, 246, 247, 215, 215, 247, 248, 216, 216, 248, 249, 217, 217, 249, 250, 218, 218, 250, 251, 219, 219, 251, 252, 220, 220, 252, 253, 221, 221, 253, 254, 222, 222, 254, 255, 223, 223, 255, 224, 192, 224, 256, 257, 225, 225, 257, 258, 226, 226, 258, 259, 227, 227, 259, 260, 228, 228, 260, 261, 229, 229, 261, 262, 230, 230, 262, 263, 231, 231, 263, 264, 232, 232, 264, 265, 233, 233, 265, 266, 234, 234, 266, 267, 235, 235, 267, 268, 236, 236, 268, 269, 237, 237, 269, 270, 238, 238, 270, 271, 239, 239, 271, 272, 240, 240, 272, 273, 241, 241, 273, 274, 242, 242, 274, 275, 243, 243, 275, 276, 244, 244, 276, 277, 245, 245, 277, 278, 246, 246, 278, 279, 247, 247, 279, 280, 248, 248, 280, 281, 249, 249, 281, 282, 250, 250, 282, 283, 251, 251, 283, 284, 252, 252, 284, 285, 253, 253, 285, 286, 254, 254, 286, 287, 255, 255, 287, 256, 224, 256, 288, 289, 257, 257, 289, 290, 258, 258, 290, 291, 259, 259, 291, 292, 260, 260, 292, 293, 261, 261, 293, 294, 262, 262, 294, 295, 263, 263, 295, 296, 264, 264, 296, 297, 265, 265, 297, 298, 266, 266, 298, 299, 267, 267, 299, 300, 268, 268, 300, 301, 269, 269, 301, 302, 270, 270, 302, 303, 271, 271, 303, 304, 272, 272, 304, 305, 273, 273, 305, 306, 274, 274, 306, 307, 275, 275, 307, 308, 276, 276, 308, 309, 277, 277, 309, 310, 278, 278, 310, 311, 279, 279, 311, 312, 280, 280, 312, 313, 281, 281, 313, 314, 282, 282, 314, 315, 283, 283, 315, 316, 284, 284, 316, 317, 285, 285, 317, 318, 286, 286, 318, 319, 287, 287, 319, 288, 256, 288, 320, 321, 289, 289, 321, 322, 290, 290, 322, 323, 291, 291, 323, 324, 292, 292, 324, 325, 293, 293, 325, 326, 294, 294, 326, 327, 295, 295, 327, 328, 296, 296, 328, 329, 297, 297, 329, 330, 298, 298, 330, 331, 299, 299, 331, 332, 300, 300, 332, 333, 301, 301, 333, 334, 302, 302, 334, 335, 303, 303, 335, 336, 304, 304, 336, 337, 305, 305, 337, 338, 306, 306, 338, 339, 307, 307, 339, 340, 308, 308, 340, 341, 309, 309, 341, 342, 310, 310, 342, 343, 311, 311, 343, 344, 312, 312, 344, 345, 313, 313, 345, 346, 314, 314, 346, 347, 315, 315, 347, 348, 316, 316, 348, 349, 317, 317, 349, 350, 318, 318, 350, 351, 319, 319, 351, 320, 288, 320, 352, 353, 321, 321, 353, 354, 322, 322, 354, 355, 323, 323, 355, 356, 324, 324, 356, 357, 325, 325, 357, 358, 326, 326, 358, 359, 327, 327, 359, 360, 328, 328, 360, 361, 329, 329, 361, 362, 330, 330, 362, 363, 331, 331, 363, 364, 332, 332, 364, 365, 333, 333, 365, 366, 334, 334, 366, 367, 335, 335, 367, 368, 336, 336, 368, 369, 337, 337, 369, 370, 338, 338, 370, 371, 339, 339, 371, 372, 340, 340, 372, 373, 341, 341, 373, 374, 342, 342, 374, 375, 343, 343, 375, 376, 344, 344, 376, 377, 345, 345, 377, 378, 346, 346, 378, 379, 347, 347, 379, 380, 348, 348, 380, 381, 349, 349, 381, 382, 350, 350, 382, 383, 351, 351, 383, 352, 320, 352, 384, 385, 353, 353, 385, 386, 354, 354, 386, 387, 355, 355, 387, 388, 356, 356, 388, 389, 357, 357, 389, 390, 358, 358, 390, 391, 359, 359, 391, 392, 360, 360, 392, 393, 361, 361, 393, 394, 362, 362, 394, 395, 363, 363, 395, 396, 364, 364, 396, 397, 365, 365, 397, 398, 366, 366, 398, 399, 367, 367, 399, 400, 368, 368, 400, 401, 369, 369, 401, 402, 370, 370, 402, 403, 371, 371, 403, 404, 372, 372, 404, 405, 373, 373, 405, 406, 374, 374, 406, 407, 375, 375, 407, 408, 376, 376, 408, 409, 377, 377, 409, 410, 378, 378, 410, 411, 379, 379, 411, 412, 380, 380, 412, 413, 381, 381, 413, 414, 382, 382, 414, 415, 383, 383, 415, 384, 352, 384, 416, 417, 385, 385, 417, 418, 386, 386, 418, 419, 387, 387, 419, 420, 388, 388, 420, 421, 389, 389, 421, 422, 390, 390, 422, 423, 391, 391, 423, 424, 392, 392, 424, 425, 393, 393, 425, 426, 394, 394, 426, 427, 395, 395, 427, 428, 396, 396, 428, 429, 397, 397, 429, 430, 398, 398, 430, 431, 399, 399, 431, 432, 400, 400, 432, 433, 401, 401, 433, 434, 402, 402, 434, 435, 403, 403, 435, 436, 404, 404, 436, 437, 405, 405, 437, 438, 406, 406, 438, 439, 407, 407, 439, 440, 408, 408, 440, 441, 409, 409, 441, 442, 410, 410, 442, 443, 411, 411, 443, 444, 412, 412, 444, 445, 413, 413, 445, 446, 414, 414, 446, 447, 415, 415, 447, 416, 384, 416, 448, 449, 417, 417, 449, 450, 418, 418, 450, 451, 419, 419, 451, 452, 420, 420, 452, 453, 421, 421, 453, 454, 422, 422, 454, 455, 423, 423, 455, 456, 424, 424, 456, 457, 425, 425, 457, 458, 426, 426, 458, 459, 427, 427, 459, 460, 428, 428, 460, 461, 429, 429, 461, 462, 430, 430, 462, 463, 431, 431, 463, 464, 432, 432, 464, 465, 433, 433, 465, 466, 434, 434, 466, 467, 435, 435, 467, 468, 436, 436, 468, 469, 437, 437, 469, 470, 438, 438, 470, 471, 439, 439, 471, 472, 440, 440, 472, 473, 441, 441, 473, 474, 442, 442, 474, 475, 443, 443, 475, 476, 444, 444, 476, 477, 445, 445, 477, 478, 446, 446, 478, 479, 447, 447, 479, 448, 416, 448, 480, 481, 449, 449, 481, 482, 450, 450, 482, 483, 451, 451, 483, 484, 452, 452, 484, 485, 453, 453, 485, 486, 454, 454, 486, 487, 455, 455, 487, 488, 456, 456, 488, 489, 457, 457, 489, 490, 458, 458, 490, 491, 459, 459, 491, 492, 460, 460, 492, 493, 461, 461, 493, 494, 462, 462, 494, 495, 463, 463, 495, 496, 464, 464, 496, 497, 465, 465, 497, 498, 466, 466, 498, 499, 467, 467, 499, 500, 468, 468, 500, 501, 469, 469, 501, 502, 470, 470, 502, 503, 471, 471, 503, 504, 472, 472, 504, 505, 473, 473, 505, 506, 474, 474, 506, 507, 475, 475, 507, 508, 476, 476, 508, 509, 477, 477, 509, 510, 478, 478, 510, 511, 479, 479, 511, 480, 448, 480, 512, 513, 481, 481, 513, 514, 482, 482, 514, 515, 483, 483, 515, 516, 484, 484, 516, 517, 485, 485, 517, 518, 486, 486, 518, 519, 487, 487, 519, 520, 488, 488, 520, 521, 489, 489, 521, 522, 490, 490, 522, 523, 491, 491, 523, 524, 492, 492, 524, 525, 493, 493, 525, 526, 494, 494, 526, 527, 495, 495, 527, 528, 496, 496, 528, 529, 497, 497, 529, 530, 498, 498, 530, 531, 499, 499, 531, 532, 500, 500, 532, 533, 501, 501, 533, 534, 502, 502, 534, 535, 503, 503, 535, 536, 504, 504, 536, 537, 505, 505, 537, 538, 506, 506, 538, 539, 507, 507, 539, 540, 508, 508, 540, 541, 509, 509, 541, 542, 510, 510, 542, 543, 511, 511, 543, 512, 480, 512, 544, 545, 513, 513, 545, 546, 514, 514, 546, 547, 515, 515, 547, 548, 516, 516, 548, 549, 517, 517, 549, 550, 518, 518, 550, 551, 519, 519, 551, 552, 520, 520, 552, 553, 521, 521, 553, 554, 522, 522, 554, 555, 523, 523, 555, 556, 524, 524, 556, 557, 525, 525, 557, 558, 526, 526, 558, 559, 527, 527, 559, 560, 528, 528, 560, 561, 529, 529, 561, 562, 530, 530, 562, 563, 531, 531, 563, 564, 532, 532, 564, 565, 533, 533, 565, 566, 534, 534, 566, 567, 535, 535, 567, 568, 536, 536, 568, 569, 537, 537, 569, 570, 538, 538, 570, 571, 539, 539, 571, 572, 540, 540, 572, 573, 541, 541, 573, 574, 542, 542, 574, 575, 543, 543, 575, 544, 512, 544, 576, 577, 545, 545, 577, 578, 546, 546, 578, 579, 547, 547, 579, 580, 548, 548, 580, 581, 549, 549, 581, 582, 550, 550, 582, 583, 551, 551, 583, 584, 552, 552, 584, 585, 553, 553, 585, 586, 554, 554, 586, 587, 555, 555, 587, 588, 556, 556, 588, 589, 557, 557, 589, 590, 558, 558, 590, 591, 559, 559, 591, 592, 560, 560, 592, 593, 561, 561, 593, 594, 562, 562, 594, 595, 563, 563, 595, 596, 564, 564, 596, 597, 565, 565, 597, 598, 566, 566, 598, 599, 567, 567, 599, 600, 568, 568, 600, 601, 569, 569, 601, 602, 570, 570, 602, 603, 571, 571, 603, 604, 572, 572, 604, 605, 573, 573, 605, 606, 574, 574, 606, 607, 575, 575, 607, 576, 544, 576, 608, 609, 577, 577, 609, 610, 578, 578, 610, 611, 579, 579, 611, 612, 580, 580, 612, 613, 581, 581, 613, 614, 582, 582, 614, 615, 583, 583, 615, 616, 584, 584, 616, 617, 585, 585, 617, 618, 586, 586, 618, 619, 587, 587, 619, 620, 588, 588, 620, 621, 589, 589, 621, 622, 590, 590, 622, 623, 591, 591, 623, 624, 592, 592, 624, 625, 593, 593, 625, 626, 594, 594, 626, 627, 595, 595, 627, 628, 596, 596, 628, 629, 597, 597, 629, 630, 598, 598, 630, 631, 599, 599, 631, 632, 600, 600, 632, 633, 601, 601, 633, 634, 602, 602, 634, 635, 603, 603, 635, 636, 604, 604, 636, 637, 605, 605, 637, 638, 606, 606, 638, 639, 607, 607, 639, 608, 576, 608, 640, 641, 609, 609, 641, 642, 610, 610, 642, 643, 611, 611, 643, 644, 612, 612, 644, 645, 613, 613, 645, 646, 614, 614, 646, 647, 615, 615, 647, 648, 616, 616, 648, 649, 617, 617, 649, 650, 618, 618, 650, 651, 619, 619, 651, 652, 620, 620, 652, 653, 621, 621, 653, 654, 622, 622, 654, 655, 623, 623, 655, 656, 624, 624, 656, 657, 625, 625, 657, 658, 626, 626, 658, 659, 627, 627, 659, 660, 628, 628, 660, 661, 629, 629, 661, 662, 630, 630, 662, 663, 631, 631, 663, 664, 632, 632, 664, 665, 633, 633, 665, 666, 634, 634, 666, 667, 635, 635, 667, 668, 636, 636, 668, 669, 637, 637, 669, 670, 638, 638, 670, 671, 639, 639, 671, 640, 608, 640, 672, 673, 641, 641, 673, 674, 642, 642, 674, 675, 643, 643, 675, 676, 644, 644, 676, 677, 645, 645, 677, 678, 646, 646, 678, 679, 647, 647, 679, 680, 648, 648, 680, 681, 649, 649, 681, 682, 650, 650, 682, 683, 651, 651, 683, 684, 652, 652, 684, 685, 653, 653, 685, 686, 654, 654, 686, 687, 655, 655, 687, 688, 656, 656, 688, 689, 657, 657, 689, 690, 658, 658, 690, 691, 659, 659, 691, 692, 660, 660, 692, 693, 661, 661, 693, 694, 662, 662, 694, 695, 663, 663, 695, 696, 664, 664, 696, 697, 665, 665, 697, 698, 666, 666, 698, 699, 667, 667, 699, 700, 668, 668, 700, 701, 669, 669, 701, 702, 670, 670, 702, 703, 671, 671, 703, 672, 640, 672, 704, 705, 673, 673, 705, 706, 674, 674, 706, 707, 675, 675, 707, 708, 676, 676, 708, 709, 677, 677, 709, 710, 678, 678, 710, 711, 679, 679, 711, 712, 680, 680, 712, 713, 681, 681, 713, 714, 682, 682, 714, 715, 683, 683, 715, 716, 684, 684, 716, 717, 685, 685, 717, 718, 686, 686, 718, 719, 687, 687, 719, 720, 688, 688, 720, 721, 689, 689, 721, 722, 690, 690, 722, 723, 691, 691, 723, 724, 692, 692, 724, 725, 693, 693, 725, 726, 694, 694, 726, 727, 695, 695, 727, 728, 696, 696, 728, 729, 697, 697, 729, 730, 698, 698, 730, 731, 699, 699, 731, 732, 700, 700, 732, 733, 701, 701, 733, 734, 702, 702, 734, 735, 703, 703, 735, 704, 672, 704, 736, 737, 705, 705, 737, 738, 706, 706, 738, 739, 707, 707, 739, 740, 708, 708, 740, 741, 709, 709, 741, 742, 710, 710, 742, 743, 711, 711, 743, 744, 712, 712, 744, 745, 713, 713, 745, 746, 714, 714, 746, 747, 715, 715, 747, 748, 716, 716, 748, 749, 717, 717, 749, 750, 718, 718, 750, 751, 719, 719, 751, 752, 720, 720, 752, 753, 721, 721, 753, 754, 722, 722, 754, 755, 723, 723, 755, 756, 724, 724, 756, 757, 725, 725, 757, 758, 726, 726, 758, 759, 727, 727, 759, 760, 728, 728, 760, 761, 729, 729, 761, 762, 730, 730, 762, 763, 731, 731, 763, 764, 732, 732, 764, 765, 733, 733, 765, 766, 734, 734, 766, 767, 735, 735, 767, 736, 704, 736, 768, 769, 737, 737, 769, 770, 738, 738, 770, 771, 739, 739, 771, 772, 740, 740, 772, 773, 741, 741, 773, 774, 742, 742, 774, 775, 743, 743, 775, 776, 744, 744, 776, 777, 745, 745, 777, 778, 746, 746, 778, 779, 747, 747, 779, 780, 748, 748, 780, 781, 749, 749, 781, 782, 750, 750, 782, 783, 751, 751, 783, 784, 752, 752, 784, 785, 753, 753, 785, 786, 754, 754, 786, 787, 755, 755, 787, 788, 756, 756, 788, 789, 757, 757, 789, 790, 758, 758, 790, 791, 759, 759, 791, 792, 760, 760, 792, 793, 761, 761, 793, 794, 762, 762, 794, 795, 763, 763, 795, 796, 764, 764, 796, 797, 765, 765, 797, 798, 766, 766, 798, 799, 767, 767, 799, 768, 736, 768, 800, 801, 769, 769, 801, 802, 770, 770, 802, 803, 771, 771, 803, 804, 772, 772, 804, 805, 773, 773, 805, 806, 774, 774, 806, 807, 775, 775, 807, 808, 776, 776, 808, 809, 777, 777, 809, 810, 778, 778, 810, 811, 779, 779, 811, 812, 780, 780, 812, 813, 781, 781, 813, 814, 782, 782, 814, 815, 783, 783, 815, 816, 784, 784, 816, 817, 785, 785, 817, 818, 786, 786, 818, 819, 787, 787, 819, 820, 788, 788, 820, 821, 789, 789, 821, 822, 790, 790, 822, 823, 791, 791, 823, 824, 792, 792, 824, 825, 793, 793, 825, 826, 794, 794, 826, 827, 795, 795, 827, 828, 796, 796, 828, 829, 797, 797, 829, 830, 798, 798, 830, 831, 799, 799, 831, 800, 768, 800, 832, 833, 801, 801, 833, 834, 802, 802, 834, 835, 803, 803, 835, 836, 804, 804, 836, 837, 805, 805, 837, 838, 806, 806, 838, 839, 807, 807, 839, 840, 808, 808, 840, 841, 809, 809, 841, 842, 810, 810, 842, 843, 811, 811, 843, 844, 812, 812, 844, 845, 813, 813, 845, 846, 814, 814, 846, 847, 815, 815, 847, 848, 816, 816, 848, 849, 817, 817, 849, 850, 818, 818, 850, 851, 819, 819, 851, 852, 820, 820, 852, 853, 821, 821, 853, 854, 822, 822, 854, 855, 823, 823, 855, 856, 824, 824, 856, 857, 825, 825, 857, 858, 826, 826, 858, 859, 827, 827, 859, 860, 828, 828, 860, 861, 829, 829, 861, 862, 830, 830, 862, 863, 831, 831, 863, 832, 800, 832, 864, 865, 833, 833, 865, 866, 834, 834, 866, 867, 835, 835, 867, 868, 836, 836, 868, 869, 837, 837, 869, 870, 838, 838, 870, 871, 839, 839, 871, 872, 840, 840, 872, 873, 841, 841, 873, 874, 842, 842, 874, 875, 843, 843, 875, 876, 844, 844, 876, 877, 845, 845, 877, 878, 846, 846, 878, 879, 847, 847, 879, 880, 848, 848, 880, 881, 849, 849, 881, 882, 850, 850, 882, 883, 851, 851, 883, 884, 852, 852, 884, 885, 853, 853, 885, 886, 854, 854, 886, 887, 855, 855, 887, 888, 856, 856, 888, 889, 857, 857, 889, 890, 858, 858, 890, 891, 859, 859, 891, 892, 860, 860, 892, 893, 861, 861, 893, 894, 862, 862, 894, 895, 863, 863, 895, 864, 832, 864, 896, 897, 865, 865, 897, 898, 866, 866, 898, 899, 867, 867, 899, 900, 868, 868, 900, 901, 869, 869, 901, 902, 870, 870, 902, 903, 871, 871, 903, 904, 872, 872, 904, 905, 873, 873, 905, 906, 874, 874, 906, 907, 875, 875, 907, 908, 876, 876, 908, 909, 877, 877, 909, 910, 878, 878, 910, 911, 879, 879, 911, 912, 880, 880, 912, 913, 881, 881, 913, 914, 882, 882, 914, 915, 883, 883, 915, 916, 884, 884, 916, 917, 885, 885, 917, 918, 886, 886, 918, 919, 887, 887, 919, 920, 888, 888, 920, 921, 889, 889, 921, 922, 890, 890, 922, 923, 891, 891, 923, 924, 892, 892, 924, 925, 893, 893, 925, 926, 894, 894, 926, 927, 895, 895, 927, 896, 864, 896, 928, 929, 897, 897, 929, 930, 898, 898, 930, 931, 899, 899, 931, 932, 900, 900, 932, 933, 901, 901, 933, 934, 902, 902, 934, 935, 903, 903, 935, 936, 904, 904, 936, 937, 905, 905, 937, 938, 906, 906, 938, 939, 907, 907, 939, 940, 908, 908, 940, 941, 909, 909, 941, 942, 910, 910, 942, 943, 911, 911, 943, 944, 912, 912, 944, 945, 913, 913, 945, 946, 914, 914, 946, 947, 915, 915, 947, 948, 916, 916, 948, 949, 917, 917, 949, 950, 918, 918, 950, 951, 919, 919, 951, 952, 920, 920, 952, 953, 921, 921, 953, 954, 922, 922, 954, 955, 923, 923, 955, 956, 924, 924, 956, 957, 925, 925, 957, 958, 926, 926, 958, 959, 927, 927, 959, 928, 896, 928, 960, 961, 929, 929, 961, 962, 930, 930, 962, 963, 931, 931, 963, 964, 932, 932, 964, 965, 933, 933, 965, 966, 934, 934, 966, 967, 935, 935, 967, 968, 936, 936, 968, 969, 937, 937, 969, 970, 938, 938, 970, 971, 939, 939, 971, 972, 940, 940, 972, 973, 941, 941, 973, 974, 942, 942, 974, 975, 943, 943, 975, 976, 944, 944, 976, 977, 945, 945, 977, 978, 946, 946, 978, 979, 947, 947, 979, 980, 948, 948, 980, 981, 949, 949, 981, 982, 950, 950, 982, 983, 951, 951, 983, 984, 952, 952, 984, 985, 953, 953, 985, 986, 954, 954, 986, 987, 955, 955, 987, 988, 956, 956, 988, 989, 957, 957, 989, 990, 958, 958, 990, 991, 959, 959, 991, 960, 928, 960, 992, 993, 961, 961, 993, 994, 962, 962, 994, 995, 963, 963, 995, 996, 964, 964, 996, 997, 965, 965, 997, 998, 966, 966, 998, 999, 967, 967, 999, 1000, 968, 968, 1000, 1001, 969, 969, 1001, 1002, 970, 970, 1002, 1003, 971, 971, 1003, 1004, 972, 972, 1004, 1005, 973, 973, 1005, 1006, 974, 974, 1006, 1007, 975, 975, 1007, 1008, 976, 976, 1008, 1009, 977, 977, 1009, 1010, 978, 978, 1010, 1011, 979, 979, 1011, 1012, 980, 980, 1012, 1013, 981, 981, 1013, 1014, 982, 982, 1014, 1015, 983, 983, 1015, 1016, 984, 984, 1016, 1017, 985, 985, 1017, 1018, 986, 986, 1018, 1019, 987, 987, 1019, 1020, 988, 988, 1020, 1021, 989, 989, 1021, 1022, 990, 990, 1022, 1023, 991, 991, 1023, 992, 960, 992, 1024, 1025, 993, 993, 1025, 1026, 994, 994, 1026, 1027, 995, 995, 1027, 1028, 996, 996, 1028, 1029, 997, 997, 1029, 1030, 998, 998, 1030, 1031, 999, 999, 1031, 1032, 1000, 1000, 1032, 1033, 1001, 1001, 1033, 1034, 1002, 1002, 1034, 1035, 1003, 1003, 1035, 1036, 1004, 1004, 1036, 1037, 1005, 1005, 1037, 1038, 1006, 1006, 1038, 1039, 1007, 1007, 1039, 1040, 1008, 1008, 1040, 1041, 1009, 1009, 1041, 1042, 1010, 1010, 1042, 1043, 1011, 1011, 1043, 1044, 1012, 1012, 1044, 1045, 1013, 1013, 1045, 1046, 1014, 1014, 1046, 1047, 1015, 1015, 1047, 1048, 1016, 1016, 1048, 1049, 1017, 1017, 1049, 1050, 1018, 1018, 1050, 1051, 1019, 1019, 1051, 1052, 1020, 1020, 1052, 1053, 1021, 1021, 1053, 1054, 1022, 1022, 1054, 1055, 1023, 1023, 1055, 1024, 992, 1024, 1056, 1057, 1025, 1025, 1057, 1058, 1026, 1026, 1058, 1059, 1027, 1027, 1059, 1060, 1028, 1028, 1060, 1061, 1029, 1029, 1061, 1062, 1030, 1030, 1062, 1063, 1031, 1031, 1063, 1064, 1032, 1032, 1064, 1065, 1033, 1033, 1065, 1066, 1034, 1034, 1066, 1067, 1035, 1035, 1067, 1068, 1036, 1036, 1068, 1069, 1037, 1037, 1069, 1070, 1038, 1038, 1070, 1071, 1039, 1039, 1071, 1072, 1040, 1040, 1072, 1073, 1041, 1041, 1073, 1074, 1042, 1042, 1074, 1075, 1043, 1043, 1075, 1076, 1044, 1044, 1076, 1077, 1045, 1045, 1077, 1078, 1046, 1046, 1078, 1079, 1047, 1047, 1079, 1080, 1048, 1048, 1080, 1081, 1049, 1049, 1081, 1082, 1050, 1050, 1082, 1083, 1051, 1051, 1083, 1084, 1052, 1052, 1084, 1085, 1053, 1053, 1085, 1086, 1054, 1054, 1086, 1087, 1055, 1055, 1087, 1056, 1024, 1056, 1088, 1089, 1057, 1057, 1089, 1090, 1058, 1058, 1090, 1091, 1059, 1059, 1091, 1092, 1060, 1060, 1092, 1093, 1061, 1061, 1093, 1094, 1062, 1062, 1094, 1095, 1063, 1063, 1095, 1096, 1064, 1064, 1096, 1097, 1065, 1065, 1097, 1098, 1066, 1066, 1098, 1099, 1067, 1067, 1099, 1100, 1068, 1068, 1100, 1101, 1069, 1069, 1101, 1102, 1070, 1070, 1102, 1103, 1071, 1071, 1103, 1104, 1072, 1072, 1104, 1105, 1073, 1073, 1105, 1106, 1074, 1074, 1106, 1107, 1075, 1075, 1107, 1108, 1076, 1076, 1108, 1109, 1077, 1077, 1109, 1110, 1078, 1078, 1110, 1111, 1079, 1079, 1111, 1112, 1080, 1080, 1112, 1113, 1081, 1081, 1113, 1114, 1082, 1082, 1114, 1115, 1083, 1083, 1115, 1116, 1084, 1084, 1116, 1117, 1085, 1085, 1117, 1118, 1086, 1086, 1118, 1119, 1087, 1087, 1119, 1088, 1056, 1088, 1120, 1121, 1089, 1089, 1121, 1122, 1090, 1090, 1122, 1123, 1091, 1091, 1123, 1124, 1092, 1092, 1124, 1125, 1093, 1093, 1125, 1126, 1094, 1094, 1126, 1127, 1095, 1095, 1127, 1128, 1096, 1096, 1128, 1129, 1097, 1097, 1129, 1130, 1098, 1098, 1130, 1131, 1099, 1099, 1131, 1132, 1100, 1100, 1132, 1133, 1101, 1101, 1133, 1134, 1102, 1102, 1134, 1135, 1103, 1103, 1135, 1136, 1104, 1104, 1136, 1137, 1105, 1105, 1137, 1138, 1106, 1106, 1138, 1139, 1107, 1107, 1139, 1140, 1108, 1108, 1140, 1141, 1109, 1109, 1141, 1142, 1110, 1110, 1142, 1143, 1111, 1111, 1143, 1144, 1112, 1112, 1144, 1145, 1113, 1113, 1145, 1146, 1114, 1114, 1146, 1147, 1115, 1115, 1147, 1148, 1116, 1116, 1148, 1149, 1117, 1117, 1149, 1150, 1118, 1118, 1150, 1151, 1119, 1119, 1151, 1120, 1088, 1120, 1152, 1153, 1121, 1121, 1153, 1154, 1122, 1122, 1154, 1155, 1123, 1123, 1155, 1156, 1124, 1124, 1156, 1157, 1125, 1125, 1157, 1158, 1126, 1126, 1158, 1159, 1127, 1127, 1159, 1160, 1128, 1128, 1160, 1161, 1129, 1129, 1161, 1162, 1130, 1130, 1162, 1163, 1131, 1131, 1163, 1164, 1132, 1132, 1164, 1165, 1133, 1133, 1165, 1166, 1134, 1134, 1166, 1167, 1135, 1135, 1167, 1168, 1136, 1136, 1168, 1169, 1137, 1137, 1169, 1170, 1138, 1138, 1170, 1171, 1139, 1139, 1171, 1172, 1140, 1140, 1172, 1173, 1141, 1141, 1173, 1174, 1142, 1142, 1174, 1175, 1143, 1143, 1175, 1176, 1144, 1144, 1176, 1177, 1145, 1145, 1177, 1178, 1146, 1146, 1178, 1179, 1147, 1147, 1179, 1180, 1148, 1148, 1180, 1181, 1149, 1149, 1181, 1182, 1150, 1150, 1182, 1183, 1151, 1151, 1183, 1152, 1120, 1152, 1184, 1185, 1153, 1153, 1185, 1186, 1154, 1154, 1186, 1187, 1155, 1155, 1187, 1188, 1156, 1156, 1188, 1189, 1157, 1157, 1189, 1190, 1158, 1158, 1190, 1191, 1159, 1159, 1191, 1192, 1160, 1160, 1192, 1193, 1161, 1161, 1193, 1194, 1162, 1162, 1194, 1195, 1163, 1163, 1195, 1196, 1164, 1164, 1196, 1197, 1165, 1165, 1197, 1198, 1166, 1166, 1198, 1199, 1167, 1167, 1199, 1200, 1168, 1168, 1200, 1201, 1169, 1169, 1201, 1202, 1170, 1170, 1202, 1203, 1171, 1171, 1203, 1204, 1172, 1172, 1204, 1205, 1173, 1173, 1205, 1206, 1174, 1174, 1206, 1207, 1175, 1175, 1207, 1208, 1176, 1176, 1208, 1209, 1177, 1177, 1209, 1210, 1178, 1178, 1210, 1211, 1179, 1179, 1211, 1212, 1180, 1180, 1212, 1213, 1181, 1181, 1213, 1214, 1182, 1182, 1214, 1215, 1183, 1183, 1215, 1184, 1152, 1184, 1216, 1217, 1185, 1185, 1217, 1218, 1186, 1186, 1218, 1219, 1187, 1187, 1219, 1220, 1188, 1188, 1220, 1221, 1189, 1189, 1221, 1222, 1190, 1190, 1222, 1223, 1191, 1191, 1223, 1224, 1192, 1192, 1224, 1225, 1193, 1193, 1225, 1226, 1194, 1194, 1226, 1227, 1195, 1195, 1227, 1228, 1196, 1196, 1228, 1229, 1197, 1197, 1229, 1230, 1198, 1198, 1230, 1231, 1199, 1199, 1231, 1232, 1200, 1200, 1232, 1233, 1201, 1201, 1233, 1234, 1202, 1202, 1234, 1235, 1203, 1203, 1235, 1236, 1204, 1204, 1236, 1237, 1205, 1205, 1237, 1238, 1206, 1206, 1238, 1239, 1207, 1207, 1239, 1240, 1208, 1208, 1240, 1241, 1209, 1209, 1241, 1242, 1210, 1210, 1242, 1243, 1211, 1211, 1243, 1244, 1212, 1212, 1244, 1245, 1213, 1213, 1245, 1246, 1214, 1214, 1246, 1247, 1215, 1215, 1247, 1216, 1184, 1216, 1248, 1249, 1217, 1217, 1249, 1250, 1218, 1218, 1250, 1251, 1219, 1219, 1251, 1252, 1220, 1220, 1252, 1253, 1221, 1221, 1253, 1254, 1222, 1222, 1254, 1255, 1223, 1223, 1255, 1256, 1224, 1224, 1256, 1257, 1225, 1225, 1257, 1258, 1226, 1226, 1258, 1259, 1227, 1227, 1259, 1260, 1228, 1228, 1260, 1261, 1229, 1229, 1261, 1262, 1230, 1230, 1262, 1263, 1231, 1231, 1263, 1264, 1232, 1232, 1264, 1265, 1233, 1233, 1265, 1266, 1234, 1234, 1266, 1267, 1235, 1235, 1267, 1268, 1236, 1236, 1268, 1269, 1237, 1237, 1269, 1270, 1238, 1238, 1270, 1271, 1239, 1239, 1271, 1272, 1240, 1240, 1272, 1273, 1241, 1241, 1273, 1274, 1242, 1242, 1274, 1275, 1243, 1243, 1275, 1276, 1244, 1244, 1276, 1277, 1245, 1245, 1277, 1278, 1246, 1246, 1278, 1279, 1247, 1247, 1279, 1248, 1216, 1248, 1280, 1281, 1249, 1249, 1281, 1282, 1250, 1250, 1282, 1283, 1251, 1251, 1283, 1284, 1252, 1252, 1284, 1285, 1253, 1253, 1285, 1286, 1254, 1254, 1286, 1287, 1255, 1255, 1287, 1288, 1256, 1256, 1288, 1289, 1257, 1257, 1289, 1290, 1258, 1258, 1290, 1291, 1259, 1259, 1291, 1292, 1260, 1260, 1292, 1293, 1261, 1261, 1293, 1294, 1262, 1262, 1294, 1295, 1263, 1263, 1295, 1296, 1264, 1264, 1296, 1297, 1265, 1265, 1297, 1298, 1266, 1266, 1298, 1299, 1267, 1267, 1299, 1300, 1268, 1268, 1300, 1301, 1269, 1269, 1301, 1302, 1270, 1270, 1302, 1303, 1271, 1271, 1303, 1304, 1272, 1272, 1304, 1305, 1273, 1273, 1305, 1306, 1274, 1274, 1306, 1307, 1275, 1275, 1307, 1308, 1276, 1276, 1308, 1309, 1277, 1277, 1309, 1310, 1278, 1278, 1310, 1311, 1279, 1279, 1311, 1280, 1248, 1280, 1312, 1313, 1281, 1281, 1313, 1314, 1282, 1282, 1314, 1315, 1283, 1283, 1315, 1316, 1284, 1284, 1316, 1317, 1285, 1285, 1317, 1318, 1286, 1286, 1318, 1319, 1287, 1287, 1319, 1320, 1288, 1288, 1320, 1321, 1289, 1289, 1321, 1322, 1290, 1290, 1322, 1323, 1291, 1291, 1323, 1324, 1292, 1292, 1324, 1325, 1293, 1293, 1325, 1326, 1294, 1294, 1326, 1327, 1295, 1295, 1327, 1328, 1296, 1296, 1328, 1329, 1297, 1297, 1329, 1330, 1298, 1298, 1330, 1331, 1299, 1299, 1331, 1332, 1300, 1300, 1332, 1333, 1301, 1301, 1333, 1334, 1302, 1302, 1334, 1335, 1303, 1303, 1335, 1336, 1304, 1304, 1336, 1337, 1305, 1305, 1337, 1338, 1306, 1306, 1338, 1339, 1307, 1307, 1339, 1340, 1308, 1308, 1340, 1341, 1309, 1309, 1341, 1342, 1310, 1310, 1342, 1343, 1311, 1311, 1343, 1312, 1280, 1312, 1344, 1345, 1313, 1313, 1345, 1346, 1314, 1314, 1346, 1347, 1315, 1315, 1347, 1348, 1316, 1316, 1348, 1349, 1317, 1317, 1349, 1350, 1318, 1318, 1350, 1351, 1319, 1319, 1351, 1352, 1320, 1320, 1352, 1353, 1321, 1321, 1353, 1354, 1322, 1322, 1354, 1355, 1323, 1323, 1355, 1356, 1324, 1324, 1356, 1357, 1325, 1325, 1357, 1358, 1326, 1326, 1358, 1359, 1327, 1327, 1359, 1360, 1328, 1328, 1360, 1361, 1329, 1329, 1361, 1362, 1330, 1330, 1362, 1363, 1331, 1331, 1363, 1364, 1332, 1332, 1364, 1365, 1333, 1333, 1365, 1366, 1334, 1334, 1366, 1367, 1335, 1335, 1367, 1368, 1336, 1336, 1368, 1369, 1337, 1337, 1369, 1370, 1338, 1338, 1370, 1371, 1339, 1339, 1371, 1372, 1340, 1340, 1372, 1373, 1341, 1341, 1373, 1374, 1342, 1342, 1374, 1375, 1343, 1343, 1375, 1344, 1312, 1344, 1376, 1377, 1345, 1345, 1377, 1378, 1346, 1346, 1378, 1379, 1347, 1347, 1379, 1380, 1348, 1348, 1380, 1381, 1349, 1349, 1381, 1382, 1350, 1350, 1382, 1383, 1351, 1351, 1383, 1384, 1352, 1352, 1384, 1385, 1353, 1353, 1385, 1386, 1354, 1354, 1386, 1387, 1355, 1355, 1387, 1388, 1356, 1356, 1388, 1389, 1357, 1357, 1389, 1390, 1358, 1358, 1390, 1391, 1359, 1359, 1391, 1392, 1360, 1360, 1392, 1393, 1361, 1361, 1393, 1394, 1362, 1362, 1394, 1395, 1363, 1363, 1395, 1396, 1364, 1364, 1396, 1397, 1365, 1365, 1397, 1398, 1366, 1366, 1398, 1399, 1367, 1367, 1399, 1400, 1368, 1368, 1400, 1401, 1369, 1369, 1401, 1402, 1370, 1370, 1402, 1403, 1371, 1371, 1403, 1404, 1372, 1372, 1404, 1405, 1373, 1373, 1405, 1406, 1374, 1374, 1406, 1407, 1375, 1375, 1407, 1376, 1344, 1376, 1408, 1409, 1377, 1377, 1409, 1410, 1378, 1378, 1410, 1411, 1379, 1379, 1411, 1412, 1380, 1380, 1412, 1413, 1381, 1381, 1413, 1414, 1382, 1382, 1414, 1415, 1383, 1383, 1415, 1416, 1384, 1384, 1416, 1417, 1385, 1385, 1417, 1418, 1386, 1386, 1418, 1419, 1387, 1387, 1419, 1420, 1388, 1388, 1420, 1421, 1389, 1389, 1421, 1422, 1390, 1390, 1422, 1423, 1391, 1391, 1423, 1424, 1392, 1392, 1424, 1425, 1393, 1393, 1425, 1426, 1394, 1394, 1426, 1427, 1395, 1395, 1427, 1428, 1396, 1396, 1428, 1429, 1397, 1397, 1429, 1430, 1398, 1398, 1430, 1431, 1399, 1399, 1431, 1432, 1400, 1400, 1432, 1433, 1401, 1401, 1433, 1434, 1402, 1402, 1434, 1435, 1403, 1403, 1435, 1436, 1404, 1404, 1436, 1437, 1405, 1405, 1437, 1438, 1406, 1406, 1438, 1439, 1407, 1407, 1439, 1408, 1376, 1408, 1440, 1441, 1409, 1409, 1441, 1442, 1410, 1410, 1442, 1443, 1411, 1411, 1443, 1444, 1412, 1412, 1444, 1445, 1413, 1413, 1445, 1446, 1414, 1414, 1446, 1447, 1415, 1415, 1447, 1448, 1416, 1416, 1448, 1449, 1417, 1417, 1449, 1450, 1418, 1418, 1450, 1451, 1419, 1419, 1451, 1452, 1420, 1420, 1452, 1453, 1421, 1421, 1453, 1454, 1422, 1422, 1454, 1455, 1423, 1423, 1455, 1456, 1424, 1424, 1456, 1457, 1425, 1425, 1457, 1458, 1426, 1426, 1458, 1459, 1427, 1427, 1459, 1460, 1428, 1428, 1460, 1461, 1429, 1429, 1461, 1462, 1430, 1430, 1462, 1463, 1431, 1431, 1463, 1464, 1432, 1432, 1464, 1465, 1433, 1433, 1465, 1466, 1434, 1434, 1466, 1467, 1435, 1435, 1467, 1468, 1436, 1436, 1468, 1469, 1437, 1437, 1469, 1470, 1438, 1438, 1470, 1471, 1439, 1439, 1471, 1440, 1408, 1440, 1472, 1473, 1441, 1441, 1473, 1474, 1442, 1442, 1474, 1475, 1443, 1443, 1475, 1476, 1444, 1444, 1476, 1477, 1445, 1445, 1477, 1478, 1446, 1446, 1478, 1479, 1447, 1447, 1479, 1480, 1448, 1448, 1480, 1481, 1449, 1449, 1481, 1482, 1450, 1450, 1482, 1483, 1451, 1451, 1483, 1484, 1452, 1452, 1484, 1485, 1453, 1453, 1485, 1486, 1454, 1454, 1486, 1487, 1455, 1455, 1487, 1488, 1456, 1456, 1488, 1489, 1457, 1457, 1489, 1490, 1458, 1458, 1490, 1491, 1459, 1459, 1491, 1492, 1460, 1460, 1492, 1493, 1461, 1461, 1493, 1494, 1462, 1462, 1494, 1495, 1463, 1463, 1495, 1496, 1464, 1464, 1496, 1497, 1465, 1465, 1497, 1498, 1466, 1466, 1498, 1499, 1467, 1467, 1499, 1500, 1468, 1468, 1500, 1501, 1469, 1469, 1501, 1502, 1470, 1470, 1502, 1503, 1471, 1471, 1503, 1472, 1440, 1472, 1504, 1505, 1473, 1473, 1505, 1506, 1474, 1474, 1506, 1507, 1475, 1475, 1507, 1508, 1476, 1476, 1508, 1509, 1477, 1477, 1509, 1510, 1478, 1478, 1510, 1511, 1479, 1479, 1511, 1512, 1480, 1480, 1512, 1513, 1481, 1481, 1513, 1514, 1482, 1482, 1514, 1515, 1483, 1483, 1515, 1516, 1484, 1484, 1516, 1517, 1485, 1485, 1517, 1518, 1486, 1486, 1518, 1519, 1487, 1487, 1519, 1520, 1488, 1488, 1520, 1521, 1489, 1489, 1521, 1522, 1490, 1490, 1522, 1523, 1491, 1491, 1523, 1524, 1492, 1492, 1524, 1525, 1493, 1493, 1525, 1526, 1494, 1494, 1526, 1527, 1495, 1495, 1527, 1528, 1496, 1496, 1528, 1529, 1497, 1497, 1529, 1530, 1498, 1498, 1530, 1531, 1499, 1499, 1531, 1532, 1500, 1500, 1532, 1533, 1501, 1501, 1533, 1534, 1502, 1502, 1534, 1535, 1503, 1503, 1535, 1504, 1472, 1504, 1536, 1537, 1505, 1505, 1537, 1538, 1506, 1506, 1538, 1539, 1507, 1507, 1539, 1540, 1508, 1508, 1540, 1541, 1509, 1509, 1541, 1542, 1510, 1510, 1542, 1543, 1511, 1511, 1543, 1544, 1512, 1512, 1544, 1545, 1513, 1513, 1545, 1546, 1514, 1514, 1546, 1547, 1515, 1515, 1547, 1548, 1516, 1516, 1548, 1549, 1517, 1517, 1549, 1550, 1518, 1518, 1550, 1551, 1519, 1519, 1551, 1552, 1520, 1520, 1552, 1553, 1521, 1521, 1553, 1554, 1522, 1522, 1554, 1555, 1523, 1523, 1555, 1556, 1524, 1524, 1556, 1557, 1525, 1525, 1557, 1558, 1526, 1526, 1558, 1559, 1527, 1527, 1559, 1560, 1528, 1528, 1560, 1561, 1529, 1529, 1561, 1562, 1530, 1530, 1562, 1563, 1531, 1531, 1563, 1564, 1532, 1532, 1564, 1565, 1533, 1533, 1565, 1566, 1534, 1534, 1566, 1567, 1535, 1535, 1567, 1536, 1504, 1536, 1568, 1569, 1537, 1537, 1569, 1570, 1538, 1538, 1570, 1571, 1539, 1539, 1571, 1572, 1540, 1540, 1572, 1573, 1541, 1541, 1573, 1574, 1542, 1542, 1574, 1575, 1543, 1543, 1575, 1576, 1544, 1544, 1576, 1577, 1545, 1545, 1577, 1578, 1546, 1546, 1578, 1579, 1547, 1547, 1579, 1580, 1548, 1548, 1580, 1581, 1549, 1549, 1581, 1582, 1550, 1550, 1582, 1583, 1551, 1551, 1583, 1584, 1552, 1552, 1584, 1585, 1553, 1553, 1585, 1586, 1554, 1554, 1586, 1587, 1555, 1555, 1587, 1588, 1556, 1556, 1588, 1589, 1557, 1557, 1589, 1590, 1558, 1558, 1590, 1591, 1559, 1559, 1591, 1592, 1560, 1560, 1592, 1593, 1561, 1561, 1593, 1594, 1562, 1562, 1594, 1595, 1563, 1563, 1595, 1596, 1564, 1564, 1596, 1597, 1565, 1565, 1597, 1598, 1566, 1566, 1598, 1599, 1567, 1567, 1599, 1568, 1536, 1568, 1600, 1601, 1569, 1569, 1601, 1602, 1570, 1570, 1602, 1603, 1571, 1571, 1603, 1604, 1572, 1572, 1604, 1605, 1573, 1573, 1605, 1606, 1574, 1574, 1606, 1607, 1575, 1575, 1607, 1608, 1576, 1576, 1608, 1609, 1577, 1577, 1609, 1610, 1578, 1578, 1610, 1611, 1579, 1579, 1611, 1612, 1580, 1580, 1612, 1613, 1581, 1581, 1613, 1614, 1582, 1582, 1614, 1615, 1583, 1583, 1615, 1616, 1584, 1584, 1616, 1617, 1585, 1585, 1617, 1618, 1586, 1586, 1618, 1619, 1587, 1587, 1619, 1620, 1588, 1588, 1620, 1621, 1589, 1589, 1621, 1622, 1590, 1590, 1622, 1623, 1591, 1591, 1623, 1624, 1592, 1592, 1624, 1625, 1593, 1593, 1625, 1626, 1594, 1594, 1626, 1627, 1595, 1595, 1627, 1628, 1596, 1596, 1628, 1629, 1597, 1597, 1629, 1630, 1598, 1598, 1630, 1631, 1599, 1599, 1631, 1600, 1568, 1600, 1632, 1633, 1601, 1601, 1633, 1634, 1602, 1602, 1634, 1635, 1603, 1603, 1635, 1636, 1604, 1604, 1636, 1637, 1605, 1605, 1637, 1638, 1606, 1606, 1638, 1639, 1607, 1607, 1639, 1640, 1608, 1608, 1640, 1641, 1609, 1609, 1641, 1642, 1610, 1610, 1642, 1643, 1611, 1611, 1643, 1644, 1612, 1612, 1644, 1645, 1613, 1613, 1645, 1646, 1614, 1614, 1646, 1647, 1615, 1615, 1647, 1648, 1616, 1616, 1648, 1649, 1617, 1617, 1649, 1650, 1618, 1618, 1650, 1651, 1619, 1619, 1651, 1652, 1620, 1620, 1652, 1653, 1621, 1621, 1653, 1654, 1622, 1622, 1654, 1655, 1623, 1623, 1655, 1656, 1624, 1624, 1656, 1657, 1625, 1625, 1657, 1658, 1626, 1626, 1658, 1659, 1627, 1627, 1659, 1660, 1628, 1628, 1660, 1661, 1629, 1629, 1661, 1662, 1630, 1630, 1662, 1663, 1631, 1631, 1663, 1632, 1600, 1632, 1664, 1665, 1633, 1633, 1665, 1666, 1634, 1634, 1666, 1667, 1635, 1635, 1667, 1668, 1636, 1636, 1668, 1669, 1637, 1637, 1669, 1670, 1638, 1638, 1670, 1671, 1639, 1639, 1671, 1672, 1640, 1640, 1672, 1673, 1641, 1641, 1673, 1674, 1642, 1642, 1674, 1675, 1643, 1643, 1675, 1676, 1644, 1644, 1676, 1677, 1645, 1645, 1677, 1678, 1646, 1646, 1678, 1679, 1647, 1647, 1679, 1680, 1648, 1648, 1680, 1681, 1649, 1649, 1681, 1682, 1650, 1650, 1682, 1683, 1651, 1651, 1683, 1684, 1652, 1652, 1684, 1685, 1653, 1653, 1685, 1686, 1654, 1654, 1686, 1687, 1655, 1655, 1687, 1688, 1656, 1656, 1688, 1689, 1657, 1657, 1689, 1690, 1658, 1658, 1690, 1691, 1659, 1659, 1691, 1692, 1660, 1660, 1692, 1693, 1661, 1661, 1693, 1694, 1662, 1662, 1694, 1695, 1663, 1663, 1695, 1664, 1632, 1664, 1696, 1697, 1665, 1665, 1697, 1698, 1666, 1666, 1698, 1699, 1667, 1667, 1699, 1700, 1668, 1668, 1700, 1701, 1669, 1669, 1701, 1702, 1670, 1670, 1702, 1703, 1671, 1671, 1703, 1704, 1672, 1672, 1704, 1705, 1673, 1673, 1705, 1706, 1674, 1674, 1706, 1707, 1675, 1675, 1707, 1708, 1676, 1676, 1708, 1709, 1677, 1677, 1709, 1710, 1678, 1678, 1710, 1711, 1679, 1679, 1711, 1712, 1680, 1680, 1712, 1713, 1681, 1681, 1713, 1714, 1682, 1682, 1714, 1715, 1683, 1683, 1715, 1716, 1684, 1684, 1716, 1717, 1685, 1685, 1717, 1718, 1686, 1686, 1718, 1719, 1687, 1687, 1719, 1720, 1688, 1688, 1720, 1721, 1689, 1689, 1721, 1722, 1690, 1690, 1722, 1723, 1691, 1691, 1723, 1724, 1692, 1692, 1724, 1725, 1693, 1693, 1725, 1726, 1694, 1694, 1726, 1727, 1695, 1695, 1727, 1696, 1664, 1696, 1728, 1729, 1697, 1697, 1729, 1730, 1698, 1698, 1730, 1731, 1699, 1699, 1731, 1732, 1700, 1700, 1732, 1733, 1701, 1701, 1733, 1734, 1702, 1702, 1734, 1735, 1703, 1703, 1735, 1736, 1704, 1704, 1736, 1737, 1705, 1705, 1737, 1738, 1706, 1706, 1738, 1739, 1707, 1707, 1739, 1740, 1708, 1708, 1740, 1741, 1709, 1709, 1741, 1742, 1710, 1710, 1742, 1743, 1711, 1711, 1743, 1744, 1712, 1712, 1744, 1745, 1713, 1713, 1745, 1746, 1714, 1714, 1746, 1747, 1715, 1715, 1747, 1748, 1716, 1716, 1748, 1749, 1717, 1717, 1749, 1750, 1718, 1718, 1750, 1751, 1719, 1719, 1751, 1752, 1720, 1720, 1752, 1753, 1721, 1721, 1753, 1754, 1722, 1722, 1754, 1755, 1723, 1723, 1755, 1756, 1724, 1724, 1756, 1757, 1725, 1725, 1757, 1758, 1726, 1726, 1758, 1759, 1727, 1727, 1759, 1728, 1696, 1728, 1760, 1761, 1729, 1729, 1761, 1762, 1730, 1730, 1762, 1763, 1731, 1731, 1763, 1764, 1732, 1732, 1764, 1765, 1733, 1733, 1765, 1766, 1734, 1734, 1766, 1767, 1735, 1735, 1767, 1768, 1736, 1736, 1768, 1769, 1737, 1737, 1769, 1770, 1738, 1738, 1770, 1771, 1739, 1739, 1771, 1772, 1740, 1740, 1772, 1773, 1741, 1741, 1773, 1774, 1742, 1742, 1774, 1775, 1743, 1743, 1775, 1776, 1744, 1744, 1776, 1777, 1745, 1745, 1777, 1778, 1746, 1746, 1778, 1779, 1747, 1747, 1779, 1780, 1748, 1748, 1780, 1781, 1749, 1749, 1781, 1782, 1750, 1750, 1782, 1783, 1751, 1751, 1783, 1784, 1752, 1752, 1784, 1785, 1753, 1753, 1785, 1786, 1754, 1754, 1786, 1787, 1755, 1755, 1787, 1788, 1756, 1756, 1788, 1789, 1757, 1757, 1789, 1790, 1758, 1758, 1790, 1791, 1759, 1759, 1791, 1760, 1728, 1760, 1792, 1793, 1761, 1761, 1793, 1794, 1762, 1762, 1794, 1795, 1763, 1763, 1795, 1796, 1764, 1764, 1796, 1797, 1765, 1765, 1797, 1798, 1766, 1766, 1798, 1799, 1767, 1767, 1799, 1800, 1768, 1768, 1800, 1801, 1769, 1769, 1801, 1802, 1770, 1770, 1802, 1803, 1771, 1771, 1803, 1804, 1772, 1772, 1804, 1805, 1773, 1773, 1805, 1806, 1774, 1774, 1806, 1807, 1775, 1775, 1807, 1808, 1776, 1776, 1808, 1809, 1777, 1777, 1809, 1810, 1778, 1778, 1810, 1811, 1779, 1779, 1811, 1812, 1780, 1780, 1812, 1813, 1781, 1781, 1813, 1814, 1782, 1782, 1814, 1815, 1783, 1783, 1815, 1816, 1784, 1784, 1816, 1817, 1785, 1785, 1817, 1818, 1786, 1786, 1818, 1819, 1787, 1787, 1819, 1820, 1788, 1788, 1820, 1821, 1789, 1789, 1821, 1822, 1790, 1790, 1822, 1823, 1791, 1791, 1823, 1792, 1760, 1792, 1824, 1825, 1793, 1793, 1825, 1826, 1794, 1794, 1826, 1827, 1795, 1795, 1827, 1828, 1796, 1796, 1828, 1829, 1797, 1797, 1829, 1830, 1798, 1798, 1830, 1831, 1799, 1799, 1831, 1832, 1800, 1800, 1832, 1833, 1801, 1801, 1833, 1834, 1802, 1802, 1834, 1835, 1803, 1803, 1835, 1836, 1804, 1804, 1836, 1837, 1805, 1805, 1837, 1838, 1806, 1806, 1838, 1839, 1807, 1807, 1839, 1840, 1808, 1808, 1840, 1841, 1809, 1809, 1841, 1842, 1810, 1810, 1842, 1843, 1811, 1811, 1843, 1844, 1812, 1812, 1844, 1845, 1813, 1813, 1845, 1846, 1814, 1814, 1846, 1847, 1815, 1815, 1847, 1848, 1816, 1816, 1848, 1849, 1817, 1817, 1849, 1850, 1818, 1818, 1850, 1851, 1819, 1819, 1851, 1852, 1820, 1820, 1852, 1853, 1821, 1821, 1853, 1854, 1822, 1822, 1854, 1855, 1823, 1823, 1855, 1824, 1792, 1824, 1856, 1857, 1825, 1825, 1857, 1858, 1826, 1826, 1858, 1859, 1827, 1827, 1859, 1860, 1828, 1828, 1860, 1861, 1829, 1829, 1861, 1862, 1830, 1830, 1862, 1863, 1831, 1831, 1863, 1864, 1832, 1832, 1864, 1865, 1833, 1833, 1865, 1866, 1834, 1834, 1866, 1867, 1835, 1835, 1867, 1868, 1836, 1836, 1868, 1869, 1837, 1837, 1869, 1870, 1838, 1838, 1870, 1871, 1839, 1839, 1871, 1872, 1840, 1840, 1872, 1873, 1841, 1841, 1873, 1874, 1842, 1842, 1874, 1875, 1843, 1843, 1875, 1876, 1844, 1844, 1876, 1877, 1845, 1845, 1877, 1878, 1846, 1846, 1878, 1879, 1847, 1847, 1879, 1880, 1848, 1848, 1880, 1881, 1849, 1849, 1881, 1882, 1850, 1850, 1882, 1883, 1851, 1851, 1883, 1884, 1852, 1852, 1884, 1885, 1853, 1853, 1885, 1886, 1854, 1854, 1886, 1887, 1855, 1855, 1887, 1856, 1824, 1856, 1888, 1889, 1857, 1857, 1889, 1890, 1858, 1858, 1890, 1891, 1859, 1859, 1891, 1892, 1860, 1860, 1892, 1893, 1861, 1861, 1893, 1894, 1862, 1862, 1894, 1895, 1863, 1863, 1895, 1896, 1864, 1864, 1896, 1897, 1865, 1865, 1897, 1898, 1866, 1866, 1898, 1899, 1867, 1867, 1899, 1900, 1868, 1868, 1900, 1901, 1869, 1869, 1901, 1902, 1870, 1870, 1902, 1903, 1871, 1871, 1903, 1904, 1872, 1872, 1904, 1905, 1873, 1873, 1905, 1906, 1874, 1874, 1906, 1907, 1875, 1875, 1907, 1908, 1876, 1876, 1908, 1909, 1877, 1877, 1909, 1910, 1878, 1878, 1910, 1911, 1879, 1879, 1911, 1912, 1880, 1880, 1912, 1913, 1881, 1881, 1913, 1914, 1882, 1882, 1914, 1915, 1883, 1883, 1915, 1916, 1884, 1884, 1916, 1917, 1885, 1885, 1917, 1918, 1886, 1886, 1918, 1919, 1887, 1887, 1919, 1888, 1856, 1888, 1920, 1921, 1889, 1889, 1921, 1922, 1890, 1890, 1922, 1923, 1891, 1891, 1923, 1924, 1892, 1892, 1924, 1925, 1893, 1893, 1925, 1926, 1894, 1894, 1926, 1927, 1895, 1895, 1927, 1928, 1896, 1896, 1928, 1929, 1897, 1897, 1929, 1930, 1898, 1898, 1930, 1931, 1899, 1899, 1931, 1932, 1900, 1900, 1932, 1933, 1901, 1901, 1933, 1934, 1902, 1902, 1934, 1935, 1903, 1903, 1935, 1936, 1904, 1904, 1936, 1937, 1905, 1905, 1937, 1938, 1906, 1906, 1938, 1939, 1907, 1907, 1939, 1940, 1908, 1908, 1940, 1941, 1909, 1909, 1941, 1942, 1910, 1910, 1942, 1943, 1911, 1911, 1943, 1944, 1912, 1912, 1944, 1945, 1913, 1913, 1945, 1946, 1914, 1914, 1946, 1947, 1915, 1915, 1947, 1948, 1916, 1916, 1948, 1949, 1917, 1917, 1949, 1950, 1918, 1918, 1950, 1951, 1919, 1919, 1951, 1920, 1888, 1920, 1952, 1953, 1921, 1921, 1953, 1954, 1922, 1922, 1954, 1955, 1923, 1923, 1955, 1956, 1924, 1924, 1956, 1957, 1925, 1925, 1957, 1958, 1926, 1926, 1958, 1959, 1927, 1927, 1959, 1960, 1928, 1928, 1960, 1961, 1929, 1929, 1961, 1962, 1930, 1930, 1962, 1963, 1931, 1931, 1963, 1964, 1932, 1932, 1964, 1965, 1933, 1933, 1965, 1966, 1934, 1934, 1966, 1967, 1935, 1935, 1967, 1968, 1936, 1936, 1968, 1969, 1937, 1937, 1969, 1970, 1938, 1938, 1970, 1971, 1939, 1939, 1971, 1972, 1940, 1940, 1972, 1973, 1941, 1941, 1973, 1974, 1942, 1942, 1974, 1975, 1943, 1943, 1975, 1976, 1944, 1944, 1976, 1977, 1945, 1945, 1977, 1978, 1946, 1946, 1978, 1979, 1947, 1947, 1979, 1980, 1948, 1948, 1980, 1981, 1949, 1949, 1981, 1982, 1950, 1950, 1982, 1983, 1951, 1951, 1983, 1952, 1920, 1952, 1984, 1985, 1953, 1953, 1985, 1986, 1954, 1954, 1986, 1987, 1955, 1955, 1987, 1988, 1956, 1956, 1988, 1989, 1957, 1957, 1989, 1990, 1958, 1958, 1990, 1991, 1959, 1959, 1991, 1992, 1960, 1960, 1992, 1993, 1961, 1961, 1993, 1994, 1962, 1962, 1994, 1995, 1963, 1963, 1995, 1996, 1964, 1964, 1996, 1997, 1965, 1965, 1997, 1998, 1966, 1966, 1998, 1999, 1967, 1967, 1999, 2000, 1968, 1968, 2000, 2001, 1969, 1969, 2001, 2002, 1970, 1970, 2002, 2003, 1971, 1971, 2003, 2004, 1972, 1972, 2004, 2005, 1973, 1973, 2005, 2006, 1974, 1974, 2006, 2007, 1975, 1975, 2007, 2008, 1976, 1976, 2008, 2009, 1977, 1977, 2009, 2010, 1978, 1978, 2010, 2011, 1979, 1979, 2011, 2012, 1980, 1980, 2012, 2013, 1981, 1981, 2013, 2014, 1982, 1982, 2014, 2015, 1983, 1983, 2015, 1984, 1952, 1984, 2016, 2017, 1985, 1985, 2017, 2018, 1986, 1986, 2018, 2019, 1987, 1987, 2019, 2020, 1988, 1988, 2020, 2021, 1989, 1989, 2021, 2022, 1990, 1990, 2022, 2023, 1991, 1991, 2023, 2024, 1992, 1992, 2024, 2025, 1993, 1993, 2025, 2026, 1994, 1994, 2026, 2027, 1995, 1995, 2027, 2028, 1996, 1996, 2028, 2029, 1997, 1997, 2029, 2030, 1998, 1998, 2030, 2031, 1999, 1999, 2031, 2032, 2000, 2000, 2032, 2033, 2001, 2001, 2033, 2034, 2002, 2002, 2034, 2035, 2003, 2003, 2035, 2036, 2004, 2004, 2036, 2037, 2005, 2005, 2037, 2038, 2006, 2006, 2038, 2039, 2007, 2007, 2039, 2040, 2008, 2008, 2040, 2041, 2009, 2009, 2041, 2042, 2010, 2010, 2042, 2043, 2011, 2011, 2043, 2044, 2012, 2012, 2044, 2045, 2013, 2013, 2045, 2046, 2014, 2014, 2046, 2047, 2015, 2015, 2047, 2016, 1984, 2016, 2048, 2049, 2017, 2017, 2049, 2050, 2018, 2018, 2050, 2051, 2019, 2019, 2051, 2052, 2020, 2020, 2052, 2053, 2021, 2021, 2053, 2054, 2022, 2022, 2054, 2055, 2023, 2023, 2055, 2056, 2024, 2024, 2056, 2057, 2025, 2025, 2057, 2058, 2026, 2026, 2058, 2059, 2027, 2027, 2059, 2060, 2028, 2028, 2060, 2061, 2029, 2029, 2061, 2062, 2030, 2030, 2062, 2063, 2031, 2031, 2063, 2064, 2032, 2032, 2064, 2065, 2033, 2033, 2065, 2066, 2034, 2034, 2066, 2067, 2035, 2035, 2067, 2068, 2036, 2036, 2068, 2069, 2037, 2037, 2069, 2070, 2038, 2038, 2070, 2071, 2039, 2039, 2071, 2072, 2040, 2040, 2072, 2073, 2041, 2041, 2073, 2074, 2042, 2042, 2074, 2075, 2043, 2043, 2075, 2076, 2044, 2044, 2076, 2077, 2045, 2045, 2077, 2078, 2046, 2046, 2078, 2079, 2047, 2047, 2079, 2048, 2016, 2048, 2080, 2081, 2049, 2049, 2081, 2082, 2050, 2050, 2082, 2083, 2051, 2051, 2083, 2084, 2052, 2052, 2084, 2085, 2053, 2053, 2085, 2086, 2054, 2054, 2086, 2087, 2055, 2055, 2087, 2088, 2056, 2056, 2088, 2089, 2057, 2057, 2089, 2090, 2058, 2058, 2090, 2091, 2059, 2059, 2091, 2092, 2060, 2060, 2092, 2093, 2061, 2061, 2093, 2094, 2062, 2062, 2094, 2095, 2063, 2063, 2095, 2096, 2064, 2064, 2096, 2097, 2065, 2065, 2097, 2098, 2066, 2066, 2098, 2099, 2067, 2067, 2099, 2100, 2068, 2068, 2100, 2101, 2069, 2069, 2101, 2102, 2070, 2070, 2102, 2103, 2071, 2071, 2103, 2104, 2072, 2072, 2104, 2105, 2073, 2073, 2105, 2106, 2074, 2074, 2106, 2107, 2075, 2075, 2107, 2108, 2076, 2076, 2108, 2109, 2077, 2077, 2109, 2110, 2078, 2078, 2110, 2111, 2079, 2079, 2111, 2080, 2048, 2080, 2112, 2113, 2081, 2081, 2113, 2114, 2082, 2082, 2114, 2115, 2083, 2083, 2115, 2116, 2084, 2084, 2116, 2117, 2085, 2085, 2117, 2118, 2086, 2086, 2118, 2119, 2087, 2087, 2119, 2120, 2088, 2088, 2120, 2121, 2089, 2089, 2121, 2122, 2090, 2090, 2122, 2123, 2091, 2091, 2123, 2124, 2092, 2092, 2124, 2125, 2093, 2093, 2125, 2126, 2094, 2094, 2126, 2127, 2095, 2095, 2127, 2128, 2096, 2096, 2128, 2129, 2097, 2097, 2129, 2130, 2098, 2098, 2130, 2131, 2099, 2099, 2131, 2132, 2100, 2100, 2132, 2133, 2101, 2101, 2133, 2134, 2102, 2102, 2134, 2135, 2103, 2103, 2135, 2136, 2104, 2104, 2136, 2137, 2105, 2105, 2137, 2138, 2106, 2106, 2138, 2139, 2107, 2107, 2139, 2140, 2108, 2108, 2140, 2141, 2109, 2109, 2141, 2142, 2110, 2110, 2142, 2143, 2111, 2111, 2143, 2112, 2080, 2112, 2144, 2145, 2113, 2113, 2145, 2146, 2114, 2114, 2146, 2147, 2115, 2115, 2147, 2148, 2116, 2116, 2148, 2149, 2117, 2117, 2149, 2150, 2118, 2118, 2150, 2151, 2119, 2119, 2151, 2152, 2120, 2120, 2152, 2153, 2121, 2121, 2153, 2154, 2122, 2122, 2154, 2155, 2123, 2123, 2155, 2156, 2124, 2124, 2156, 2157, 2125, 2125, 2157, 2158, 2126, 2126, 2158, 2159, 2127, 2127, 2159, 2160, 2128, 2128, 2160, 2161, 2129, 2129, 2161, 2162, 2130, 2130, 2162, 2163, 2131, 2131, 2163, 2164, 2132, 2132, 2164, 2165, 2133, 2133, 2165, 2166, 2134, 2134, 2166, 2167, 2135, 2135, 2167, 2168, 2136, 2136, 2168, 2169, 2137, 2137, 2169, 2170, 2138, 2138, 2170, 2171, 2139, 2139, 2171, 2172, 2140, 2140, 2172, 2173, 2141, 2141, 2173, 2174, 2142, 2142, 2174, 2175, 2143, 2143, 2175, 2144, 2112, 2144, 2176, 2177, 2145, 2145, 2177, 2178, 2146, 2146, 2178, 2179, 2147, 2147, 2179, 2180, 2148, 2148, 2180, 2181, 2149, 2149, 2181, 2182, 2150, 2150, 2182, 2183, 2151, 2151, 2183, 2184, 2152, 2152, 2184, 2185, 2153, 2153, 2185, 2186, 2154, 2154, 2186, 2187, 2155, 2155, 2187, 2188, 2156, 2156, 2188, 2189, 2157, 2157, 2189, 2190, 2158, 2158, 2190, 2191, 2159, 2159, 2191, 2192, 2160, 2160, 2192, 2193, 2161, 2161, 2193, 2194, 2162, 2162, 2194, 2195, 2163, 2163, 2195, 2196, 2164, 2164, 2196, 2197, 2165, 2165, 2197, 2198, 2166, 2166, 2198, 2199, 2167, 2167, 2199, 2200, 2168, 2168, 2200, 2201, 2169, 2169, 2201, 2202, 2170, 2170, 2202, 2203, 2171, 2171, 2203, 2204, 2172, 2172, 2204, 2205, 2173, 2173, 2205, 2206, 2174, 2174, 2206, 2207, 2175, 2175, 2207, 2176, 2144, 2176, 2208, 2209, 2177, 2177, 2209, 2210, 2178, 2178, 2210, 2211, 2179, 2179, 2211, 2212, 2180, 2180, 2212, 2213, 2181, 2181, 2213, 2214, 2182, 2182, 2214, 2215, 2183, 2183, 2215, 2216, 2184, 2184, 2216, 2217, 2185, 2185, 2217, 2218, 2186, 2186, 2218, 2219, 2187, 2187, 2219, 2220, 2188, 2188, 2220, 2221, 2189, 2189, 2221, 2222, 2190, 2190, 2222, 2223, 2191, 2191, 2223, 2224, 2192, 2192, 2224, 2225, 2193, 2193, 2225, 2226, 2194, 2194, 2226, 2227, 2195, 2195, 2227, 2228, 2196, 2196, 2228, 2229, 2197, 2197, 2229, 2230, 2198, 2198, 2230, 2231, 2199, 2199, 2231, 2232, 2200, 2200, 2232, 2233, 2201, 2201, 2233, 2234, 2202, 2202, 2234, 2235, 2203, 2203, 2235, 2236, 2204, 2204, 2236, 2237, 2205, 2205, 2237, 2238, 2206, 2206, 2238, 2239, 2207, 2207, 2239, 2208, 2176, 2208, 2240, 2241, 2209, 2209, 2241, 2242, 2210, 2210, 2242, 2243, 2211, 2211, 2243, 2244, 2212, 2212, 2244, 2245, 2213, 2213, 2245, 2246, 2214, 2214, 2246, 2247, 2215, 2215, 2247, 2248, 2216, 2216, 2248, 2249, 2217, 2217, 2249, 2250, 2218, 2218, 2250, 2251, 2219, 2219, 2251, 2252, 2220, 2220, 2252, 2253, 2221, 2221, 2253, 2254, 2222, 2222, 2254, 2255, 2223, 2223, 2255, 2256, 2224, 2224, 2256, 2257, 2225, 2225, 2257, 2258, 2226, 2226, 2258, 2259, 2227, 2227, 2259, 2260, 2228, 2228, 2260, 2261, 2229, 2229, 2261, 2262, 2230, 2230, 2262, 2263, 2231, 2231, 2263, 2264, 2232, 2232, 2264, 2265, 2233, 2233, 2265, 2266, 2234, 2234, 2266, 2267, 2235, 2235, 2267, 2268, 2236, 2236, 2268, 2269, 2237, 2237, 2269, 2270, 2238, 2238, 2270, 2271, 2239, 2239, 2271, 2240, 2208, 2240, 2272, 2273, 2241, 2241, 2273, 2274, 2242, 2242, 2274, 2275, 2243, 2243, 2275, 2276, 2244, 2244, 2276, 2277, 2245, 2245, 2277, 2278, 2246, 2246, 2278, 2279, 2247, 2247, 2279, 2280, 2248, 2248, 2280, 2281, 2249, 2249, 2281, 2282, 2250, 2250, 2282, 2283, 2251, 2251, 2283, 2284, 2252, 2252, 2284, 2285, 2253, 2253, 2285, 2286, 2254, 2254, 2286, 2287, 2255, 2255, 2287, 2288, 2256, 2256, 2288, 2289, 2257, 2257, 2289, 2290, 2258, 2258, 2290, 2291, 2259, 2259, 2291, 2292, 2260, 2260, 2292, 2293, 2261, 2261, 2293, 2294, 2262, 2262, 2294, 2295, 2263, 2263, 2295, 2296, 2264, 2264, 2296, 2297, 2265, 2265, 2297, 2298, 2266, 2266, 2298, 2299, 2267, 2267, 2299, 2300, 2268, 2268, 2300, 2301, 2269, 2269, 2301, 2302, 2270, 2270, 2302, 2303, 2271, 2271, 2303, 2272, 2240, 2272, 2304, 2305, 2273, 2273, 2305, 2306, 2274, 2274, 2306, 2307, 2275, 2275, 2307, 2308, 2276, 2276, 2308, 2309, 2277, 2277, 2309, 2310, 2278, 2278, 2310, 2311, 2279, 2279, 2311, 2312, 2280, 2280, 2312, 2313, 2281, 2281, 2313, 2314, 2282, 2282, 2314, 2315, 2283, 2283, 2315, 2316, 2284, 2284, 2316, 2317, 2285, 2285, 2317, 2318, 2286, 2286, 2318, 2319, 2287, 2287, 2319, 2320, 2288, 2288, 2320, 2321, 2289, 2289, 2321, 2322, 2290, 2290, 2322, 2323, 2291, 2291, 2323, 2324, 2292, 2292, 2324, 2325, 2293, 2293, 2325, 2326, 2294, 2294, 2326, 2327, 2295, 2295, 2327, 2328, 2296, 2296, 2328, 2329, 2297, 2297, 2329, 2330, 2298, 2298, 2330, 2331, 2299, 2299, 2331, 2332, 2300, 2300, 2332, 2333, 2301, 2301, 2333, 2334, 2302, 2302, 2334, 2335, 2303, 2303, 2335, 2304, 2272, 2304, 2336, 2337, 2305, 2305, 2337, 2338, 2306, 2306, 2338, 2339, 2307, 2307, 2339, 2340, 2308, 2308, 2340, 2341, 2309, 2309, 2341, 2342, 2310, 2310, 2342, 2343, 2311, 2311, 2343, 2344, 2312, 2312, 2344, 2345, 2313, 2313, 2345, 2346, 2314, 2314, 2346, 2347, 2315, 2315, 2347, 2348, 2316, 2316, 2348, 2349, 2317, 2317, 2349, 2350, 2318, 2318, 2350, 2351, 2319, 2319, 2351, 2352, 2320, 2320, 2352, 2353, 2321, 2321, 2353, 2354, 2322, 2322, 2354, 2355, 2323, 2323, 2355, 2356, 2324, 2324, 2356, 2357, 2325, 2325, 2357, 2358, 2326, 2326, 2358, 2359, 2327, 2327, 2359, 2360, 2328, 2328, 2360, 2361, 2329, 2329, 2361, 2362, 2330, 2330, 2362, 2363, 2331, 2331, 2363, 2364, 2332, 2332, 2364, 2365, 2333, 2333, 2365, 2366, 2334, 2334, 2366, 2367, 2335, 2335, 2367, 2336, 2304, 2336, 2368, 2369, 2337, 2337, 2369, 2370, 2338, 2338, 2370, 2371, 2339, 2339, 2371, 2372, 2340, 2340, 2372, 2373, 2341, 2341, 2373, 2374, 2342, 2342, 2374, 2375, 2343, 2343, 2375, 2376, 2344, 2344, 2376, 2377, 2345, 2345, 2377, 2378, 2346, 2346, 2378, 2379, 2347, 2347, 2379, 2380, 2348, 2348, 2380, 2381, 2349, 2349, 2381, 2382, 2350, 2350, 2382, 2383, 2351, 2351, 2383, 2384, 2352, 2352, 2384, 2385, 2353, 2353, 2385, 2386, 2354, 2354, 2386, 2387, 2355, 2355, 2387, 2388, 2356, 2356, 2388, 2389, 2357, 2357, 2389, 2390, 2358, 2358, 2390, 2391, 2359, 2359, 2391, 2392, 2360, 2360, 2392, 2393, 2361, 2361, 2393, 2394, 2362, 2362, 2394, 2395, 2363, 2363, 2395, 2396, 2364, 2364, 2396, 2397, 2365, 2365, 2397, 2398, 2366, 2366, 2398, 2399, 2367, 2367, 2399, 2368, 2336, 2368, 2400, 2401, 2369, 2369, 2401, 2402, 2370, 2370, 2402, 2403, 2371, 2371, 2403, 2404, 2372, 2372, 2404, 2405, 2373, 2373, 2405, 2406, 2374, 2374, 2406, 2407, 2375, 2375, 2407, 2408, 2376, 2376, 2408, 2409, 2377, 2377, 2409, 2410, 2378, 2378, 2410, 2411, 2379, 2379, 2411, 2412, 2380, 2380, 2412, 2413, 2381, 2381, 2413, 2414, 2382, 2382, 2414, 2415, 2383, 2383, 2415, 2416, 2384, 2384, 2416, 2417, 2385, 2385, 2417, 2418, 2386, 2386, 2418, 2419, 2387, 2387, 2419, 2420, 2388, 2388, 2420, 2421, 2389, 2389, 2421, 2422, 2390, 2390, 2422, 2423, 2391, 2391, 2423, 2424, 2392, 2392, 2424, 2425, 2393, 2393, 2425, 2426, 2394, 2394, 2426, 2427, 2395, 2395, 2427, 2428, 2396, 2396, 2428, 2429, 2397, 2397, 2429, 2430, 2398, 2398, 2430, 2431, 2399, 2399, 2431, 2400, 2368, 2400, 2432, 2433, 2401, 2401, 2433, 2434, 2402, 2402, 2434, 2435, 2403, 2403, 2435, 2436, 2404, 2404, 2436, 2437, 2405, 2405, 2437, 2438, 2406, 2406, 2438, 2439, 2407, 2407, 2439, 2440, 2408, 2408, 2440, 2441, 2409, 2409, 2441, 2442, 2410, 2410, 2442, 2443, 2411, 2411, 2443, 2444, 2412, 2412, 2444, 2445, 2413, 2413, 2445, 2446, 2414, 2414, 2446, 2447, 2415, 2415, 2447, 2448, 2416, 2416, 2448, 2449, 2417, 2417, 2449, 2450, 2418, 2418, 2450, 2451, 2419, 2419, 2451, 2452, 2420, 2420, 2452, 2453, 2421, 2421, 2453, 2454, 2422, 2422, 2454, 2455, 2423, 2423, 2455, 2456, 2424, 2424, 2456, 2457, 2425, 2425, 2457, 2458, 2426, 2426, 2458, 2459, 2427, 2427, 2459, 2460, 2428, 2428, 2460, 2461, 2429, 2429, 2461, 2462, 2430, 2430, 2462, 2463, 2431, 2431, 2463, 2432, 2400, 2432, 2464, 2465, 2433, 2433, 2465, 2466, 2434, 2434, 2466, 2467, 2435, 2435, 2467, 2468, 2436, 2436, 2468, 2469, 2437, 2437, 2469, 2470, 2438, 2438, 2470, 2471, 2439, 2439, 2471, 2472, 2440, 2440, 2472, 2473, 2441, 2441, 2473, 2474, 2442, 2442, 2474, 2475, 2443, 2443, 2475, 2476, 2444, 2444, 2476, 2477, 2445, 2445, 2477, 2478, 2446, 2446, 2478, 2479, 2447, 2447, 2479, 2480, 2448, 2448, 2480, 2481, 2449, 2449, 2481, 2482, 2450, 2450, 2482, 2483, 2451, 2451, 2483, 2484, 2452, 2452, 2484, 2485, 2453, 2453, 2485, 2486, 2454, 2454, 2486, 2487, 2455, 2455, 2487, 2488, 2456, 2456, 2488, 2489, 2457, 2457, 2489, 2490, 2458, 2458, 2490, 2491, 2459, 2459, 2491, 2492, 2460, 2460, 2492, 2493, 2461, 2461, 2493, 2494, 2462, 2462, 2494, 2495, 2463, 2463, 2495, 2464, 2432, 2464, 2496, 2497, 2465, 2465, 2497, 2498, 2466, 2466, 2498, 2499, 2467, 2467, 2499, 2500, 2468, 2468, 2500, 2501, 2469, 2469, 2501, 2502, 2470, 2470, 2502, 2503, 2471, 2471, 2503, 2504, 2472, 2472, 2504, 2505, 2473, 2473, 2505, 2506, 2474, 2474, 2506, 2507, 2475, 2475, 2507, 2508, 2476, 2476, 2508, 2509, 2477, 2477, 2509, 2510, 2478, 2478, 2510, 2511, 2479, 2479, 2511, 2512, 2480, 2480, 2512, 2513, 2481, 2481, 2513, 2514, 2482, 2482, 2514, 2515, 2483, 2483, 2515, 2516, 2484, 2484, 2516, 2517, 2485, 2485, 2517, 2518, 2486, 2486, 2518, 2519, 2487, 2487, 2519, 2520, 2488, 2488, 2520, 2521, 2489, 2489, 2521, 2522, 2490, 2490, 2522, 2523, 2491, 2491, 2523, 2524, 2492, 2492, 2524, 2525, 2493, 2493, 2525, 2526, 2494, 2494, 2526, 2527, 2495, 2495, 2527, 2496, 2464, 2496, 2528, 2529, 2497, 2497, 2529, 2530, 2498, 2498, 2530, 2531, 2499, 2499, 2531, 2532, 2500, 2500, 2532, 2533, 2501, 2501, 2533, 2534, 2502, 2502, 2534, 2535, 2503, 2503, 2535, 2536, 2504, 2504, 2536, 2537, 2505, 2505, 2537, 2538, 2506, 2506, 2538, 2539, 2507, 2507, 2539, 2540, 2508, 2508, 2540, 2541, 2509, 2509, 2541, 2542, 2510, 2510, 2542, 2543, 2511, 2511, 2543, 2544, 2512, 2512, 2544, 2545, 2513, 2513, 2545, 2546, 2514, 2514, 2546, 2547, 2515, 2515, 2547, 2548, 2516, 2516, 2548, 2549, 2517, 2517, 2549, 2550, 2518, 2518, 2550, 2551, 2519, 2519, 2551, 2552, 2520, 2520, 2552, 2553, 2521, 2521, 2553, 2554, 2522, 2522, 2554, 2555, 2523, 2523, 2555, 2556, 2524, 2524, 2556, 2557, 2525, 2525, 2557, 2558, 2526, 2526, 2558, 2559, 2527, 2527, 2559, 2528, 2496, 2528, 2560, 2561, 2529, 2529, 2561, 2562, 2530, 2530, 2562, 2563, 2531, 2531, 2563, 2564, 2532, 2532, 2564, 2565, 2533, 2533, 2565, 2566, 2534, 2534, 2566, 2567, 2535, 2535, 2567, 2568, 2536, 2536, 2568, 2569, 2537, 2537, 2569, 2570, 2538, 2538, 2570, 2571, 2539, 2539, 2571, 2572, 2540, 2540, 2572, 2573, 2541, 2541, 2573, 2574, 2542, 2542, 2574, 2575, 2543, 2543, 2575, 2576, 2544, 2544, 2576, 2577, 2545, 2545, 2577, 2578, 2546, 2546, 2578, 2579, 2547, 2547, 2579, 2580, 2548, 2548, 2580, 2581, 2549, 2549, 2581, 2582, 2550, 2550, 2582, 2583, 2551, 2551, 2583, 2584, 2552, 2552, 2584, 2585, 2553, 2553, 2585, 2586, 2554, 2554, 2586, 2587, 2555, 2555, 2587, 2588, 2556, 2556, 2588, 2589, 2557, 2557, 2589, 2590, 2558, 2558, 2590, 2591, 2559, 2559, 2591, 2560, 2528, 2560, 2592, 2593, 2561, 2561, 2593, 2594, 2562, 2562, 2594, 2595, 2563, 2563, 2595, 2596, 2564, 2564, 2596, 2597, 2565, 2565, 2597, 2598, 2566, 2566, 2598, 2599, 2567, 2567, 2599, 2600, 2568, 2568, 2600, 2601, 2569, 2569, 2601, 2602, 2570, 2570, 2602, 2603, 2571, 2571, 2603, 2604, 2572, 2572, 2604, 2605, 2573, 2573, 2605, 2606, 2574, 2574, 2606, 2607, 2575, 2575, 2607, 2608, 2576, 2576, 2608, 2609, 2577, 2577, 2609, 2610, 2578, 2578, 2610, 2611, 2579, 2579, 2611, 2612, 2580, 2580, 2612, 2613, 2581, 2581, 2613, 2614, 2582, 2582, 2614, 2615, 2583, 2583, 2615, 2616, 2584, 2584, 2616, 2617, 2585, 2585, 2617, 2618, 2586, 2586, 2618, 2619, 2587, 2587, 2619, 2620, 2588, 2588, 2620, 2621, 2589, 2589, 2621, 2622, 2590, 2590, 2622, 2623, 2591, 2591, 2623, 2592, 2560, 2592, 2624, 2625, 2593, 2593, 2625, 2626, 2594, 2594, 2626, 2627, 2595, 2595, 2627, 2628, 2596, 2596, 2628, 2629, 2597, 2597, 2629, 2630, 2598, 2598, 2630, 2631, 2599, 2599, 2631, 2632, 2600, 2600, 2632, 2633, 2601, 2601, 2633, 2634, 2602, 2602, 2634, 2635, 2603, 2603, 2635, 2636, 2604, 2604, 2636, 2637, 2605, 2605, 2637, 2638, 2606, 2606, 2638, 2639, 2607, 2607, 2639, 2640, 2608, 2608, 2640, 2641, 2609, 2609, 2641, 2642, 2610, 2610, 2642, 2643, 2611, 2611, 2643, 2644, 2612, 2612, 2644, 2645, 2613, 2613, 2645, 2646, 2614, 2614, 2646, 2647, 2615, 2615, 2647, 2648, 2616, 2616, 2648, 2649, 2617, 2617, 2649, 2650, 2618, 2618, 2650, 2651, 2619, 2619, 2651, 2652, 2620, 2620, 2652, 2653, 2621, 2621, 2653, 2654, 2622, 2622, 2654, 2655, 2623, 2623, 2655, 2624, 2592, 2624, 2656, 2657, 2625, 2625, 2657, 2658, 2626, 2626, 2658, 2659, 2627, 2627, 2659, 2660, 2628, 2628, 2660, 2661, 2629, 2629, 2661, 2662, 2630, 2630, 2662, 2663, 2631, 2631, 2663, 2664, 2632, 2632, 2664, 2665, 2633, 2633, 2665, 2666, 2634, 2634, 2666, 2667, 2635, 2635, 2667, 2668, 2636, 2636, 2668, 2669, 2637, 2637, 2669, 2670, 2638, 2638, 2670, 2671, 2639, 2639, 2671, 2672, 2640, 2640, 2672, 2673, 2641, 2641, 2673, 2674, 2642, 2642, 2674, 2675, 2643, 2643, 2675, 2676, 2644, 2644, 2676, 2677, 2645, 2645, 2677, 2678, 2646, 2646, 2678, 2679, 2647, 2647, 2679, 2680, 2648, 2648, 2680, 2681, 2649, 2649, 2681, 2682, 2650, 2650, 2682, 2683, 2651, 2651, 2683, 2684, 2652, 2652, 2684, 2685, 2653, 2653, 2685, 2686, 2654, 2654, 2686, 2687, 2655, 2655, 2687, 2656, 2624, 2656, 2688, 2689, 2657, 2657, 2689, 2690, 2658, 2658, 2690, 2691, 2659, 2659, 2691, 2692, 2660, 2660, 2692, 2693, 2661, 2661, 2693, 2694, 2662, 2662, 2694, 2695, 2663, 2663, 2695, 2696, 2664, 2664, 2696, 2697, 2665, 2665, 2697, 2698, 2666, 2666, 2698, 2699, 2667, 2667, 2699, 2700, 2668, 2668, 2700, 2701, 2669, 2669, 2701, 2702, 2670, 2670, 2702, 2703, 2671, 2671, 2703, 2704, 2672, 2672, 2704, 2705, 2673, 2673, 2705, 2706, 2674, 2674, 2706, 2707, 2675, 2675, 2707, 2708, 2676, 2676, 2708, 2709, 2677, 2677, 2709, 2710, 2678, 2678, 2710, 2711, 2679, 2679, 2711, 2712, 2680, 2680, 2712, 2713, 2681, 2681, 2713, 2714, 2682, 2682, 2714, 2715, 2683, 2683, 2715, 2716, 2684, 2684, 2716, 2717, 2685, 2685, 2717, 2718, 2686, 2686, 2718, 2719, 2687, 2687, 2719, 2688, 2656, 2688, 2720, 2721, 2689, 2689, 2721, 2722, 2690, 2690, 2722, 2723, 2691, 2691, 2723, 2724, 2692, 2692, 2724, 2725, 2693, 2693, 2725, 2726, 2694, 2694, 2726, 2727, 2695, 2695, 2727, 2728, 2696, 2696, 2728, 2729, 2697, 2697, 2729, 2730, 2698, 2698, 2730, 2731, 2699, 2699, 2731, 2732, 2700, 2700, 2732, 2733, 2701, 2701, 2733, 2734, 2702, 2702, 2734, 2735, 2703, 2703, 2735, 2736, 2704, 2704, 2736, 2737, 2705, 2705, 2737, 2738, 2706, 2706, 2738, 2739, 2707, 2707, 2739, 2740, 2708, 2708, 2740, 2741, 2709, 2709, 2741, 2742, 2710, 2710, 2742, 2743, 2711, 2711, 2743, 2744, 2712, 2712, 2744, 2745, 2713, 2713, 2745, 2746, 2714, 2714, 2746, 2747, 2715, 2715, 2747, 2748, 2716, 2716, 2748, 2749, 2717, 2717, 2749, 2750, 2718, 2718, 2750, 2751, 2719, 2719, 2751, 2720, 2688, 2720, 2752, 2753, 2721, 2721, 2753, 2754, 2722, 2722, 2754, 2755, 2723, 2723, 2755, 2756, 2724, 2724, 2756, 2757, 2725, 2725, 2757, 2758, 2726, 2726, 2758, 2759, 2727, 2727, 2759, 2760, 2728, 2728, 2760, 2761, 2729, 2729, 2761, 2762, 2730, 2730, 2762, 2763, 2731, 2731, 2763, 2764, 2732, 2732, 2764, 2765, 2733, 2733, 2765, 2766, 2734, 2734, 2766, 2767, 2735, 2735, 2767, 2768, 2736, 2736, 2768, 2769, 2737, 2737, 2769, 2770, 2738, 2738, 2770, 2771, 2739, 2739, 2771, 2772, 2740, 2740, 2772, 2773, 2741, 2741, 2773, 2774, 2742, 2742, 2774, 2775, 2743, 2743, 2775, 2776, 2744, 2744, 2776, 2777, 2745, 2745, 2777, 2778, 2746, 2746, 2778, 2779, 2747, 2747, 2779, 2780, 2748, 2748, 2780, 2781, 2749, 2749, 2781, 2782, 2750, 2750, 2782, 2783, 2751, 2751, 2783, 2752, 2720, 2752, 2784, 2785, 2753, 2753, 2785, 2786, 2754, 2754, 2786, 2787, 2755, 2755, 2787, 2788, 2756, 2756, 2788, 2789, 2757, 2757, 2789, 2790, 2758, 2758, 2790, 2791, 2759, 2759, 2791, 2792, 2760, 2760, 2792, 2793, 2761, 2761, 2793, 2794, 2762, 2762, 2794, 2795, 2763, 2763, 2795, 2796, 2764, 2764, 2796, 2797, 2765, 2765, 2797, 2798, 2766, 2766, 2798, 2799, 2767, 2767, 2799, 2800, 2768, 2768, 2800, 2801, 2769, 2769, 2801, 2802, 2770, 2770, 2802, 2803, 2771, 2771, 2803, 2804, 2772, 2772, 2804, 2805, 2773, 2773, 2805, 2806, 2774, 2774, 2806, 2807, 2775, 2775, 2807, 2808, 2776, 2776, 2808, 2809, 2777, 2777, 2809, 2810, 2778, 2778, 2810, 2811, 2779, 2779, 2811, 2812, 2780, 2780, 2812, 2813, 2781, 2781, 2813, 2814, 2782, 2782, 2814, 2815, 2783, 2783, 2815, 2784, 2752, 2784, 2816, 2817, 2785, 2785, 2817, 2818, 2786, 2786, 2818, 2819, 2787, 2787, 2819, 2820, 2788, 2788, 2820, 2821, 2789, 2789, 2821, 2822, 2790, 2790, 2822, 2823, 2791, 2791, 2823, 2824, 2792, 2792, 2824, 2825, 2793, 2793, 2825, 2826, 2794, 2794, 2826, 2827, 2795, 2795, 2827, 2828, 2796, 2796, 2828, 2829, 2797, 2797, 2829, 2830, 2798, 2798, 2830, 2831, 2799, 2799, 2831, 2832, 2800, 2800, 2832, 2833, 2801, 2801, 2833, 2834, 2802, 2802, 2834, 2835, 2803, 2803, 2835, 2836, 2804, 2804, 2836, 2837, 2805, 2805, 2837, 2838, 2806, 2806, 2838, 2839, 2807, 2807, 2839, 2840, 2808, 2808, 2840, 2841, 2809, 2809, 2841, 2842, 2810, 2810, 2842, 2843, 2811, 2811, 2843, 2844, 2812, 2812, 2844, 2845, 2813, 2813, 2845, 2846, 2814, 2814, 2846, 2847, 2815, 2815, 2847, 2816, 2784, 2816, 2848, 2849, 2817, 2817, 2849, 2850, 2818, 2818, 2850, 2851, 2819, 2819, 2851, 2852, 2820, 2820, 2852, 2853, 2821, 2821, 2853, 2854, 2822, 2822, 2854, 2855, 2823, 2823, 2855, 2856, 2824, 2824, 2856, 2857, 2825, 2825, 2857, 2858, 2826, 2826, 2858, 2859, 2827, 2827, 2859, 2860, 2828, 2828, 2860, 2861, 2829, 2829, 2861, 2862, 2830, 2830, 2862, 2863, 2831, 2831, 2863, 2864, 2832, 2832, 2864, 2865, 2833, 2833, 2865, 2866, 2834, 2834, 2866, 2867, 2835, 2835, 2867, 2868, 2836, 2836, 2868, 2869, 2837, 2837, 2869, 2870, 2838, 2838, 2870, 2871, 2839, 2839, 2871, 2872, 2840, 2840, 2872, 2873, 2841, 2841, 2873, 2874, 2842, 2842, 2874, 2875, 2843, 2843, 2875, 2876, 2844, 2844, 2876, 2877, 2845, 2845, 2877, 2878, 2846, 2846, 2878, 2879, 2847, 2847, 2879, 2848, 2816, 2848, 2880, 2881, 2849, 2849, 2881, 2882, 2850, 2850, 2882, 2883, 2851, 2851, 2883, 2884, 2852, 2852, 2884, 2885, 2853, 2853, 2885, 2886, 2854, 2854, 2886, 2887, 2855, 2855, 2887, 2888, 2856, 2856, 2888, 2889, 2857, 2857, 2889, 2890, 2858, 2858, 2890, 2891, 2859, 2859, 2891, 2892, 2860, 2860, 2892, 2893, 2861, 2861, 2893, 2894, 2862, 2862, 2894, 2895, 2863, 2863, 2895, 2896, 2864, 2864, 2896, 2897, 2865, 2865, 2897, 2898, 2866, 2866, 2898, 2899, 2867, 2867, 2899, 2900, 2868, 2868, 2900, 2901, 2869, 2869, 2901, 2902, 2870, 2870, 2902, 2903, 2871, 2871, 2903, 2904, 2872, 2872, 2904, 2905, 2873, 2873, 2905, 2906, 2874, 2874, 2906, 2907, 2875, 2875, 2907, 2908, 2876, 2876, 2908, 2909, 2877, 2877, 2909, 2910, 2878, 2878, 2910, 2911, 2879, 2879, 2911, 2880, 2848, 2880, 2912, 2913, 2881, 2881, 2913, 2914, 2882, 2882, 2914, 2915, 2883, 2883, 2915, 2916, 2884, 2884, 2916, 2917, 2885, 2885, 2917, 2918, 2886, 2886, 2918, 2919, 2887, 2887, 2919, 2920, 2888, 2888, 2920, 2921, 2889, 2889, 2921, 2922, 2890, 2890, 2922, 2923, 2891, 2891, 2923, 2924, 2892, 2892, 2924, 2925, 2893, 2893, 2925, 2926, 2894, 2894, 2926, 2927, 2895, 2895, 2927, 2928, 2896, 2896, 2928, 2929, 2897, 2897, 2929, 2930, 2898, 2898, 2930, 2931, 2899, 2899, 2931, 2932, 2900, 2900, 2932, 2933, 2901, 2901, 2933, 2934, 2902, 2902, 2934, 2935, 2903, 2903, 2935, 2936, 2904, 2904, 2936, 2937, 2905, 2905, 2937, 2938, 2906, 2906, 2938, 2939, 2907, 2907, 2939, 2940, 2908, 2908, 2940, 2941, 2909, 2909, 2941, 2942, 2910, 2910, 2942, 2943, 2911, 2911, 2943, 2912, 2880, 2912, 2944, 2945, 2913, 2913, 2945, 2946, 2914, 2914, 2946, 2947, 2915, 2915, 2947, 2948, 2916, 2916, 2948, 2949, 2917, 2917, 2949, 2950, 2918, 2918, 2950, 2951, 2919, 2919, 2951, 2952, 2920, 2920, 2952, 2953, 2921, 2921, 2953, 2954, 2922, 2922, 2954, 2955, 2923, 2923, 2955, 2956, 2924, 2924, 2956, 2957, 2925, 2925, 2957, 2958, 2926, 2926, 2958, 2959, 2927, 2927, 2959, 2960, 2928, 2928, 2960, 2961, 2929, 2929, 2961, 2962, 2930, 2930, 2962, 2963, 2931, 2931, 2963, 2964, 2932, 2932, 2964, 2965, 2933, 2933, 2965, 2966, 2934, 2934, 2966, 2967, 2935, 2935, 2967, 2968, 2936, 2936, 2968, 2969, 2937, 2937, 2969, 2970, 2938, 2938, 2970, 2971, 2939, 2939, 2971, 2972, 2940, 2940, 2972, 2973, 2941, 2941, 2973, 2974, 2942, 2942, 2974, 2975, 2943, 2943, 2975, 2944, 2912, 2944, 2976, 2977, 2945, 2945, 2977, 2978, 2946, 2946, 2978, 2979, 2947, 2947, 2979, 2980, 2948, 2948, 2980, 2981, 2949, 2949, 2981, 2982, 2950, 2950, 2982, 2983, 2951, 2951, 2983, 2984, 2952, 2952, 2984, 2985, 2953, 2953, 2985, 2986, 2954, 2954, 2986, 2987, 2955, 2955, 2987, 2988, 2956, 2956, 2988, 2989, 2957, 2957, 2989, 2990, 2958, 2958, 2990, 2991, 2959, 2959, 2991, 2992, 2960, 2960, 2992, 2993, 2961, 2961, 2993, 2994, 2962, 2962, 2994, 2995, 2963, 2963, 2995, 2996, 2964, 2964, 2996, 2997, 2965, 2965, 2997, 2998, 2966, 2966, 2998, 2999, 2967, 2967, 2999, 3000, 2968, 2968, 3000, 3001, 2969, 2969, 3001, 3002, 2970, 2970, 3002, 3003, 2971, 2971, 3003, 3004, 2972, 2972, 3004, 3005, 2973, 2973, 3005, 3006, 2974, 2974, 3006, 3007, 2975, 2975, 3007, 2976, 2944, 2976, 3008, 3009, 2977, 2977, 3009, 3010, 2978, 2978, 3010, 3011, 2979, 2979, 3011, 3012, 2980, 2980, 3012, 3013, 2981, 2981, 3013, 3014, 2982, 2982, 3014, 3015, 2983, 2983, 3015, 3016, 2984, 2984, 3016, 3017, 2985, 2985, 3017, 3018, 2986, 2986, 3018, 3019, 2987, 2987, 3019, 3020, 2988, 2988, 3020, 3021, 2989, 2989, 3021, 3022, 2990, 2990, 3022, 3023, 2991, 2991, 3023, 3024, 2992, 2992, 3024, 3025, 2993, 2993, 3025, 3026, 2994, 2994, 3026, 3027, 2995, 2995, 3027, 3028, 2996, 2996, 3028, 3029, 2997, 2997, 3029, 3030, 2998, 2998, 3030, 3031, 2999, 2999, 3031, 3032, 3000, 3000, 3032, 3033, 3001, 3001, 3033, 3034, 3002, 3002, 3034, 3035, 3003, 3003, 3035, 3036, 3004, 3004, 3036, 3037, 3005, 3005, 3037, 3038, 3006, 3006, 3038, 3039, 3007, 3007, 3039, 3008, 2976, 3008, 3040, 3041, 3009, 3009, 3041, 3042, 3010, 3010, 3042, 3043, 3011, 3011, 3043, 3044, 3012, 3012, 3044, 3045, 3013, 3013, 3045, 3046, 3014, 3014, 3046, 3047, 3015, 3015, 3047, 3048, 3016, 3016, 3048, 3049, 3017, 3017, 3049, 3050, 3018, 3018, 3050, 3051, 3019, 3019, 3051, 3052, 3020, 3020, 3052, 3053, 3021, 3021, 3053, 3054, 3022, 3022, 3054, 3055, 3023, 3023, 3055, 3056, 3024, 3024, 3056, 3057, 3025, 3025, 3057, 3058, 3026, 3026, 3058, 3059, 3027, 3027, 3059, 3060, 3028, 3028, 3060, 3061, 3029, 3029, 3061, 3062, 3030, 3030, 3062, 3063, 3031, 3031, 3063, 3064, 3032, 3032, 3064, 3065, 3033, 3033, 3065, 3066, 3034, 3034, 3066, 3067, 3035, 3035, 3067, 3068, 3036, 3036, 3068, 3069, 3037, 3037, 3069, 3070, 3038, 3038, 3070, 3071, 3039, 3039, 3071, 3040, 3008, 3040, 3072, 3073, 3041, 3041, 3073, 3074, 3042, 3042, 3074, 3075, 3043, 3043, 3075, 3076, 3044, 3044, 3076, 3077, 3045, 3045, 3077, 3078, 3046, 3046, 3078, 3079, 3047, 3047, 3079, 3080, 3048, 3048, 3080, 3081, 3049, 3049, 3081, 3082, 3050, 3050, 3082, 3083, 3051, 3051, 3083, 3084, 3052, 3052, 3084, 3085, 3053, 3053, 3085, 3086, 3054, 3054, 3086, 3087, 3055, 3055, 3087, 3088, 3056, 3056, 3088, 3089, 3057, 3057, 3089, 3090, 3058, 3058, 3090, 3091, 3059, 3059, 3091, 3092, 3060, 3060, 3092, 3093, 3061, 3061, 3093, 3094, 3062, 3062, 3094, 3095, 3063, 3063, 3095, 3096, 3064, 3064, 3096, 3097, 3065, 3065, 3097, 3098, 3066, 3066, 3098, 3099, 3067, 3067, 3099, 3100, 3068, 3068, 3100, 3101, 3069, 3069, 3101, 3102, 3070, 3070, 3102, 3103, 3071, 3071, 3103, 3072, 3040, 3072, 3104, 3105, 3073, 3073, 3105, 3106, 3074, 3074, 3106, 3107, 3075, 3075, 3107, 3108, 3076, 3076, 3108, 3109, 3077, 3077, 3109, 3110, 3078, 3078, 3110, 3111, 3079, 3079, 3111, 3112, 3080, 3080, 3112, 3113, 3081, 3081, 3113, 3114, 3082, 3082, 3114, 3115, 3083, 3083, 3115, 3116, 3084, 3084, 3116, 3117, 3085, 3085, 3117, 3118, 3086, 3086, 3118, 3119, 3087, 3087, 3119, 3120, 3088, 3088, 3120, 3121, 3089, 3089, 3121, 3122, 3090, 3090, 3122, 3123, 3091, 3091, 3123, 3124, 3092, 3092, 3124, 3125, 3093, 3093, 3125, 3126, 3094, 3094, 3126, 3127, 3095, 3095, 3127, 3128, 3096, 3096, 3128, 3129, 3097, 3097, 3129, 3130, 3098, 3098, 3130, 3131, 3099, 3099, 3131, 3132, 3100, 3100, 3132, 3133, 3101, 3101, 3133, 3134, 3102, 3102, 3134, 3135, 3103, 3103, 3135, 3104, 3072, 3104, 3136, 3137, 3105, 3105, 3137, 3138, 3106, 3106, 3138, 3139, 3107, 3107, 3139, 3140, 3108, 3108, 3140, 3141, 3109, 3109, 3141, 3142, 3110, 3110, 3142, 3143, 3111, 3111, 3143, 3144, 3112, 3112, 3144, 3145, 3113, 3113, 3145, 3146, 3114, 3114, 3146, 3147, 3115, 3115, 3147, 3148, 3116, 3116, 3148, 3149, 3117, 3117, 3149, 3150, 3118, 3118, 3150, 3151, 3119, 3119, 3151, 3152, 3120, 3120, 3152, 3153, 3121, 3121, 3153, 3154, 3122, 3122, 3154, 3155, 3123, 3123, 3155, 3156, 3124, 3124, 3156, 3157, 3125, 3125, 3157, 3158, 3126, 3126, 3158, 3159, 3127, 3127, 3159, 3160, 3128, 3128, 3160, 3161, 3129, 3129, 3161, 3162, 3130, 3130, 3162, 3163, 3131, 3131, 3163, 3164, 3132, 3132, 3164, 3165, 3133, 3133, 3165, 3166, 3134, 3134, 3166, 3167, 3135, 3135, 3167, 3136, 3104, 3136, 3168, 3169, 3137, 3137, 3169, 3170, 3138, 3138, 3170, 3171, 3139, 3139, 3171, 3172, 3140, 3140, 3172, 3173, 3141, 3141, 3173, 3174, 3142, 3142, 3174, 3175, 3143, 3143, 3175, 3176, 3144, 3144, 3176, 3177, 3145, 3145, 3177, 3178, 3146, 3146, 3178, 3179, 3147, 3147, 3179, 3180, 3148, 3148, 3180, 3181, 3149, 3149, 3181, 3182, 3150, 3150, 3182, 3183, 3151, 3151, 3183, 3184, 3152, 3152, 3184, 3185, 3153, 3153, 3185, 3186, 3154, 3154, 3186, 3187, 3155, 3155, 3187, 3188, 3156, 3156, 3188, 3189, 3157, 3157, 3189, 3190, 3158, 3158, 3190, 3191, 3159, 3159, 3191, 3192, 3160, 3160, 3192, 3193, 3161, 3161, 3193, 3194, 3162, 3162, 3194, 3195, 3163, 3163, 3195, 3196, 3164, 3164, 3196, 3197, 3165, 3165, 3197, 3198, 3166, 3166, 3198, 3199, 3167, 3167, 3199, 3168, 3136, 3168, 3200, 3201, 3169, 3169, 3201, 3202, 3170, 3170, 3202, 3203, 3171, 3171, 3203, 3204, 3172, 3172, 3204, 3205, 3173, 3173, 3205, 3206, 3174, 3174, 3206, 3207, 3175, 3175, 3207, 3208, 3176, 3176, 3208, 3209, 3177, 3177, 3209, 3210, 3178, 3178, 3210, 3211, 3179, 3179, 3211, 3212, 3180, 3180, 3212, 3213, 3181, 3181, 3213, 3214, 3182, 3182, 3214, 3215, 3183, 3183, 3215, 3216, 3184, 3184, 3216, 3217, 3185, 3185, 3217, 3218, 3186, 3186, 3218, 3219, 3187, 3187, 3219, 3220, 3188, 3188, 3220, 3221, 3189, 3189, 3221, 3222, 3190, 3190, 3222, 3223, 3191, 3191, 3223, 3224, 3192, 3192, 3224, 3225, 3193, 3193, 3225, 3226, 3194, 3194, 3226, 3227, 3195, 3195, 3227, 3228, 3196, 3196, 3228, 3229, 3197, 3197, 3229, 3230, 3198, 3198, 3230, 3231, 3199, 3199, 3231, 3200, 3168, 3200, 3232, 3233, 3201, 3201, 3233, 3234, 3202, 3202, 3234, 3235, 3203, 3203, 3235, 3236, 3204, 3204, 3236, 3237, 3205, 3205, 3237, 3238, 3206, 3206, 3238, 3239, 3207, 3207, 3239, 3240, 3208, 3208, 3240, 3241, 3209, 3209, 3241, 3242, 3210, 3210, 3242, 3243, 3211, 3211, 3243, 3244, 3212, 3212, 3244, 3245, 3213, 3213, 3245, 3246, 3214, 3214, 3246, 3247, 3215, 3215, 3247, 3248, 3216, 3216, 3248, 3249, 3217, 3217, 3249, 3250, 3218, 3218, 3250, 3251, 3219, 3219, 3251, 3252, 3220, 3220, 3252, 3253, 3221, 3221, 3253, 3254, 3222, 3222, 3254, 3255, 3223, 3223, 3255, 3256, 3224, 3224, 3256, 3257, 3225, 3225, 3257, 3258, 3226, 3226, 3258, 3259, 3227, 3227, 3259, 3260, 3228, 3228, 3260, 3261, 3229, 3229, 3261, 3262, 3230, 3230, 3262, 3263, 3231, 3231, 3263, 3232, 3200, 3232, 3264, 3265, 3233, 3233, 3265, 3266, 3234, 3234, 3266, 3267, 3235, 3235, 3267, 3268, 3236, 3236, 3268, 3269, 3237, 3237, 3269, 3270, 3238, 3238, 3270, 3271, 3239, 3239, 3271, 3272, 3240, 3240, 3272, 3273, 3241, 3241, 3273, 3274, 3242, 3242, 3274, 3275, 3243, 3243, 3275, 3276, 3244, 3244, 3276, 3277, 3245, 3245, 3277, 3278, 3246, 3246, 3278, 3279, 3247, 3247, 3279, 3280, 3248, 3248, 3280, 3281, 3249, 3249, 3281, 3282, 3250, 3250, 3282, 3283, 3251, 3251, 3283, 3284, 3252, 3252, 3284, 3285, 3253, 3253, 3285, 3286, 3254, 3254, 3286, 3287, 3255, 3255, 3287, 3288, 3256, 3256, 3288, 3289, 3257, 3257, 3289, 3290, 3258, 3258, 3290, 3291, 3259, 3259, 3291, 3292, 3260, 3260, 3292, 3293, 3261, 3261, 3293, 3294, 3262, 3262, 3294, 3295, 3263, 3263, 3295, 3264, 3232, 3264, 3296, 3297, 3265, 3265, 3297, 3298, 3266, 3266, 3298, 3299, 3267, 3267, 3299, 3300, 3268, 3268, 3300, 3301, 3269, 3269, 3301, 3302, 3270, 3270, 3302, 3303, 3271, 3271, 3303, 3304, 3272, 3272, 3304, 3305, 3273, 3273, 3305, 3306, 3274, 3274, 3306, 3307, 3275, 3275, 3307, 3308, 3276, 3276, 3308, 3309, 3277, 3277, 3309, 3310, 3278, 3278, 3310, 3311, 3279, 3279, 3311, 3312, 3280, 3280, 3312, 3313, 3281, 3281, 3313, 3314, 3282, 3282, 3314, 3315, 3283, 3283, 3315, 3316, 3284, 3284, 3316, 3317, 3285, 3285, 3317, 3318, 3286, 3286, 3318, 3319, 3287, 3287, 3319, 3320, 3288, 3288, 3320, 3321, 3289, 3289, 3321, 3322, 3290, 3290, 3322, 3323, 3291, 3291, 3323, 3324, 3292, 3292, 3324, 3325, 3293, 3293, 3325, 3326, 3294, 3294, 3326, 3327, 3295, 3295, 3327, 3296, 3264, 3296, 3328, 3329, 3297, 3297, 3329, 3330, 3298, 3298, 3330, 3331, 3299, 3299, 3331, 3332, 3300, 3300, 3332, 3333, 3301, 3301, 3333, 3334, 3302, 3302, 3334, 3335, 3303, 3303, 3335, 3336, 3304, 3304, 3336, 3337, 3305, 3305, 3337, 3338, 3306, 3306, 3338, 3339, 3307, 3307, 3339, 3340, 3308, 3308, 3340, 3341, 3309, 3309, 3341, 3342, 3310, 3310, 3342, 3343, 3311, 3311, 3343, 3344, 3312, 3312, 3344, 3345, 3313, 3313, 3345, 3346, 3314, 3314, 3346, 3347, 3315, 3315, 3347, 3348, 3316, 3316, 3348, 3349, 3317, 3317, 3349, 3350, 3318, 3318, 3350, 3351, 3319, 3319, 3351, 3352, 3320, 3320, 3352, 3353, 3321, 3321, 3353, 3354, 3322, 3322, 3354, 3355, 3323, 3323, 3355, 3356, 3324, 3324, 3356, 3357, 3325, 3325, 3357, 3358, 3326, 3326, 3358, 3359, 3327, 3327, 3359, 3328, 3296, 3328, 3360, 3361, 3329, 3329, 3361, 3362, 3330, 3330, 3362, 3363, 3331, 3331, 3363, 3364, 3332, 3332, 3364, 3365, 3333, 3333, 3365, 3366, 3334, 3334, 3366, 3367, 3335, 3335, 3367, 3368, 3336, 3336, 3368, 3369, 3337, 3337, 3369, 3370, 3338, 3338, 3370, 3371, 3339, 3339, 3371, 3372, 3340, 3340, 3372, 3373, 3341, 3341, 3373, 3374, 3342, 3342, 3374, 3375, 3343, 3343, 3375, 3376, 3344, 3344, 3376, 3377, 3345, 3345, 3377, 3378, 3346, 3346, 3378, 3379, 3347, 3347, 3379, 3380, 3348, 3348, 3380, 3381, 3349, 3349, 3381, 3382, 3350, 3350, 3382, 3383, 3351, 3351, 3383, 3384, 3352, 3352, 3384, 3385, 3353, 3353, 3385, 3386, 3354, 3354, 3386, 3387, 3355, 3355, 3387, 3388, 3356, 3356, 3388, 3389, 3357, 3357, 3389, 3390, 3358, 3358, 3390, 3391, 3359, 3359, 3391, 3360, 3328, 3360, 3392, 3393, 3361, 3361, 3393, 3394, 3362, 3362, 3394, 3395, 3363, 3363, 3395, 3396, 3364, 3364, 3396, 3397, 3365, 3365, 3397, 3398, 3366, 3366, 3398, 3399, 3367, 3367, 3399, 3400, 3368, 3368, 3400, 3401, 3369, 3369, 3401, 3402, 3370, 3370, 3402, 3403, 3371, 3371, 3403, 3404, 3372, 3372, 3404, 3405, 3373, 3373, 3405, 3406, 3374, 3374, 3406, 3407, 3375, 3375, 3407, 3408, 3376, 3376, 3408, 3409, 3377, 3377, 3409, 3410, 3378, 3378, 3410, 3411, 3379, 3379, 3411, 3412, 3380, 3380, 3412, 3413, 3381, 3381, 3413, 3414, 3382, 3382, 3414, 3415, 3383, 3383, 3415, 3416, 3384, 3384, 3416, 3417, 3385, 3385, 3417, 3418, 3386, 3386, 3418, 3419, 3387, 3387, 3419, 3420, 3388, 3388, 3420, 3421, 3389, 3389, 3421, 3422, 3390, 3390, 3422, 3423, 3391, 3391, 3423, 3392, 3360, 3392, 3424, 3425, 3393, 3393, 3425, 3426, 3394, 3394, 3426, 3427, 3395, 3395, 3427, 3428, 3396, 3396, 3428, 3429, 3397, 3397, 3429, 3430, 3398, 3398, 3430, 3431, 3399, 3399, 3431, 3432, 3400, 3400, 3432, 3433, 3401, 3401, 3433, 3434, 3402, 3402, 3434, 3435, 3403, 3403, 3435, 3436, 3404, 3404, 3436, 3437, 3405, 3405, 3437, 3438, 3406, 3406, 3438, 3439, 3407, 3407, 3439, 3440, 3408, 3408, 3440, 3441, 3409, 3409, 3441, 3442, 3410, 3410, 3442, 3443, 3411, 3411, 3443, 3444, 3412, 3412, 3444, 3445, 3413, 3413, 3445, 3446, 3414, 3414, 3446, 3447, 3415, 3415, 3447, 3448, 3416, 3416, 3448, 3449, 3417, 3417, 3449, 3450, 3418, 3418, 3450, 3451, 3419, 3419, 3451, 3452, 3420, 3420, 3452, 3453, 3421, 3421, 3453, 3454, 3422, 3422, 3454, 3455, 3423, 3423, 3455, 3424, 3392, 3424, 3456, 3457, 3425, 3425, 3457, 3458, 3426, 3426, 3458, 3459, 3427, 3427, 3459, 3460, 3428, 3428, 3460, 3461, 3429, 3429, 3461, 3462, 3430, 3430, 3462, 3463, 3431, 3431, 3463, 3464, 3432, 3432, 3464, 3465, 3433, 3433, 3465, 3466, 3434, 3434, 3466, 3467, 3435, 3435, 3467, 3468, 3436, 3436, 3468, 3469, 3437, 3437, 3469, 3470, 3438, 3438, 3470, 3471, 3439, 3439, 3471, 3472, 3440, 3440, 3472, 3473, 3441, 3441, 3473, 3474, 3442, 3442, 3474, 3475, 3443, 3443, 3475, 3476, 3444, 3444, 3476, 3477, 3445, 3445, 3477, 3478, 3446, 3446, 3478, 3479, 3447, 3447, 3479, 3480, 3448, 3448, 3480, 3481, 3449, 3449, 3481, 3482, 3450, 3450, 3482, 3483, 3451, 3451, 3483, 3484, 3452, 3452, 3484, 3485, 3453, 3453, 3485, 3486, 3454, 3454, 3486, 3487, 3455, 3455, 3487, 3456, 3424, 3456, 3488, 3489, 3457, 3457, 3489, 3490, 3458, 3458, 3490, 3491, 3459, 3459, 3491, 3492, 3460, 3460, 3492, 3493, 3461, 3461, 3493, 3494, 3462, 3462, 3494, 3495, 3463, 3463, 3495, 3496, 3464, 3464, 3496, 3497, 3465, 3465, 3497, 3498, 3466, 3466, 3498, 3499, 3467, 3467, 3499, 3500, 3468, 3468, 3500, 3501, 3469, 3469, 3501, 3502, 3470, 3470, 3502, 3503, 3471, 3471, 3503, 3504, 3472, 3472, 3504, 3505, 3473, 3473, 3505, 3506, 3474, 3474, 3506, 3507, 3475, 3475, 3507, 3508, 3476, 3476, 3508, 3509, 3477, 3477, 3509, 3510, 3478, 3478, 3510, 3511, 3479, 3479, 3511, 3512, 3480, 3480, 3512, 3513, 3481, 3481, 3513, 3514, 3482, 3482, 3514, 3515, 3483, 3483, 3515, 3516, 3484, 3484, 3516, 3517, 3485, 3485, 3517, 3518, 3486, 3486, 3518, 3519, 3487, 3487, 3519, 3488, 3456, 3488, 3520, 3521, 3489, 3489, 3521, 3522, 3490, 3490, 3522, 3523, 3491, 3491, 3523, 3524, 3492, 3492, 3524, 3525, 3493, 3493, 3525, 3526, 3494, 3494, 3526, 3527, 3495, 3495, 3527, 3528, 3496, 3496, 3528, 3529, 3497, 3497, 3529, 3530, 3498, 3498, 3530, 3531, 3499, 3499, 3531, 3532, 3500, 3500, 3532, 3533, 3501, 3501, 3533, 3534, 3502, 3502, 3534, 3535, 3503, 3503, 3535, 3536, 3504, 3504, 3536, 3537, 3505, 3505, 3537, 3538, 3506, 3506, 3538, 3539, 3507, 3507, 3539, 3540, 3508, 3508, 3540, 3541, 3509, 3509, 3541, 3542, 3510, 3510, 3542, 3543, 3511, 3511, 3543, 3544, 3512, 3512, 3544, 3545, 3513, 3513, 3545, 3546, 3514, 3514, 3546, 3547, 3515, 3515, 3547, 3548, 3516, 3516, 3548, 3549, 3517, 3517, 3549, 3550, 3518, 3518, 3550, 3551, 3519, 3519, 3551, 3520, 3488, 3520, 3552, 3553, 3521, 3521, 3553, 3554, 3522, 3522, 3554, 3555, 3523, 3523, 3555, 3556, 3524, 3524, 3556, 3557, 3525, 3525, 3557, 3558, 3526, 3526, 3558, 3559, 3527, 3527, 3559, 3560, 3528, 3528, 3560, 3561, 3529, 3529, 3561, 3562, 3530, 3530, 3562, 3563, 3531, 3531, 3563, 3564, 3532, 3532, 3564, 3565, 3533, 3533, 3565, 3566, 3534, 3534, 3566, 3567, 3535, 3535, 3567, 3568, 3536, 3536, 3568, 3569, 3537, 3537, 3569, 3570, 3538, 3538, 3570, 3571, 3539, 3539, 3571, 3572, 3540, 3540, 3572, 3573, 3541, 3541, 3573, 3574, 3542, 3542, 3574, 3575, 3543, 3543, 3575, 3576, 3544, 3544, 3576, 3577, 3545, 3545, 3577, 3578, 3546, 3546, 3578, 3579, 3547, 3547, 3579, 3580, 3548, 3548, 3580, 3581, 3549, 3549, 3581, 3582, 3550, 3550, 3582, 3583, 3551, 3551, 3583, 3552, 3520, 3552, 3584, 3585, 3553, 3553, 3585, 3586, 3554, 3554, 3586, 3587, 3555, 3555, 3587, 3588, 3556, 3556, 3588, 3589, 3557, 3557, 3589, 3590, 3558, 3558, 3590, 3591, 3559, 3559, 3591, 3592, 3560, 3560, 3592, 3593, 3561, 3561, 3593, 3594, 3562, 3562, 3594, 3595, 3563, 3563, 3595, 3596, 3564, 3564, 3596, 3597, 3565, 3565, 3597, 3598, 3566, 3566, 3598, 3599, 3567, 3567, 3599, 3600, 3568, 3568, 3600, 3601, 3569, 3569, 3601, 3602, 3570, 3570, 3602, 3603, 3571, 3571, 3603, 3604, 3572, 3572, 3604, 3605, 3573, 3573, 3605, 3606, 3574, 3574, 3606, 3607, 3575, 3575, 3607, 3608, 3576, 3576, 3608, 3609, 3577, 3577, 3609, 3610, 3578, 3578, 3610, 3611, 3579, 3579, 3611, 3612, 3580, 3580, 3612, 3613, 3581, 3581, 3613, 3614, 3582, 3582, 3614, 3615, 3583, 3583, 3615, 3584, 3552, 3584, 3616, 3617, 3585, 3585, 3617, 3618, 3586, 3586, 3618, 3619, 3587, 3587, 3619, 3620, 3588, 3588, 3620, 3621, 3589, 3589, 3621, 3622, 3590, 3590, 3622, 3623, 3591, 3591, 3623, 3624, 3592, 3592, 3624, 3625, 3593, 3593, 3625, 3626, 3594, 3594, 3626, 3627, 3595, 3595, 3627, 3628, 3596, 3596, 3628, 3629, 3597, 3597, 3629, 3630, 3598, 3598, 3630, 3631, 3599, 3599, 3631, 3632, 3600, 3600, 3632, 3633, 3601, 3601, 3633, 3634, 3602, 3602, 3634, 3635, 3603, 3603, 3635, 3636, 3604, 3604, 3636, 3637, 3605, 3605, 3637, 3638, 3606, 3606, 3638, 3639, 3607, 3607, 3639, 3640, 3608, 3608, 3640, 3641, 3609, 3609, 3641, 3642, 3610, 3610, 3642, 3643, 3611, 3611, 3643, 3644, 3612, 3612, 3644, 3645, 3613, 3613, 3645, 3646, 3614, 3614, 3646, 3647, 3615, 3615, 3647, 3616, 3584, 3616, 3648, 3649, 3617, 3617, 3649, 3650, 3618, 3618, 3650, 3651, 3619, 3619, 3651, 3652, 3620, 3620, 3652, 3653, 3621, 3621, 3653, 3654, 3622, 3622, 3654, 3655, 3623, 3623, 3655, 3656, 3624, 3624, 3656, 3657, 3625, 3625, 3657, 3658, 3626, 3626, 3658, 3659, 3627, 3627, 3659, 3660, 3628, 3628, 3660, 3661, 3629, 3629, 3661, 3662, 3630, 3630, 3662, 3663, 3631, 3631, 3663, 3664, 3632, 3632, 3664, 3665, 3633, 3633, 3665, 3666, 3634, 3634, 3666, 3667, 3635, 3635, 3667, 3668, 3636, 3636, 3668, 3669, 3637, 3637, 3669, 3670, 3638, 3638, 3670, 3671, 3639, 3639, 3671, 3672, 3640, 3640, 3672, 3673, 3641, 3641, 3673, 3674, 3642, 3642, 3674, 3675, 3643, 3643, 3675, 3676, 3644, 3644, 3676, 3677, 3645, 3645, 3677, 3678, 3646, 3646, 3678, 3679, 3647, 3647, 3679, 3648, 3616, 3648, 3680, 3681, 3649, 3649, 3681, 3682, 3650, 3650, 3682, 3683, 3651, 3651, 3683, 3684, 3652, 3652, 3684, 3685, 3653, 3653, 3685, 3686, 3654, 3654, 3686, 3687, 3655, 3655, 3687, 3688, 3656, 3656, 3688, 3689, 3657, 3657, 3689, 3690, 3658, 3658, 3690, 3691, 3659, 3659, 3691, 3692, 3660, 3660, 3692, 3693, 3661, 3661, 3693, 3694, 3662, 3662, 3694, 3695, 3663, 3663, 3695, 3696, 3664, 3664, 3696, 3697, 3665, 3665, 3697, 3698, 3666, 3666, 3698, 3699, 3667, 3667, 3699, 3700, 3668, 3668, 3700, 3701, 3669, 3669, 3701, 3702, 3670, 3670, 3702, 3703, 3671, 3671, 3703, 3704, 3672, 3672, 3704, 3705, 3673, 3673, 3705, 3706, 3674, 3674, 3706, 3707, 3675, 3675, 3707, 3708, 3676, 3676, 3708, 3709, 3677, 3677, 3709, 3710, 3678, 3678, 3710, 3711, 3679, 3679, 3711, 3680, 3648, 3680, 3712, 3713, 3681, 3681, 3713, 3714, 3682, 3682, 3714, 3715, 3683, 3683, 3715, 3716, 3684, 3684, 3716, 3717, 3685, 3685, 3717, 3718, 3686, 3686, 3718, 3719, 3687, 3687, 3719, 3720, 3688, 3688, 3720, 3721, 3689, 3689, 3721, 3722, 3690, 3690, 3722, 3723, 3691, 3691, 3723, 3724, 3692, 3692, 3724, 3725, 3693, 3693, 3725, 3726, 3694, 3694, 3726, 3727, 3695, 3695, 3727, 3728, 3696, 3696, 3728, 3729, 3697, 3697, 3729, 3730, 3698, 3698, 3730, 3731, 3699, 3699, 3731, 3732, 3700, 3700, 3732, 3733, 3701, 3701, 3733, 3734, 3702, 3702, 3734, 3735, 3703, 3703, 3735, 3736, 3704, 3704, 3736, 3737, 3705, 3705, 3737, 3738, 3706, 3706, 3738, 3739, 3707, 3707, 3739, 3740, 3708, 3708, 3740, 3741, 3709, 3709, 3741, 3742, 3710, 3710, 3742, 3743, 3711, 3711, 3743, 3712, 3680, 3712, 3744, 3745, 3713, 3713, 3745, 3746, 3714, 3714, 3746, 3747, 3715, 3715, 3747, 3748, 3716, 3716, 3748, 3749, 3717, 3717, 3749, 3750, 3718, 3718, 3750, 3751, 3719, 3719, 3751, 3752, 3720, 3720, 3752, 3753, 3721, 3721, 3753, 3754, 3722, 3722, 3754, 3755, 3723, 3723, 3755, 3756, 3724, 3724, 3756, 3757, 3725, 3725, 3757, 3758, 3726, 3726, 3758, 3759, 3727, 3727, 3759, 3760, 3728, 3728, 3760, 3761, 3729, 3729, 3761, 3762, 3730, 3730, 3762, 3763, 3731, 3731, 3763, 3764, 3732, 3732, 3764, 3765, 3733, 3733, 3765, 3766, 3734, 3734, 3766, 3767, 3735, 3735, 3767, 3768, 3736, 3736, 3768, 3769, 3737, 3737, 3769, 3770, 3738, 3738, 3770, 3771, 3739, 3739, 3771, 3772, 3740, 3740, 3772, 3773, 3741, 3741, 3773, 3774, 3742, 3742, 3774, 3775, 3743, 3743, 3775, 3744, 3712, 3744, 3776, 3777, 3745, 3745, 3777, 3778, 3746, 3746, 3778, 3779, 3747, 3747, 3779, 3780, 3748, 3748, 3780, 3781, 3749, 3749, 3781, 3782, 3750, 3750, 3782, 3783, 3751, 3751, 3783, 3784, 3752, 3752, 3784, 3785, 3753, 3753, 3785, 3786, 3754, 3754, 3786, 3787, 3755, 3755, 3787, 3788, 3756, 3756, 3788, 3789, 3757, 3757, 3789, 3790, 3758, 3758, 3790, 3791, 3759, 3759, 3791, 3792, 3760, 3760, 3792, 3793, 3761, 3761, 3793, 3794, 3762, 3762, 3794, 3795, 3763, 3763, 3795, 3796, 3764, 3764, 3796, 3797, 3765, 3765, 3797, 3798, 3766, 3766, 3798, 3799, 3767, 3767, 3799, 3800, 3768, 3768, 3800, 3801, 3769, 3769, 3801, 3802, 3770, 3770, 3802, 3803, 3771, 3771, 3803, 3804, 3772, 3772, 3804, 3805, 3773, 3773, 3805, 3806, 3774, 3774, 3806, 3807, 3775, 3775, 3807, 3776, 3744, 3776, 3808, 3809, 3777, 3777, 3809, 3810, 3778, 3778, 3810, 3811, 3779, 3779, 3811, 3812, 3780, 3780, 3812, 3813, 3781, 3781, 3813, 3814, 3782, 3782, 3814, 3815, 3783, 3783, 3815, 3816, 3784, 3784, 3816, 3817, 3785, 3785, 3817, 3818, 3786, 3786, 3818, 3819, 3787, 3787, 3819, 3820, 3788, 3788, 3820, 3821, 3789, 3789, 3821, 3822, 3790, 3790, 3822, 3823, 3791, 3791, 3823, 3824, 3792, 3792, 3824, 3825, 3793, 3793, 3825, 3826, 3794, 3794, 3826, 3827, 3795, 3795, 3827, 3828, 3796, 3796, 3828, 3829, 3797, 3797, 3829, 3830, 3798, 3798, 3830, 3831, 3799, 3799, 3831, 3832, 3800, 3800, 3832, 3833, 3801, 3801, 3833, 3834, 3802, 3802, 3834, 3835, 3803, 3803, 3835, 3836, 3804, 3804, 3836, 3837, 3805, 3805, 3837, 3838, 3806, 3806, 3838, 3839, 3807, 3807, 3839, 3808, 3776, 3808, 3840, 3841, 3809, 3809, 3841, 3842, 3810, 3810, 3842, 3843, 3811, 3811, 3843, 3844, 3812, 3812, 3844, 3845, 3813, 3813, 3845, 3846, 3814, 3814, 3846, 3847, 3815, 3815, 3847, 3848, 3816, 3816, 3848, 3849, 3817, 3817, 3849, 3850, 3818, 3818, 3850, 3851, 3819, 3819, 3851, 3852, 3820, 3820, 3852, 3853, 3821, 3821, 3853, 3854, 3822, 3822, 3854, 3855, 3823, 3823, 3855, 3856, 3824, 3824, 3856, 3857, 3825, 3825, 3857, 3858, 3826, 3826, 3858, 3859, 3827, 3827, 3859, 3860, 3828, 3828, 3860, 3861, 3829, 3829, 3861, 3862, 3830, 3830, 3862, 3863, 3831, 3831, 3863, 3864, 3832, 3832, 3864, 3865, 3833, 3833, 3865, 3866, 3834, 3834, 3866, 3867, 3835, 3835, 3867, 3868, 3836, 3836, 3868, 3869, 3837, 3837, 3869, 3870, 3838, 3838, 3870, 3871, 3839, 3839, 3871, 3840, 3808, 3840, 3872, 3873, 3841, 3841, 3873, 3874, 3842, 3842, 3874, 3875, 3843, 3843, 3875, 3876, 3844, 3844, 3876, 3877, 3845, 3845, 3877, 3878, 3846, 3846, 3878, 3879, 3847, 3847, 3879, 3880, 3848, 3848, 3880, 3881, 3849, 3849, 3881, 3882, 3850, 3850, 3882, 3883, 3851, 3851, 3883, 3884, 3852, 3852, 3884, 3885, 3853, 3853, 3885, 3886, 3854, 3854, 3886, 3887, 3855, 3855, 3887, 3888, 3856, 3856, 3888, 3889, 3857, 3857, 3889, 3890, 3858, 3858, 3890, 3891, 3859, 3859, 3891, 3892, 3860, 3860, 3892, 3893, 3861, 3861, 3893, 3894, 3862, 3862, 3894, 3895, 3863, 3863, 3895, 3896, 3864, 3864, 3896, 3897, 3865, 3865, 3897, 3898, 3866, 3866, 3898, 3899, 3867, 3867, 3899, 3900, 3868, 3868, 3900, 3901, 3869, 3869, 3901, 3902, 3870, 3870, 3902, 3903, 3871, 3871, 3903, 3872, 3840, 3872, 3904, 3905, 3873, 3873, 3905, 3906, 3874, 3874, 3906, 3907, 3875, 3875, 3907, 3908, 3876, 3876, 3908, 3909, 3877, 3877, 3909, 3910, 3878, 3878, 3910, 3911, 3879, 3879, 3911, 3912, 3880, 3880, 3912, 3913, 3881, 3881, 3913, 3914, 3882, 3882, 3914, 3915, 3883, 3883, 3915, 3916, 3884, 3884, 3916, 3917, 3885, 3885, 3917, 3918, 3886, 3886, 3918, 3919, 3887, 3887, 3919, 3920, 3888, 3888, 3920, 3921, 3889, 3889, 3921, 3922, 3890, 3890, 3922, 3923, 3891, 3891, 3923, 3924, 3892, 3892, 3924, 3925, 3893, 3893, 3925, 3926, 3894, 3894, 3926, 3927, 3895, 3895, 3927, 3928, 3896, 3896, 3928, 3929, 3897, 3897, 3929, 3930, 3898, 3898, 3930, 3931, 3899, 3899, 3931, 3932, 3900, 3900, 3932, 3933, 3901, 3901, 3933, 3934, 3902, 3902, 3934, 3935, 3903, 3903, 3935, 3904, 3872, 3904, 3936, 3937, 3905, 3905, 3937, 3938, 3906, 3906, 3938, 3939, 3907, 3907, 3939, 3940, 3908, 3908, 3940, 3941, 3909, 3909, 3941, 3942, 3910, 3910, 3942, 3943, 3911, 3911, 3943, 3944, 3912, 3912, 3944, 3945, 3913, 3913, 3945, 3946, 3914, 3914, 3946, 3947, 3915, 3915, 3947, 3948, 3916, 3916, 3948, 3949, 3917, 3917, 3949, 3950, 3918, 3918, 3950, 3951, 3919, 3919, 3951, 3952, 3920, 3920, 3952, 3953, 3921, 3921, 3953, 3954, 3922, 3922, 3954, 3955, 3923, 3923, 3955, 3956, 3924, 3924, 3956, 3957, 3925, 3925, 3957, 3958, 3926, 3926, 3958, 3959, 3927, 3927, 3959, 3960, 3928, 3928, 3960, 3961, 3929, 3929, 3961, 3962, 3930, 3930, 3962, 3963, 3931, 3931, 3963, 3964, 3932, 3932, 3964, 3965, 3933, 3933, 3965, 3966, 3934, 3934, 3966, 3967, 3935, 3935, 3967, 3936, 3904, 3936, 3968, 3969, 3937, 3937, 3969, 3970, 3938, 3938, 3970, 3971, 3939, 3939, 3971, 3972, 3940, 3940, 3972, 3973, 3941, 3941, 3973, 3974, 3942, 3942, 3974, 3975, 3943, 3943, 3975, 3976, 3944, 3944, 3976, 3977, 3945, 3945, 3977, 3978, 3946, 3946, 3978, 3979, 3947, 3947, 3979, 3980, 3948, 3948, 3980, 3981, 3949, 3949, 3981, 3982, 3950, 3950, 3982, 3983, 3951, 3951, 3983, 3984, 3952, 3952, 3984, 3985, 3953, 3953, 3985, 3986, 3954, 3954, 3986, 3987, 3955, 3955, 3987, 3988, 3956, 3956, 3988, 3989, 3957, 3957, 3989, 3990, 3958, 3958, 3990, 3991, 3959, 3959, 3991, 3992, 3960, 3960, 3992, 3993, 3961, 3961, 3993, 3994, 3962, 3962, 3994, 3995, 3963, 3963, 3995, 3996, 3964, 3964, 3996, 3997, 3965, 3965, 3997, 3998, 3966, 3966, 3998, 3999, 3967, 3967, 3999, 3968, 3936, 3968, 4000, 4001, 3969, 3969, 4001, 4002, 3970, 3970, 4002, 4003, 3971, 3971, 4003, 4004, 3972, 3972, 4004, 4005, 3973, 3973, 4005, 4006, 3974, 3974, 4006, 4007, 3975, 3975, 4007, 4008, 3976, 3976, 4008, 4009, 3977, 3977, 4009, 4010, 3978, 3978, 4010, 4011, 3979, 3979, 4011, 4012, 3980, 3980, 4012, 4013, 3981, 3981, 4013, 4014, 3982, 3982, 4014, 4015, 3983, 3983, 4015, 4016, 3984, 3984, 4016, 4017, 3985, 3985, 4017, 4018, 3986, 3986, 4018, 4019, 3987, 3987, 4019, 4020, 3988, 3988, 4020, 4021, 3989, 3989, 4021, 4022, 3990, 3990, 4022, 4023, 3991, 3991, 4023, 4024, 3992, 3992, 4024, 4025, 3993, 3993, 4025, 4026, 3994, 3994, 4026, 4027, 3995, 3995, 4027, 4028, 3996, 3996, 4028, 4029, 3997, 3997, 4029, 4030, 3998, 3998, 4030, 4031, 3999, 3999, 4031, 4000, 3968, 4000, 4032, 4033, 4001, 4001, 4033, 4034, 4002, 4002, 4034, 4035, 4003, 4003, 4035, 4036, 4004, 4004, 4036, 4037, 4005, 4005, 4037, 4038, 4006, 4006, 4038, 4039, 4007, 4007, 4039, 4040, 4008, 4008, 4040, 4041, 4009, 4009, 4041, 4042, 4010, 4010, 4042, 4043, 4011, 4011, 4043, 4044, 4012, 4012, 4044, 4045, 4013, 4013, 4045, 4046, 4014, 4014, 4046, 4047, 4015, 4015, 4047, 4048, 4016, 4016, 4048, 4049, 4017, 4017, 4049, 4050, 4018, 4018, 4050, 4051, 4019, 4019, 4051, 4052, 4020, 4020, 4052, 4053, 4021, 4021, 4053, 4054, 4022, 4022, 4054, 4055, 4023, 4023, 4055, 4056, 4024, 4024, 4056, 4057, 4025, 4025, 4057, 4058, 4026, 4026, 4058, 4059, 4027, 4027, 4059, 4060, 4028, 4028, 4060, 4061, 4029, 4029, 4061, 4062, 4030, 4030, 4062, 4063, 4031, 4031, 4063, 4032, 4000, 4032, 4064, 4065, 4033, 4033, 4065, 4066, 4034, 4034, 4066, 4067, 4035, 4035, 4067, 4068, 4036, 4036, 4068, 4069, 4037, 4037, 4069, 4070, 4038, 4038, 4070, 4071, 4039, 4039, 4071, 4072, 4040, 4040, 4072, 4073, 4041, 4041, 4073, 4074, 4042, 4042, 4074, 4075, 4043, 4043, 4075, 4076, 4044, 4044, 4076, 4077, 4045, 4045, 4077, 4078, 4046, 4046, 4078, 4079, 4047, 4047, 4079, 4080, 4048, 4048, 4080, 4081, 4049, 4049, 4081, 4082, 4050, 4050, 4082, 4083, 4051, 4051, 4083, 4084, 4052, 4052, 4084, 4085, 4053, 4053, 4085, 4086, 4054, 4054, 4086, 4087, 4055, 4055, 4087, 4088, 4056, 4056, 4088, 4089, 4057, 4057, 4089, 4090, 4058, 4058, 4090, 4091, 4059, 4059, 4091, 4092, 4060, 4060, 4092, 4093, 4061, 4061, 4093, 4094, 4062, 4062, 4094, 4095, 4063, 4063, 4095, 4064, 4032, 4064, 0, 1, 4065, 4065, 1, 2, 4066, 4066, 2, 3, 4067, 4067, 3, 4, 4068, 4068, 4, 5, 4069, 4069, 5, 6, 4070, 4070, 6, 7, 4071, 4071, 7, 8, 4072, 4072, 8, 9, 4073, 4073, 9, 10, 4074, 4074, 10, 11, 4075, 4075, 11, 12, 4076, 4076, 12, 13, 4077, 4077, 13, 14, 4078, 4078, 14, 15, 4079, 4079, 15, 16, 4080, 4080, 16, 17, 4081, 4081, 17, 18, 4082, 4082, 18, 19, 4083, 4083, 19, 20, 4084, 4084, 20, 21, 4085, 4085, 21, 22, 4086, 4086, 22, 23, 4087, 4087, 23, 24, 4088, 4088, 24, 25, 4089, 4089, 25, 26, 4090, 4090, 26, 27, 4091, 4091, 27, 28, 4092, 4092, 28, 29, 4093, 4093, 29, 30, 4094, 4094, 30, 31, 4095, 4095, 31, 0, 4064]
        rel material:binding = </Ring/Looks/Material>
        normal3f[] normals = [(1, 0, 0), (0.98078525, 0, 0.19509032), (0.9238795, 0, 0.38268343), (0.8314696, 0, 0.55557024), (0.70710677, 0, 0.70710677), (0.55557024, 0, 0.8314696), (0.38268343, 0, 0.9238795), (0.19509032, 0, 0.98078525), (6.123234e-17, 0, 1), (-0.19509032, -0, 0.98078525), (-0.38268343, -0, 0.9238795), (-0.55557024, -0, 0.8314696), (-0.70710677, -0, 0.70710677), (-0.8314696, -0, 0.55557024), (-0.9238795, -0, 0.38268343), (-0.98078525, -0, 0.19509032), (-1, -0, 1.2246469e-16), (-0.98078525, -0, -0.19509032), (-0.9238795, -0, -0.38268343), (-0.8314696, -0, -0.55557024), (-0.70710677, -0, -0.70710677), (-0.55557024, -0, -0.8314696), (-0.38268343, -0, -0.9238795), (-0.19509032, -0, -0.98078525), (-1.8369701e-16, -0, -1), (0.19509032, 0, -0.98078525), (0.38268343, 0, -0.9238795), (0.55557024, 0, -0.8314696), (0.70710677, 0, -0.70710677), (0.8314696, 0, -0.55557024), (0.9238795, 0, -0.38268343), (0.98078525, 0, -0.19509032), (0.99879545, 0.049067676, 0), (0.9796039, 0.048124854, 0.19509032), (0.9227667, 0.04533262, 0.38268343), (0.83046806, 0.04079828, 0.55557024), (0.706255, 0.034696084, 0.70710677), (0.554901, 0.02726054, 0.8314696), (0.38222247, 0.018777385, 0.9238795), (0.19485533, 0.009572628, 0.98078525), (6.1158585e-17, 3.0045284e-18, 1), (-0.19485533, -0.009572628, 0.98078525), (-0.38222247, -0.018777385, 0.9238795), (-0.554901, -0.02726054, 0.8314696), (-0.706255, -0.034696084, 0.70710677), (-0.83046806, -0.04079828, 0.55557024), (-0.9227667, -0.04533262, 0.38268343), (-0.9796039, -0.048124854, 0.19509032), (-0.99879545, -0.049067676, 1.2246469e-16), (-0.9796039, -0.048124854, -0.19509032), (-0.9227667, -0.04533262, -0.38268343), (-0.83046806, -0.04079828, -0.55557024), (-0.706255, -0.034696084, -0.70710677), (-0.554901, -0.02726054, -0.8314696), (-0.38222247, -0.018777385, -0.9238795), (-0.19485533, -0.009572628, -0.98078525), (-1.8347575e-16, -9.013585e-18, -1), (0.19485533, 0.009572628, -0.98078525), (0.38222247, 0.018777385, -0.9238795), (0.554901, 0.02726054, -0.8314696), (0.706255, 0.034696084, -0.70710677), (0.83046806, 0.04079828, -0.55557024), (0.9227667, 0.04533262, -0.38268343), (0.9796039, 0.048124854, -0.19509032), (0.9951847, 0.09801714, 0), (0.97606254, 0.09613377, 0.19509032), (0.9194308, 0.09055603, 0.38268343), (0.82746583, 0.08149827, 0.55557024), (0.70370185, 0.06930859, 0.70710677), (0.552895, 0.054455407, 0.8314696), (0.38084072, 0.037509535, 0.9238795), (0.19415091, 0.019122196, 0.98078525), (6.093749e-17, 6.001819e-18, 1), (-0.19415091, -0.019122196, 0.98078525), (-0.38084072, -0.037509535, 0.9238795), (-0.552895, -0.054455407, 0.8314696), (-0.70370185, -0.06930859, 0.70710677), (-0.82746583, -0.08149827, 0.55557024), (-0.9194308, -0.09055603, 0.38268343), (-0.97606254, -0.09613377, 0.19509032), (-0.9951847, -0.09801714, 1.2246469e-16), (-0.97606254, -0.09613377, -0.19509032), (-0.9194308, -0.09055603, -0.38268343), (-0.82746583, -0.08149827, -0.55557024), (-0.70370185, -0.06930859, -0.70710677), (-0.552895, -0.054455407, -0.8314696), (-0.38084072, -0.037509535, -0.9238795), (-0.19415091, -0.019122196, -0.98078525), (-1.8281247e-16, -1.8005457e-17, -1), (0.19415091, 0.019122196, -0.98078525), (0.38084072, 0.037509535, -0.9238795), (0.552895, 0.054455407, -0.8314696), (0.70370185, 0.06930859, -0.70710677), (0.82746583, 0.08149827, -0.55557024), (0.9194308, 0.09055603, -0.38268343), (0.97606254, 0.09613377, -0.19509032), (0.9891765, 0.14673047, 0), (0.9701698, 0.1439111, 0.19509032), (0.91387993, 0.13556129, 0.38268343), (0.8224702, 0.12200193, 0.55557024), (0.6994534, 0.10375411, 0.70710677), (0.54955703, 0.08151908, 0.8314696), (0.37854147, 0.056151323, 0.9238795), (0.19297877, 0.028625695, 0.98078525), (6.056959e-17, 8.9846505e-18, 1), (-0.19297877, -0.028625695, 0.98078525), (-0.37854147, -0.056151323, 0.9238795), (-0.54955703, -0.08151908, 0.8314696), (-0.6994534, -0.10375411, 0.70710677), (-0.8224702, -0.12200193, 0.55557024), (-0.91387993, -0.13556129, 0.38268343), (-0.9701698, -0.1439111, 0.19509032), (-0.9891765, -0.14673047, 1.2246469e-16), (-0.9701698, -0.1439111, -0.19509032), (-0.91387993, -0.13556129, -0.38268343), (-0.8224702, -0.12200193, -0.55557024), (-0.6994534, -0.10375411, -0.70710677), (-0.54955703, -0.08151908, -0.8314696), (-0.37854147, -0.056151323, -0.9238795), (-0.19297877, -0.028625695, -0.98078525), (-1.8170878e-16, -2.6953952e-17, -1), (0.19297877, 0.028625695, -0.98078525), (0.37854147, 0.056151323, -0.9238795), (0.54955703, 0.08151908, -0.8314696), (0.6994534, 0.10375411, -0.70710677), (0.8224702, 0.12200193, -0.55557024), (0.91387993, 0.13556129, -0.38268343), (0.9701698, 0.1439111, -0.19509032), (0.98078525, 0.19509032, 0), (0.96193975, 0.19134171, 0.19509032), (0.90612745, 0.18023996, 0.38268343), (0.81549317, 0.16221167, 0.55557024), (0.69351995, 0.13794969, 0.70710677), (0.5448951, 0.108386375, 0.8314696), (0.37533027, 0.074657835, 0.9238795), (0.19134171, 0.038060233, 0.98078525), (6.005578e-17, 1.1945837e-17, 1), (-0.19134171, -0.038060233, 0.98078525), (-0.37533027, -0.074657835, 0.9238795), (-0.5448951, -0.108386375, 0.8314696), (-0.69351995, -0.13794969, 0.70710677), (-0.81549317, -0.16221167, 0.55557024), (-0.90612745, -0.18023996, 0.38268343), (-0.96193975, -0.19134171, 0.19509032), (-0.98078525, -0.19509032, 1.2246469e-16), (-0.96193975, -0.19134171, -0.19509032), (-0.90612745, -0.18023996, -0.38268343), (-0.81549317, -0.16221167, -0.55557024), (-0.69351995, -0.13794969, -0.70710677), (-0.5448951, -0.108386375, -0.8314696), (-0.37533027, -0.074657835, -0.9238795), (-0.19134171, -0.038060233, -0.98078525), (-1.8016734e-16, -3.583751e-17, -1), (0.19134171, 0.038060233, -0.98078525), (0.37533027, 0.074657835, -0.9238795), (0.5448951, 0.108386375, -0.8314696), (0.69351995, 0.13794969, -0.70710677), (0.81549317, 0.16221167, -0.55557024), (0.90612745, 0.18023996, -0.38268343), (0.96193975, 0.19134171, -0.19509032), (0.97003126, 0.24298018, 0), (0.95139235, 0.23831138, 0.19509032), (0.896192, 0.22448441, 0.38268343), (0.8065515, 0.20203063, 0.55557024), (0.68591565, 0.17181294, 0.70710677), (0.53892046, 0.13499255, 0.8314696), (0.3712149, 0.09298449, 0.9238795), (0.1892437, 0.047403082, 0.98078525), (5.9397285e-17, 1.4878245e-17, 1), (-0.1892437, -0.047403082, 0.98078525), (-0.3712149, -0.09298449, 0.9238795), (-0.53892046, -0.13499255, 0.8314696), (-0.68591565, -0.17181294, 0.70710677), (-0.8065515, -0.20203063, 0.55557024), (-0.896192, -0.22448441, 0.38268343), (-0.95139235, -0.23831138, 0.19509032), (-0.97003126, -0.24298018, 1.2246469e-16), (-0.95139235, -0.23831138, -0.19509032), (-0.896192, -0.22448441, -0.38268343), (-0.8065515, -0.20203063, -0.55557024), (-0.68591565, -0.17181294, -0.70710677), (-0.53892046, -0.13499255, -0.8314696), (-0.3712149, -0.09298449, -0.9238795), (-0.1892437, -0.047403082, -0.98078525), (-1.7819186e-16, -4.4634735e-17, -1), (0.1892437, 0.047403082, -0.98078525), (0.3712149, 0.09298449, -0.9238795), (0.53892046, 0.13499255, -0.8314696), (0.68591565, 0.17181294, -0.70710677), (0.8065515, 0.20203063, -0.55557024), (0.896192, 0.22448441, -0.38268343), (0.95139235, 0.23831138, -0.19509032), (0.95694035, 0.29028466, 0), (0.938553, 0.28470695, 0.19509032), (0.8840976, 0.26818806, 0.38268343), (0.7956668, 0.24136288, 0.55557024), (0.676659, 0.20526226, 0.70710677), (0.53164756, 0.16127352, 0.8314696), (0.36620522, 0.111087136, 0.9238795), (0.1866898, 0.056631733, 0.98078525), (5.8595695e-17, 1.777481e-17, 1), (-0.1866898, -0.056631733, 0.98078525), (-0.36620522, -0.111087136, 0.9238795), (-0.53164756, -0.16127352, 0.8314696), (-0.676659, -0.20526226, 0.70710677), (-0.7956668, -0.24136288, 0.55557024), (-0.8840976, -0.26818806, 0.38268343), (-0.938553, -0.28470695, 0.19509032), (-0.95694035, -0.29028466, 1.2246469e-16), (-0.938553, -0.28470695, -0.19509032), (-0.8840976, -0.26818806, -0.38268343), (-0.7956668, -0.24136288, -0.55557024), (-0.676659, -0.20526226, -0.70710677), (-0.53164756, -0.16127352, -0.8314696), (-0.36620522, -0.111087136, -0.9238795), (-0.1866898, -0.056631733, -0.98078525), (-1.7578709e-16, -5.332443e-17, -1), (0.1866898, 0.056631733, -0.98078525), (0.36620522, 0.111087136, -0.9238795), (0.53164756, 0.16127352, -0.8314696), (0.676659, 0.20526226, -0.70710677), (0.7956668, 0.24136288, -0.55557024), (0.8840976, 0.26818806, -0.38268343), (0.938553, 0.28470695, -0.19509032), (0.94154406, 0.33688986, 0), (0.92345256, 0.33041662, 0.19509032), (0.8698733, 0.31124565, 0.38268343), (0.7828653, 0.28011367, 0.55557024), (0.6657722, 0.2382171, 0.70710677), (0.5230939, 0.18716598, 0.8314696), (0.36031333, 0.12892216, 0.9238795), (0.18368614, 0.06572395, 0.98078525), (5.765295e-17, 2.0628554e-17, 1), (-0.18368614, -0.06572395, 0.98078525), (-0.36031333, -0.12892216, 0.9238795), (-0.5230939, -0.18716598, 0.8314696), (-0.6657722, -0.2382171, 0.70710677), (-0.7828653, -0.28011367, 0.55557024), (-0.8698733, -0.31124565, 0.38268343), (-0.92345256, -0.33041662, 0.19509032), (-0.94154406, -0.33688986, 1.2246469e-16), (-0.92345256, -0.33041662, -0.19509032), (-0.8698733, -0.31124565, -0.38268343), (-0.7828653, -0.28011367, -0.55557024), (-0.6657722, -0.2382171, -0.70710677), (-0.5230939, -0.18716598, -0.8314696), (-0.36031333, -0.12892216, -0.9238795), (-0.18368614, -0.06572395, -0.98078525), (-1.7295883e-16, -6.188566e-17, -1), (0.18368614, 0.06572395, -0.98078525), (0.36031333, 0.12892216, -0.9238795), (0.5230939, 0.18716598, -0.8314696), (0.6657722, 0.2382171, -0.70710677), (0.7828653, 0.28011367, -0.55557024), (0.8698733, 0.31124565, -0.38268343), (0.92345256, 0.33041662, -0.19509032), (0.9238795, 0.38268343, 0), (0.90612745, 0.37533027, 0.19509032), (0.8535534, 0.35355338, 0.38268343), (0.76817775, 0.31818965, 0.55557024), (0.6532815, 0.27059805, 0.70710677), (0.51328, 0.21260752, 0.8314696), (0.35355338, 0.14644662, 0.9238795), (0.18023996, 0.074657835, 0.98078525), (5.6571306e-17, 2.3432602e-17, 1), (-0.18023996, -0.074657835, 0.98078525), (-0.35355338, -0.14644662, 0.9238795), (-0.51328, -0.21260752, 0.8314696), (-0.6532815, -0.27059805, 0.70710677), (-0.76817775, -0.31818965, 0.55557024), (-0.8535534, -0.35355338, 0.38268343), (-0.90612745, -0.37533027, 0.19509032), (-0.9238795, -0.38268343, 1.2246469e-16), (-0.90612745, -0.37533027, -0.19509032), (-0.8535534, -0.35355338, -0.38268343), (-0.76817775, -0.31818965, -0.55557024), (-0.6532815, -0.27059805, -0.70710677), (-0.51328, -0.21260752, -0.8314696), (-0.35355338, -0.14644662, -0.9238795), (-0.18023996, -0.074657835, -0.98078525), (-1.6971392e-16, -7.0297805e-17, -1), (0.18023996, 0.074657835, -0.98078525), (0.35355338, 0.14644662, -0.9238795), (0.51328, 0.21260752, -0.8314696), (0.6532815, 0.27059805, -0.70710677), (0.76817775, 0.31818965, -0.55557024), (0.8535534, 0.35355338, -0.38268343), (0.90612745, 0.37533027, -0.19509032), (0.9039893, 0.42755508, 0), (0.8866194, 0.41933975, 0.19509032), (0.8351772, 0.3950094, 0.38268343), (0.7516396, 0.35549906, 0.55557024), (0.63921696, 0.3023271, 0.70710677), (0.5022296, 0.23753688, 0.8314696), (0.34594172, 0.16361825, 0.9238795), (0.17635956, 0.08341186, 0.98078525), (5.5353378e-17, 2.6180199e-17, 1), (-0.17635956, -0.08341186, 0.98078525), (-0.34594172, -0.16361825, 0.9238795), (-0.5022296, -0.23753688, 0.8314696), (-0.63921696, -0.3023271, 0.70710677), (-0.7516396, -0.35549906, 0.55557024), (-0.8351772, -0.3950094, 0.38268343), (-0.8866194, -0.41933975, 0.19509032), (-0.9039893, -0.42755508, 1.2246469e-16), (-0.8866194, -0.41933975, -0.19509032), (-0.8351772, -0.3950094, -0.38268343), (-0.7516396, -0.35549906, -0.55557024), (-0.63921696, -0.3023271, -0.70710677), (-0.5022296, -0.23753688, -0.8314696), (-0.34594172, -0.16361825, -0.9238795), (-0.17635956, -0.08341186, -0.98078525), (-1.6606013e-16, -7.8540594e-17, -1), (0.17635956, 0.08341186, -0.98078525), (0.34594172, 0.16361825, -0.9238795), (0.5022296, 0.23753688, -0.8314696), (0.63921696, 0.3023271, -0.70710677), (0.7516396, 0.35549906, -0.55557024), (0.8351772, 0.3950094, -0.38268343), (0.8866194, 0.41933975, -0.19509032), (0.8819213, 0.47139674, 0), (0.8649754, 0.46233898, 0.19509032), (0.814789, 0.4355138, 0.38268343), (0.73329073, 0.39195207, 0.55557024), (0.6236125, 0.33332783, 0.70710677), (0.4899692, 0.261894, 0.8314696), (0.33749667, 0.18039572, 0.9238795), (0.1720543, 0.09196494, 0.98078525), (5.4002102e-17, 2.8864726e-17, 1), (-0.1720543, -0.09196494, 0.98078525), (-0.33749667, -0.18039572, 0.9238795), (-0.4899692, -0.261894, 0.8314696), (-0.6236125, -0.33332783, 0.70710677), (-0.73329073, -0.39195207, 0.55557024), (-0.814789, -0.4355138, 0.38268343), (-0.8649754, -0.46233898, 0.19509032), (-0.8819213, -0.47139674, 1.2246469e-16), (-0.8649754, -0.46233898, -0.19509032), (-0.814789, -0.4355138, -0.38268343), (-0.73329073, -0.39195207, -0.55557024), (-0.6236125, -0.33332783, -0.70710677), (-0.4899692, -0.261894, -0.8314696), (-0.33749667, -0.18039572, -0.9238795), (-0.1720543, -0.09196494, -0.98078525), (-1.6200631e-16, -8.6594177e-17, -1), (0.1720543, 0.09196494, -0.98078525), (0.33749667, 0.18039572, -0.9238795), (0.4899692, 0.261894, -0.8314696), (0.6236125, 0.33332783, -0.70710677), (0.73329073, 0.39195207, -0.55557024), (0.814789, 0.4355138, -0.38268343), (0.8649754, 0.46233898, -0.19509032), (0.8577286, 0.51410276, 0), (0.8412476, 0.5042244, 0.19509032), (0.7924379, 0.474969, 0.38268343), (0.7131753, 0.42746082, 0.55557024), (0.6065057, 0.36352554, 0.70710677), (0.4765285, 0.28562018, 0.8314696), (0.32823852, 0.1967386, 0.9238795), (0.16733456, 0.10029647, 0.98078525), (5.252073e-17, 3.1479715e-17, 1), (-0.16733456, -0.10029647, 0.98078525), (-0.32823852, -0.1967386, 0.9238795), (-0.4765285, -0.28562018, 0.8314696), (-0.6065057, -0.36352554, 0.70710677), (-0.7131753, -0.42746082, 0.55557024), (-0.7924379, -0.474969, 0.38268343), (-0.8412476, -0.5042244, 0.19509032), (-0.8577286, -0.51410276, 1.2246469e-16), (-0.8412476, -0.5042244, -0.19509032), (-0.7924379, -0.474969, -0.38268343), (-0.7131753, -0.42746082, -0.55557024), (-0.6065057, -0.36352554, -0.70710677), (-0.4765285, -0.28562018, -0.8314696), (-0.32823852, -0.1967386, -0.9238795), (-0.16733456, -0.10029647, -0.98078525), (-1.5756218e-16, -9.4439144e-17, -1), (0.16733456, 0.10029647, -0.98078525), (0.32823852, 0.1967386, -0.9238795), (0.4765285, 0.28562018, -0.8314696), (0.6065057, 0.36352554, -0.70710677), (0.7131753, 0.42746082, -0.55557024), (0.7924379, 0.474969, -0.38268343), (0.8412476, 0.5042244, -0.19509032), (0.8314696, 0.55557024, 0), (0.81549317, 0.5448951, 0.19509032), (0.76817775, 0.51328, 0.38268343), (0.6913417, 0.46193975, 0.55557024), (0.5879378, 0.39284748, 0.70710677), (0.46193975, 0.30865827, 0.8314696), (0.31818965, 0.21260752, 0.9238795), (0.16221167, 0.108386375, 0.98078525), (5.091283e-17, 3.4018865e-17, 1), (-0.16221167, -0.108386375, 0.98078525), (-0.31818965, -0.21260752, 0.9238795), (-0.46193975, -0.30865827, 0.8314696), (-0.5879378, -0.39284748, 0.70710677), (-0.6913417, -0.46193975, 0.55557024), (-0.76817775, -0.51328, 0.38268343), (-0.81549317, -0.5448951, 0.19509032), (-0.8314696, -0.55557024, 1.2246469e-16), (-0.81549317, -0.5448951, -0.19509032), (-0.76817775, -0.51328, -0.38268343), (-0.6913417, -0.46193975, -0.55557024), (-0.5879378, -0.39284748, -0.70710677), (-0.46193975, -0.30865827, -0.8314696), (-0.31818965, -0.21260752, -0.9238795), (-0.16221167, -0.108386375, -0.98078525), (-1.5273849e-16, -1.020566e-16, -1), (0.16221167, 0.108386375, -0.98078525), (0.31818965, 0.21260752, -0.9238795), (0.46193975, 0.30865827, -0.8314696), (0.5879378, 0.39284748, -0.70710677), (0.6913417, 0.46193975, -0.55557024), (0.76817775, 0.51328, -0.38268343), (0.81549317, 0.5448951, -0.19509032), (0.8032075, 0.5956993, 0), (0.78777415, 0.58425313, 0.19509032), (0.742067, 0.5503544, 0.38268343), (0.6678426, 0.49530587, 0.55557024), (0.56795347, 0.421223, 0.70710677), (0.4462382, 0.3309528, 0.8314696), (0.3073742, 0.22796425, 0.9238795), (0.15669802, 0.11621517, 0.98078525), (4.9182277e-17, 3.647606e-17, 1), (-0.15669802, -0.11621517, 0.98078525), (-0.3073742, -0.22796425, 0.9238795), (-0.4462382, -0.3309528, 0.8314696), (-0.56795347, -0.421223, 0.70710677), (-0.6678426, -0.49530587, 0.55557024), (-0.742067, -0.5503544, 0.38268343), (-0.78777415, -0.58425313, 0.19509032), (-0.8032075, -0.5956993, 1.2246469e-16), (-0.78777415, -0.58425313, -0.19509032), (-0.742067, -0.5503544, -0.38268343), (-0.6678426, -0.49530587, -0.55557024), (-0.56795347, -0.421223, -0.70710677), (-0.4462382, -0.3309528, -0.8314696), (-0.3073742, -0.22796425, -0.9238795), (-0.15669802, -0.11621517, -0.98078525), (-1.4754683e-16, -1.09428186e-16, -1), (0.15669802, 0.11621517, -0.98078525), (0.3073742, 0.22796425, -0.9238795), (0.4462382, 0.3309528, -0.8314696), (0.56795347, 0.421223, -0.70710677), (0.6678426, 0.49530587, -0.55557024), (0.742067, 0.5503544, -0.38268343), (0.78777415, 0.58425313, -0.19509032), (0.77301043, 0.6343933, 0), (0.75815725, 0.6222036, 0.19509032), (0.71416855, 0.58610296, 0.38268343), (0.6427347, 0.52747875, 0.55557024), (0.54660094, 0.44858378, 0.70710677), (0.4294616, 0.35245, 0.8314696), (0.2958183, 0.2427718, 0.9238795), (0.15080686, 0.12376399, 0.98078525), (4.733324e-17, 3.8845384e-17, 1), (-0.15080686, -0.12376399, 0.98078525), (-0.2958183, -0.2427718, 0.9238795), (-0.4294616, -0.35245, 0.8314696), (-0.54660094, -0.44858378, 0.70710677), (-0.6427347, -0.52747875, 0.55557024), (-0.71416855, -0.58610296, 0.38268343), (-0.75815725, -0.6222036, 0.19509032), (-0.77301043, -0.6343933, 1.2246469e-16), (-0.75815725, -0.6222036, -0.19509032), (-0.71416855, -0.58610296, -0.38268343), (-0.6427347, -0.52747875, -0.55557024), (-0.54660094, -0.44858378, -0.70710677), (-0.4294616, -0.35245, -0.8314696), (-0.2958183, -0.2427718, -0.9238795), (-0.15080686, -0.12376399, -0.98078525), (-1.4199971e-16, -1.1653616e-16, -1), (0.15080686, 0.12376399, -0.98078525), (0.2958183, 0.2427718, -0.9238795), (0.4294616, 0.35245, -0.8314696), (0.54660094, 0.44858378, -0.70710677), (0.6427347, 0.52747875, -0.55557024), (0.71416855, 0.58610296, -0.38268343), (0.75815725, 0.6222036, -0.19509032), (0.7409511, 0.671559, 0), (0.72671396, 0.65865517, 0.19509032), (0.68454957, 0.6204396, 0.38268343), (0.6160783, 0.55838084, 0.55557024), (0.52393156, 0.4748639, 0.70710677), (0.4116504, 0.37309816, 0.8314696), (0.28354973, 0.2569945, 0.9238795), (0.1445524, 0.13101466, 0.98078525), (4.5370172e-17, 4.1121127e-17, 1), (-0.1445524, -0.13101466, 0.98078525), (-0.28354973, -0.2569945, 0.9238795), (-0.4116504, -0.37309816, 0.8314696), (-0.52393156, -0.4748639, 0.70710677), (-0.6160783, -0.55838084, 0.55557024), (-0.68454957, -0.6204396, 0.38268343), (-0.72671396, -0.65865517, 0.19509032), (-0.7409511, -0.671559, 1.2246469e-16), (-0.72671396, -0.65865517, -0.19509032), (-0.68454957, -0.6204396, -0.38268343), (-0.6160783, -0.55838084, -0.55557024), (-0.52393156, -0.4748639, -0.70710677), (-0.4116504, -0.37309816, -0.8314696), (-0.28354973, -0.2569945, -0.9238795), (-0.1445524, -0.13101466, -0.98078525), (-1.3611052e-16, -1.2336337e-16, -1), (0.1445524, 0.13101466, -0.98078525), (0.28354973, 0.2569945, -0.9238795), (0.4116504, 0.37309816, -0.8314696), (0.52393156, 0.4748639, -0.70710677), (0.6160783, 0.55838084, -0.55557024), (0.68454957, 0.6204396, -0.38268343), (0.72671396, 0.65865517, -0.19509032), (0.70710677, 0.70710677, 0), (0.69351995, 0.69351995, 0.19509032), (0.6532815, 0.6532815, 0.38268343), (0.5879378, 0.5879378, 0.55557024), (0.5, 0.5, 0.70710677), (0.39284748, 0.39284748, 0.8314696), (0.27059805, 0.27059805, 0.9238795), (0.13794969, 0.13794969, 0.98078525), (4.3297803e-17, 4.3297803e-17, 1), (-0.13794969, -0.13794969, 0.98078525), (-0.27059805, -0.27059805, 0.9238795), (-0.39284748, -0.39284748, 0.8314696), (-0.5, -0.5, 0.70710677), (-0.5879378, -0.5879378, 0.55557024), (-0.6532815, -0.6532815, 0.38268343), (-0.69351995, -0.69351995, 0.19509032), (-0.70710677, -0.70710677, 1.2246469e-16), (-0.69351995, -0.69351995, -0.19509032), (-0.6532815, -0.6532815, -0.38268343), (-0.5879378, -0.5879378, -0.55557024), (-0.5, -0.5, -0.70710677), (-0.39284748, -0.39284748, -0.8314696), (-0.27059805, -0.27059805, -0.9238795), (-0.13794969, -0.13794969, -0.98078525), (-1.298934e-16, -1.298934e-16, -1), (0.13794969, 0.13794969, -0.98078525), (0.27059805, 0.27059805, -0.9238795), (0.39284748, 0.39284748, -0.8314696), (0.5, 0.5, -0.70710677), (0.5879378, 0.5879378, -0.55557024), (0.6532815, 0.6532815, -0.38268343), (0.69351995, 0.69351995, -0.19509032), (0.671559, 0.7409511, 0), (0.65865517, 0.72671396, 0.19509032), (0.6204396, 0.68454957, 0.38268343), (0.55838084, 0.6160783, 0.55557024), (0.4748639, 0.52393156, 0.70710677), (0.37309816, 0.4116504, 0.8314696), (0.2569945, 0.28354973, 0.9238795), (0.13101466, 0.1445524, 0.98078525), (4.1121127e-17, 4.5370172e-17, 1), (-0.13101466, -0.1445524, 0.98078525), (-0.2569945, -0.28354973, 0.9238795), (-0.37309816, -0.4116504, 0.8314696), (-0.4748639, -0.52393156, 0.70710677), (-0.55838084, -0.6160783, 0.55557024), (-0.6204396, -0.68454957, 0.38268343), (-0.65865517, -0.72671396, 0.19509032), (-0.671559, -0.7409511, 1.2246469e-16), (-0.65865517, -0.72671396, -0.19509032), (-0.6204396, -0.68454957, -0.38268343), (-0.55838084, -0.6160783, -0.55557024), (-0.4748639, -0.52393156, -0.70710677), (-0.37309816, -0.4116504, -0.8314696), (-0.2569945, -0.28354973, -0.9238795), (-0.13101466, -0.1445524, -0.98078525), (-1.2336337e-16, -1.3611052e-16, -1), (0.13101466, 0.1445524, -0.98078525), (0.2569945, 0.28354973, -0.9238795), (0.37309816, 0.4116504, -0.8314696), (0.4748639, 0.52393156, -0.70710677), (0.55838084, 0.6160783, -0.55557024), (0.6204396, 0.68454957, -0.38268343), (0.65865517, 0.72671396, -0.19509032), (0.6343933, 0.77301043, 0), (0.6222036, 0.75815725, 0.19509032), (0.58610296, 0.71416855, 0.38268343), (0.52747875, 0.6427347, 0.55557024), (0.44858378, 0.54660094, 0.70710677), (0.35245, 0.4294616, 0.8314696), (0.2427718, 0.2958183, 0.9238795), (0.12376399, 0.15080686, 0.98078525), (3.8845384e-17, 4.733324e-17, 1), (-0.12376399, -0.15080686, 0.98078525), (-0.2427718, -0.2958183, 0.9238795), (-0.35245, -0.4294616, 0.8314696), (-0.44858378, -0.54660094, 0.70710677), (-0.52747875, -0.6427347, 0.55557024), (-0.58610296, -0.71416855, 0.38268343), (-0.6222036, -0.75815725, 0.19509032), (-0.6343933, -0.77301043, 1.2246469e-16), (-0.6222036, -0.75815725, -0.19509032), (-0.58610296, -0.71416855, -0.38268343), (-0.52747875, -0.6427347, -0.55557024), (-0.44858378, -0.54660094, -0.70710677), (-0.35245, -0.4294616, -0.8314696), (-0.2427718, -0.2958183, -0.9238795), (-0.12376399, -0.15080686, -0.98078525), (-1.1653616e-16, -1.4199971e-16, -1), (0.12376399, 0.15080686, -0.98078525), (0.2427718, 0.2958183, -0.9238795), (0.35245, 0.4294616, -0.8314696), (0.44858378, 0.54660094, -0.70710677), (0.52747875, 0.6427347, -0.55557024), (0.58610296, 0.71416855, -0.38268343), (0.6222036, 0.75815725, -0.19509032), (0.5956993, 0.8032075, 0), (0.58425313, 0.78777415, 0.19509032), (0.5503544, 0.742067, 0.38268343), (0.49530587, 0.6678426, 0.55557024), (0.421223, 0.56795347, 0.70710677), (0.3309528, 0.4462382, 0.8314696), (0.22796425, 0.3073742, 0.9238795), (0.11621517, 0.15669802, 0.98078525), (3.647606e-17, 4.9182277e-17, 1), (-0.11621517, -0.15669802, 0.98078525), (-0.22796425, -0.3073742, 0.9238795), (-0.3309528, -0.4462382, 0.8314696), (-0.421223, -0.56795347, 0.70710677), (-0.49530587, -0.6678426, 0.55557024), (-0.5503544, -0.742067, 0.38268343), (-0.58425313, -0.78777415, 0.19509032), (-0.5956993, -0.8032075, 1.2246469e-16), (-0.58425313, -0.78777415, -0.19509032), (-0.5503544, -0.742067, -0.38268343), (-0.49530587, -0.6678426, -0.55557024), (-0.421223, -0.56795347, -0.70710677), (-0.3309528, -0.4462382, -0.8314696), (-0.22796425, -0.3073742, -0.9238795), (-0.11621517, -0.15669802, -0.98078525), (-1.09428186e-16, -1.4754683e-16, -1), (0.11621517, 0.15669802, -0.98078525), (0.22796425, 0.3073742, -0.9238795), (0.3309528, 0.4462382, -0.8314696), (0.421223, 0.56795347, -0.70710677), (0.49530587, 0.6678426, -0.55557024), (0.5503544, 0.742067, -0.38268343), (0.58425313, 0.78777415, -0.19509032), (0.55557024, 0.8314696, 0), (0.5448951, 0.81549317, 0.19509032), (0.51328, 0.76817775, 0.38268343), (0.46193975, 0.6913417, 0.55557024), (0.39284748, 0.5879378, 0.70710677), (0.30865827, 0.46193975, 0.8314696), (0.21260752, 0.31818965, 0.9238795), (0.108386375, 0.16221167, 0.98078525), (3.4018865e-17, 5.091283e-17, 1), (-0.108386375, -0.16221167, 0.98078525), (-0.21260752, -0.31818965, 0.9238795), (-0.30865827, -0.46193975, 0.8314696), (-0.39284748, -0.5879378, 0.70710677), (-0.46193975, -0.6913417, 0.55557024), (-0.51328, -0.76817775, 0.38268343), (-0.5448951, -0.81549317, 0.19509032), (-0.55557024, -0.8314696, 1.2246469e-16), (-0.5448951, -0.81549317, -0.19509032), (-0.51328, -0.76817775, -0.38268343), (-0.46193975, -0.6913417, -0.55557024), (-0.39284748, -0.5879378, -0.70710677), (-0.30865827, -0.46193975, -0.8314696), (-0.21260752, -0.31818965, -0.9238795), (-0.108386375, -0.16221167, -0.98078525), (-1.020566e-16, -1.5273849e-16, -1), (0.108386375, 0.16221167, -0.98078525), (0.21260752, 0.31818965, -0.9238795), (0.30865827, 0.46193975, -0.8314696), (0.39284748, 0.5879378, -0.70710677), (0.46193975, 0.6913417, -0.55557024), (0.51328, 0.76817775, -0.38268343), (0.5448951, 0.81549317, -0.19509032), (0.51410276, 0.8577286, 0), (0.5042244, 0.8412476, 0.19509032), (0.474969, 0.7924379, 0.38268343), (0.42746082, 0.7131753, 0.55557024), (0.36352554, 0.6065057, 0.70710677), (0.28562018, 0.4765285, 0.8314696), (0.1967386, 0.32823852, 0.9238795), (0.10029647, 0.16733456, 0.98078525), (3.1479715e-17, 5.252073e-17, 1), (-0.10029647, -0.16733456, 0.98078525), (-0.1967386, -0.32823852, 0.9238795), (-0.28562018, -0.4765285, 0.8314696), (-0.36352554, -0.6065057, 0.70710677), (-0.42746082, -0.7131753, 0.55557024), (-0.474969, -0.7924379, 0.38268343), (-0.5042244, -0.8412476, 0.19509032), (-0.51410276, -0.8577286, 1.2246469e-16), (-0.5042244, -0.8412476, -0.19509032), (-0.474969, -0.7924379, -0.38268343), (-0.42746082, -0.7131753, -0.55557024), (-0.36352554, -0.6065057, -0.70710677), (-0.28562018, -0.4765285, -0.8314696), (-0.1967386, -0.32823852, -0.9238795), (-0.10029647, -0.16733456, -0.98078525), (-9.4439144e-17, -1.5756218e-16, -1), (0.10029647, 0.16733456, -0.98078525), (0.1967386, 0.32823852, -0.9238795), (0.28562018, 0.4765285, -0.8314696), (0.36352554, 0.6065057, -0.70710677), (0.42746082, 0.7131753, -0.55557024), (0.474969, 0.7924379, -0.38268343), (0.5042244, 0.8412476, -0.19509032), (0.47139674, 0.8819213, 0), (0.46233898, 0.8649754, 0.19509032), (0.4355138, 0.814789, 0.38268343), (0.39195207, 0.73329073, 0.55557024), (0.33332783, 0.6236125, 0.70710677), (0.261894, 0.4899692, 0.8314696), (0.18039572, 0.33749667, 0.9238795), (0.09196494, 0.1720543, 0.98078525), (2.8864726e-17, 5.4002102e-17, 1), (-0.09196494, -0.1720543, 0.98078525), (-0.18039572, -0.33749667, 0.9238795), (-0.261894, -0.4899692, 0.8314696), (-0.33332783, -0.6236125, 0.70710677), (-0.39195207, -0.73329073, 0.55557024), (-0.4355138, -0.814789, 0.38268343), (-0.46233898, -0.8649754, 0.19509032), (-0.47139674, -0.8819213, 1.2246469e-16), (-0.46233898, -0.8649754, -0.19509032), (-0.4355138, -0.814789, -0.38268343), (-0.39195207, -0.73329073, -0.55557024), (-0.33332783, -0.6236125, -0.70710677), (-0.261894, -0.4899692, -0.8314696), (-0.18039572, -0.33749667, -0.9238795), (-0.09196494, -0.1720543, -0.98078525), (-8.6594177e-17, -1.6200631e-16, -1), (0.09196494, 0.1720543, -0.98078525), (0.18039572, 0.33749667, -0.9238795), (0.261894, 0.4899692, -0.8314696), (0.33332783, 0.6236125, -0.70710677), (0.39195207, 0.73329073, -0.55557024), (0.4355138, 0.814789, -0.38268343), (0.46233898, 0.8649754, -0.19509032), (0.42755508, 0.9039893, 0), (0.41933975, 0.8866194, 0.19509032), (0.3950094, 0.8351772, 0.38268343), (0.35549906, 0.7516396, 0.55557024), (0.3023271, 0.63921696, 0.70710677), (0.23753688, 0.5022296, 0.8314696), (0.16361825, 0.34594172, 0.9238795), (0.08341186, 0.17635956, 0.98078525), (2.6180199e-17, 5.5353378e-17, 1), (-0.08341186, -0.17635956, 0.98078525), (-0.16361825, -0.34594172, 0.9238795), (-0.23753688, -0.5022296, 0.8314696), (-0.3023271, -0.63921696, 0.70710677), (-0.35549906, -0.7516396, 0.55557024), (-0.3950094, -0.8351772, 0.38268343), (-0.41933975, -0.8866194, 0.19509032), (-0.42755508, -0.9039893, 1.2246469e-16), (-0.41933975, -0.8866194, -0.19509032), (-0.3950094, -0.8351772, -0.38268343), (-0.35549906, -0.7516396, -0.55557024), (-0.3023271, -0.63921696, -0.70710677), (-0.23753688, -0.5022296, -0.8314696), (-0.16361825, -0.34594172, -0.9238795), (-0.08341186, -0.17635956, -0.98078525), (-7.8540594e-17, -1.6606013e-16, -1), (0.08341186, 0.17635956, -0.98078525), (0.16361825, 0.34594172, -0.9238795), (0.23753688, 0.5022296, -0.8314696), (0.3023271, 0.63921696, -0.70710677), (0.35549906, 0.7516396, -0.55557024), (0.3950094, 0.8351772, -0.38268343), (0.41933975, 0.8866194, -0.19509032), (0.38268343, 0.9238795, 0), (0.37533027, 0.90612745, 0.19509032), (0.35355338, 0.8535534, 0.38268343), (0.31818965, 0.76817775, 0.55557024), (0.27059805, 0.6532815, 0.70710677), (0.21260752, 0.51328, 0.8314696), (0.14644662, 0.35355338, 0.9238795), (0.074657835, 0.18023996, 0.98078525), (2.3432602e-17, 5.6571306e-17, 1), (-0.074657835, -0.18023996, 0.98078525), (-0.14644662, -0.35355338, 0.9238795), (-0.21260752, -0.51328, 0.8314696), (-0.27059805, -0.6532815, 0.70710677), (-0.31818965, -0.76817775, 0.55557024), (-0.35355338, -0.8535534, 0.38268343), (-0.37533027, -0.90612745, 0.19509032), (-0.38268343, -0.9238795, 1.2246469e-16), (-0.37533027, -0.90612745, -0.19509032), (-0.35355338, -0.8535534, -0.38268343), (-0.31818965, -0.76817775, -0.55557024), (-0.27059805, -0.6532815, -0.70710677), (-0.21260752, -0.51328, -0.8314696), (-0.14644662, -0.35355338, -0.9238795), (-0.074657835, -0.18023996, -0.98078525), (-7.0297805e-17, -1.6971392e-16, -1), (0.074657835, 0.18023996, -0.98078525), (0.14644662, 0.35355338, -0.9238795), (0.21260752, 0.51328, -0.8314696), (0.27059805, 0.6532815, -0.70710677), (0.31818965, 0.76817775, -0.55557024), (0.35355338, 0.8535534, -0.38268343), (0.37533027, 0.90612745, -0.19509032), (0.33688986, 0.94154406, 0), (0.33041662, 0.92345256, 0.19509032), (0.31124565, 0.8698733, 0.38268343), (0.28011367, 0.7828653, 0.55557024), (0.2382171, 0.6657722, 0.70710677), (0.18716598, 0.5230939, 0.8314696), (0.12892216, 0.36031333, 0.9238795), (0.06572395, 0.18368614, 0.98078525), (2.0628554e-17, 5.765295e-17, 1), (-0.06572395, -0.18368614, 0.98078525), (-0.12892216, -0.36031333, 0.9238795), (-0.18716598, -0.5230939, 0.8314696), (-0.2382171, -0.6657722, 0.70710677), (-0.28011367, -0.7828653, 0.55557024), (-0.31124565, -0.8698733, 0.38268343), (-0.33041662, -0.92345256, 0.19509032), (-0.33688986, -0.94154406, 1.2246469e-16), (-0.33041662, -0.92345256, -0.19509032), (-0.31124565, -0.8698733, -0.38268343), (-0.28011367, -0.7828653, -0.55557024), (-0.2382171, -0.6657722, -0.70710677), (-0.18716598, -0.5230939, -0.8314696), (-0.12892216, -0.36031333, -0.9238795), (-0.06572395, -0.18368614, -0.98078525), (-6.188566e-17, -1.7295883e-16, -1), (0.06572395, 0.18368614, -0.98078525), (0.12892216, 0.36031333, -0.9238795), (0.18716598, 0.5230939, -0.8314696), (0.2382171, 0.6657722, -0.70710677), (0.28011367, 0.7828653, -0.55557024), (0.31124565, 0.8698733, -0.38268343), (0.33041662, 0.92345256, -0.19509032), (0.29028466, 0.95694035, 0), (0.28470695, 0.938553, 0.19509032), (0.26818806, 0.8840976, 0.38268343), (0.24136288, 0.7956668, 0.55557024), (0.20526226, 0.676659, 0.70710677), (0.16127352, 0.53164756, 0.8314696), (0.111087136, 0.36620522, 0.9238795), (0.056631733, 0.1866898, 0.98078525), (1.777481e-17, 5.8595695e-17, 1), (-0.056631733, -0.1866898, 0.98078525), (-0.111087136, -0.36620522, 0.9238795), (-0.16127352, -0.53164756, 0.8314696), (-0.20526226, -0.676659, 0.70710677), (-0.24136288, -0.7956668, 0.55557024), (-0.26818806, -0.8840976, 0.38268343), (-0.28470695, -0.938553, 0.19509032), (-0.29028466, -0.95694035, 1.2246469e-16), (-0.28470695, -0.938553, -0.19509032), (-0.26818806, -0.8840976, -0.38268343), (-0.24136288, -0.7956668, -0.55557024), (-0.20526226, -0.676659, -0.70710677), (-0.16127352, -0.53164756, -0.8314696), (-0.111087136, -0.36620522, -0.9238795), (-0.056631733, -0.1866898, -0.98078525), (-5.332443e-17, -1.7578709e-16, -1), (0.056631733, 0.1866898, -0.98078525), (0.111087136, 0.36620522, -0.9238795), (0.16127352, 0.53164756, -0.8314696), (0.20526226, 0.676659, -0.70710677), (0.24136288, 0.7956668, -0.55557024), (0.26818806, 0.8840976, -0.38268343), (0.28470695, 0.938553, -0.19509032), (0.24298018, 0.97003126, 0), (0.23831138, 0.95139235, 0.19509032), (0.22448441, 0.896192, 0.38268343), (0.20203063, 0.8065515, 0.55557024), (0.17181294, 0.68591565, 0.70710677), (0.13499255, 0.53892046, 0.8314696), (0.09298449, 0.3712149, 0.9238795), (0.047403082, 0.1892437, 0.98078525), (1.4878245e-17, 5.9397285e-17, 1), (-0.047403082, -0.1892437, 0.98078525), (-0.09298449, -0.3712149, 0.9238795), (-0.13499255, -0.53892046, 0.8314696), (-0.17181294, -0.68591565, 0.70710677), (-0.20203063, -0.8065515, 0.55557024), (-0.22448441, -0.896192, 0.38268343), (-0.23831138, -0.95139235, 0.19509032), (-0.24298018, -0.97003126, 1.2246469e-16), (-0.23831138, -0.95139235, -0.19509032), (-0.22448441, -0.896192, -0.38268343), (-0.20203063, -0.8065515, -0.55557024), (-0.17181294, -0.68591565, -0.70710677), (-0.13499255, -0.53892046, -0.8314696), (-0.09298449, -0.3712149, -0.9238795), (-0.047403082, -0.1892437, -0.98078525), (-4.4634735e-17, -1.7819186e-16, -1), (0.047403082, 0.1892437, -0.98078525), (0.09298449, 0.3712149, -0.9238795), (0.13499255, 0.53892046, -0.8314696), (0.17181294, 0.68591565, -0.70710677), (0.20203063, 0.8065515, -0.55557024), (0.22448441, 0.896192, -0.38268343), (0.23831138, 0.95139235, -0.19509032), (0.19509032, 0.98078525, 0), (0.19134171, 0.96193975, 0.19509032), (0.18023996, 0.90612745, 0.38268343), (0.16221167, 0.81549317, 0.55557024), (0.13794969, 0.69351995, 0.70710677), (0.108386375, 0.5448951, 0.8314696), (0.074657835, 0.37533027, 0.9238795), (0.038060233, 0.19134171, 0.98078525), (1.1945837e-17, 6.005578e-17, 1), (-0.038060233, -0.19134171, 0.98078525), (-0.074657835, -0.37533027, 0.9238795), (-0.108386375, -0.5448951, 0.8314696), (-0.13794969, -0.69351995, 0.70710677), (-0.16221167, -0.81549317, 0.55557024), (-0.18023996, -0.90612745, 0.38268343), (-0.19134171, -0.96193975, 0.19509032), (-0.19509032, -0.98078525, 1.2246469e-16), (-0.19134171, -0.96193975, -0.19509032), (-0.18023996, -0.90612745, -0.38268343), (-0.16221167, -0.81549317, -0.55557024), (-0.13794969, -0.69351995, -0.70710677), (-0.108386375, -0.5448951, -0.8314696), (-0.074657835, -0.37533027, -0.9238795), (-0.038060233, -0.19134171, -0.98078525), (-3.583751e-17, -1.8016734e-16, -1), (0.038060233, 0.19134171, -0.98078525), (0.074657835, 0.37533027, -0.9238795), (0.108386375, 0.5448951, -0.8314696), (0.13794969, 0.69351995, -0.70710677), (0.16221167, 0.81549317, -0.55557024), (0.18023996, 0.90612745, -0.38268343), (0.19134171, 0.96193975, -0.19509032), (0.14673047, 0.9891765, 0), (0.1439111, 0.9701698, 0.19509032), (0.13556129, 0.91387993, 0.38268343), (0.12200193, 0.8224702, 0.55557024), (0.10375411, 0.6994534, 0.70710677), (0.08151908, 0.54955703, 0.8314696), (0.056151323, 0.37854147, 0.9238795), (0.028625695, 0.19297877, 0.98078525), (8.9846505e-18, 6.056959e-17, 1), (-0.028625695, -0.19297877, 0.98078525), (-0.056151323, -0.37854147, 0.9238795), (-0.08151908, -0.54955703, 0.8314696), (-0.10375411, -0.6994534, 0.70710677), (-0.12200193, -0.8224702, 0.55557024), (-0.13556129, -0.91387993, 0.38268343), (-0.1439111, -0.9701698, 0.19509032), (-0.14673047, -0.9891765, 1.2246469e-16), (-0.1439111, -0.9701698, -0.19509032), (-0.13556129, -0.91387993, -0.38268343), (-0.12200193, -0.8224702, -0.55557024), (-0.10375411, -0.6994534, -0.70710677), (-0.08151908, -0.54955703, -0.8314696), (-0.056151323, -0.37854147, -0.9238795), (-0.028625695, -0.19297877, -0.98078525), (-2.6953952e-17, -1.8170878e-16, -1), (0.028625695, 0.19297877, -0.98078525), (0.056151323, 0.37854147, -0.9238795), (0.08151908, 0.54955703, -0.8314696), (0.10375411, 0.6994534, -0.70710677), (0.12200193, 0.8224702, -0.55557024), (0.13556129, 0.91387993, -0.38268343), (0.1439111, 0.9701698, -0.19509032), (0.09801714, 0.9951847, 0), (0.09613377, 0.97606254, 0.19509032), (0.09055603, 0.9194308, 0.38268343), (0.08149827, 0.82746583, 0.55557024), (0.06930859, 0.70370185, 0.70710677), (0.054455407, 0.552895, 0.8314696), (0.037509535, 0.38084072, 0.9238795), (0.019122196, 0.19415091, 0.98078525), (6.001819e-18, 6.093749e-17, 1), (-0.019122196, -0.19415091, 0.98078525), (-0.037509535, -0.38084072, 0.9238795), (-0.054455407, -0.552895, 0.8314696), (-0.06930859, -0.70370185, 0.70710677), (-0.08149827, -0.82746583, 0.55557024), (-0.09055603, -0.9194308, 0.38268343), (-0.09613377, -0.97606254, 0.19509032), (-0.09801714, -0.9951847, 1.2246469e-16), (-0.09613377, -0.97606254, -0.19509032), (-0.09055603, -0.9194308, -0.38268343), (-0.08149827, -0.82746583, -0.55557024), (-0.06930859, -0.70370185, -0.70710677), (-0.054455407, -0.552895, -0.8314696), (-0.037509535, -0.38084072, -0.9238795), (-0.019122196, -0.19415091, -0.98078525), (-1.8005457e-17, -1.8281247e-16, -1), (0.019122196, 0.19415091, -0.98078525), (0.037509535, 0.38084072, -0.9238795), (0.054455407, 0.552895, -0.8314696), (0.06930859, 0.70370185, -0.70710677), (0.08149827, 0.82746583, -0.55557024), (0.09055603, 0.9194308, -0.38268343), (0.09613377, 0.97606254, -0.19509032), (0.049067676, 0.99879545, 0), (0.048124854, 0.9796039, 0.19509032), (0.04533262, 0.9227667, 0.38268343), (0.04079828, 0.83046806, 0.55557024), (0.034696084, 0.706255, 0.70710677), (0.02726054, 0.554901, 0.8314696), (0.018777385, 0.38222247, 0.9238795), (0.009572628, 0.19485533, 0.98078525), (3.0045284e-18, 6.1158585e-17, 1), (-0.009572628, -0.19485533, 0.98078525), (-0.018777385, -0.38222247, 0.9238795), (-0.02726054, -0.554901, 0.8314696), (-0.034696084, -0.706255, 0.70710677), (-0.04079828, -0.83046806, 0.55557024), (-0.04533262, -0.9227667, 0.38268343), (-0.048124854, -0.9796039, 0.19509032), (-0.049067676, -0.99879545, 1.2246469e-16), (-0.048124854, -0.9796039, -0.19509032), (-0.04533262, -0.9227667, -0.38268343), (-0.04079828, -0.83046806, -0.55557024), (-0.034696084, -0.706255, -0.70710677), (-0.02726054, -0.554901, -0.8314696), (-0.018777385, -0.38222247, -0.9238795), (-0.009572628, -0.19485533, -0.98078525), (-9.013585e-18, -1.8347575e-16, -1), (0.009572628, 0.19485533, -0.98078525), (0.018777385, 0.38222247, -0.9238795), (0.02726054, 0.554901, -0.8314696), (0.034696084, 0.706255, -0.70710677), (0.04079828, 0.83046806, -0.55557024), (0.04533262, 0.9227667, -0.38268343), (0.048124854, 0.9796039, -0.19509032), (6.123234e-17, 1, 0), (6.005578e-17, 0.98078525, 0.19509032), (5.6571306e-17, 0.9238795, 0.38268343), (5.091283e-17, 0.8314696, 0.55557024), (4.3297803e-17, 0.70710677, 0.70710677), (3.4018865e-17, 0.55557024, 0.8314696), (2.3432602e-17, 0.38268343, 0.9238795), (1.1945837e-17, 0.19509032, 0.98078525), (3.7493994e-33, 6.123234e-17, 1), (-1.1945837e-17, -0.19509032, 0.98078525), (-2.3432602e-17, -0.38268343, 0.9238795), (-3.4018865e-17, -0.55557024, 0.8314696), (-4.3297803e-17, -0.70710677, 0.70710677), (-5.091283e-17, -0.8314696, 0.55557024), (-5.6571306e-17, -0.9238795, 0.38268343), (-6.005578e-17, -0.98078525, 0.19509032), (-6.123234e-17, -1, 1.2246469e-16), (-6.005578e-17, -0.98078525, -0.19509032), (-5.6571306e-17, -0.9238795, -0.38268343), (-5.091283e-17, -0.8314696, -0.55557024), (-4.3297803e-17, -0.70710677, -0.70710677), (-3.4018865e-17, -0.55557024, -0.8314696), (-2.3432602e-17, -0.38268343, -0.9238795), (-1.1945837e-17, -0.19509032, -0.98078525), (-1.1248198e-32, -1.8369701e-16, -1), (1.1945837e-17, 0.19509032, -0.98078525), (2.3432602e-17, 0.38268343, -0.9238795), (3.4018865e-17, 0.55557024, -0.8314696), (4.3297803e-17, 0.70710677, -0.70710677), (5.091283e-17, 0.8314696, -0.55557024), (5.6571306e-17, 0.9238795, -0.38268343), (6.005578e-17, 0.98078525, -0.19509032), (-0.049067676, 0.99879545, 0), (-0.048124854, 0.9796039, 0.19509032), (-0.04533262, 0.9227667, 0.38268343), (-0.04079828, 0.83046806, 0.55557024), (-0.034696084, 0.706255, 0.70710677), (-0.02726054, 0.554901, 0.8314696), (-0.018777385, 0.38222247, 0.9238795), (-0.009572628, 0.19485533, 0.98078525), (-3.0045284e-18, 6.1158585e-17, 1), (0.009572628, -0.19485533, 0.98078525), (0.018777385, -0.38222247, 0.9238795), (0.02726054, -0.554901, 0.8314696), (0.034696084, -0.706255, 0.70710677), (0.04079828, -0.83046806, 0.55557024), (0.04533262, -0.9227667, 0.38268343), (0.048124854, -0.9796039, 0.19509032), (0.049067676, -0.99879545, 1.2246469e-16), (0.048124854, -0.9796039, -0.19509032), (0.04533262, -0.9227667, -0.38268343), (0.04079828, -0.83046806, -0.55557024), (0.034696084, -0.706255, -0.70710677), (0.02726054, -0.554901, -0.8314696), (0.018777385, -0.38222247, -0.9238795), (0.009572628, -0.19485533, -0.98078525), (9.013585e-18, -1.8347575e-16, -1), (-0.009572628, 0.19485533, -0.98078525), (-0.018777385, 0.38222247, -0.9238795), (-0.02726054, 0.554901, -0.8314696), (-0.034696084, 0.706255, -0.70710677), (-0.04079828, 0.83046806, -0.55557024), (-0.04533262, 0.9227667, -0.38268343), (-0.048124854, 0.9796039, -0.19509032), (-0.09801714, 0.9951847, 0), (-0.09613377, 0.97606254, 0.19509032), (-0.09055603, 0.9194308, 0.38268343), (-0.08149827, 0.82746583, 0.55557024), (-0.06930859, 0.70370185, 0.70710677), (-0.054455407, 0.552895, 0.8314696), (-0.037509535, 0.38084072, 0.9238795), (-0.019122196, 0.19415091, 0.98078525), (-6.001819e-18, 6.093749e-17, 1), (0.019122196, -0.19415091, 0.98078525), (0.037509535, -0.38084072, 0.9238795), (0.054455407, -0.552895, 0.8314696), (0.06930859, -0.70370185, 0.70710677), (0.08149827, -0.82746583, 0.55557024), (0.09055603, -0.9194308, 0.38268343), (0.09613377, -0.97606254, 0.19509032), (0.09801714, -0.9951847, 1.2246469e-16), (0.09613377, -0.97606254, -0.19509032), (0.09055603, -0.9194308, -0.38268343), (0.08149827, -0.82746583, -0.55557024), (0.06930859, -0.70370185, -0.70710677), (0.054455407, -0.552895, -0.8314696), (0.037509535, -0.38084072, -0.9238795), (0.019122196, -0.19415091, -0.98078525), (1.8005457e-17, -1.8281247e-16, -1), (-0.019122196, 0.19415091, -0.98078525), (-0.037509535, 0.38084072, -0.9238795), (-0.054455407, 0.552895, -0.8314696), (-0.06930859, 0.70370185, -0.70710677), (-0.08149827, 0.82746583, -0.55557024), (-0.09055603, 0.9194308, -0.38268343), (-0.09613377, 0.97606254, -0.19509032), (-0.14673047, 0.9891765, 0), (-0.1439111, 0.9701698, 0.19509032), (-0.13556129, 0.91387993, 0.38268343), (-0.12200193, 0.8224702, 0.55557024), (-0.10375411, 0.6994534, 0.70710677), (-0.08151908, 0.54955703, 0.8314696), (-0.056151323, 0.37854147, 0.9238795), (-0.028625695, 0.19297877, 0.98078525), (-8.9846505e-18, 6.056959e-17, 1), (0.028625695, -0.19297877, 0.98078525), (0.056151323, -0.37854147, 0.9238795), (0.08151908, -0.54955703, 0.8314696), (0.10375411, -0.6994534, 0.70710677), (0.12200193, -0.8224702, 0.55557024), (0.13556129, -0.91387993, 0.38268343), (0.1439111, -0.9701698, 0.19509032), (0.14673047, -0.9891765, 1.2246469e-16), (0.1439111, -0.9701698, -0.19509032), (0.13556129, -0.91387993, -0.38268343), (0.12200193, -0.8224702, -0.55557024), (0.10375411, -0.6994534, -0.70710677), (0.08151908, -0.54955703, -0.8314696), (0.056151323, -0.37854147, -0.9238795), (0.028625695, -0.19297877, -0.98078525), (2.6953952e-17, -1.8170878e-16, -1), (-0.028625695, 0.19297877, -0.98078525), (-0.056151323, 0.37854147, -0.9238795), (-0.08151908, 0.54955703, -0.8314696), (-0.10375411, 0.6994534, -0.70710677), (-0.12200193, 0.8224702, -0.55557024), (-0.13556129, 0.91387993, -0.38268343), (-0.1439111, 0.9701698, -0.19509032), (-0.19509032, 0.98078525, 0), (-0.19134171, 0.96193975, 0.19509032), (-0.18023996, 0.90612745, 0.38268343), (-0.16221167, 0.81549317, 0.55557024), (-0.13794969, 0.69351995, 0.70710677), (-0.108386375, 0.5448951, 0.8314696), (-0.074657835, 0.37533027, 0.9238795), (-0.038060233, 0.19134171, 0.98078525), (-1.1945837e-17, 6.005578e-17, 1), (0.038060233, -0.19134171, 0.98078525), (0.074657835, -0.37533027, 0.9238795), (0.108386375, -0.5448951, 0.8314696), (0.13794969, -0.69351995, 0.70710677), (0.16221167, -0.81549317, 0.55557024), (0.18023996, -0.90612745, 0.38268343), (0.19134171, -0.96193975, 0.19509032), (0.19509032, -0.98078525, 1.2246469e-16), (0.19134171, -0.96193975, -0.19509032), (0.18023996, -0.90612745, -0.38268343), (0.16221167, -0.81549317, -0.55557024), (0.13794969, -0.69351995, -0.70710677), (0.108386375, -0.5448951, -0.8314696), (0.074657835, -0.37533027, -0.9238795), (0.038060233, -0.19134171, -0.98078525), (3.583751e-17, -1.8016734e-16, -1), (-0.038060233, 0.19134171, -0.98078525), (-0.074657835, 0.37533027, -0.9238795), (-0.108386375, 0.5448951, -0.8314696), (-0.13794969, 0.69351995, -0.70710677), (-0.16221167, 0.81549317, -0.55557024), (-0.18023996, 0.90612745, -0.38268343), (-0.19134171, 0.96193975, -0.19509032), (-0.24298018, 0.97003126, 0), (-0.23831138, 0.95139235, 0.19509032), (-0.22448441, 0.896192, 0.38268343), (-0.20203063, 0.8065515, 0.55557024), (-0.17181294, 0.68591565, 0.70710677), (-0.13499255, 0.53892046, 0.8314696), (-0.09298449, 0.3712149, 0.9238795), (-0.047403082, 0.1892437, 0.98078525), (-1.4878245e-17, 5.9397285e-17, 1), (0.047403082, -0.1892437, 0.98078525), (0.09298449, -0.3712149, 0.9238795), (0.13499255, -0.53892046, 0.8314696), (0.17181294, -0.68591565, 0.70710677), (0.20203063, -0.8065515, 0.55557024), (0.22448441, -0.896192, 0.38268343), (0.23831138, -0.95139235, 0.19509032), (0.24298018, -0.97003126, 1.2246469e-16), (0.23831138, -0.95139235, -0.19509032), (0.22448441, -0.896192, -0.38268343), (0.20203063, -0.8065515, -0.55557024), (0.17181294, -0.68591565, -0.70710677), (0.13499255, -0.53892046, -0.8314696), (0.09298449, -0.3712149, -0.9238795), (0.047403082, -0.1892437, -0.98078525), (4.4634735e-17, -1.7819186e-16, -1), (-0.047403082, 0.1892437, -0.98078525), (-0.09298449, 0.3712149, -0.9238795), (-0.13499255, 0.53892046, -0.8314696), (-0.17181294, 0.68591565, -0.70710677), (-0.20203063, 0.8065515, -0.55557024), (-0.22448441, 0.896192, -0.38268343), (-0.23831138, 0.95139235, -0.19509032), (-0.29028466, 0.95694035, 0), (-0.28470695, 0.938553, 0.19509032), (-0.26818806, 0.8840976, 0.38268343), (-0.24136288, 0.7956668, 0.55557024), (-0.20526226, 0.676659, 0.70710677), (-0.16127352, 0.53164756, 0.8314696), (-0.111087136, 0.36620522, 0.9238795), (-0.056631733, 0.1866898, 0.98078525), (-1.777481e-17, 5.8595695e-17, 1), (0.056631733, -0.1866898, 0.98078525), (0.111087136, -0.36620522, 0.9238795), (0.16127352, -0.53164756, 0.8314696), (0.20526226, -0.676659, 0.70710677), (0.24136288, -0.7956668, 0.55557024), (0.26818806, -0.8840976, 0.38268343), (0.28470695, -0.938553, 0.19509032), (0.29028466, -0.95694035, 1.2246469e-16), (0.28470695, -0.938553, -0.19509032), (0.26818806, -0.8840976, -0.38268343), (0.24136288, -0.7956668, -0.55557024), (0.20526226, -0.676659, -0.70710677), (0.16127352, -0.53164756, -0.8314696), (0.111087136, -0.36620522, -0.9238795), (0.056631733, -0.1866898, -0.98078525), (5.332443e-17, -1.7578709e-16, -1), (-0.056631733, 0.1866898, -0.98078525), (-0.111087136, 0.36620522, -0.9238795), (-0.16127352, 0.53164756, -0.8314696), (-0.20526226, 0.676659, -0.70710677), (-0.24136288, 0.7956668, -0.55557024), (-0.26818806, 0.8840976, -0.38268343), (-0.28470695, 0.938553, -0.19509032), (-0.33688986, 0.94154406, 0), (-0.33041662, 0.92345256, 0.19509032), (-0.31124565, 0.8698733, 0.38268343), (-0.28011367, 0.7828653, 0.55557024), (-0.2382171, 0.6657722, 0.70710677), (-0.18716598, 0.5230939, 0.8314696), (-0.12892216, 0.36031333, 0.9238795), (-0.06572395, 0.18368614, 0.98078525), (-2.0628554e-17, 5.765295e-17, 1), (0.06572395, -0.18368614, 0.98078525), (0.12892216, -0.36031333, 0.9238795), (0.18716598, -0.5230939, 0.8314696), (0.2382171, -0.6657722, 0.70710677), (0.28011367, -0.7828653, 0.55557024), (0.31124565, -0.8698733, 0.38268343), (0.33041662, -0.92345256, 0.19509032), (0.33688986, -0.94154406, 1.2246469e-16), (0.33041662, -0.92345256, -0.19509032), (0.31124565, -0.8698733, -0.38268343), (0.28011367, -0.7828653, -0.55557024), (0.2382171, -0.6657722, -0.70710677), (0.18716598, -0.5230939, -0.8314696), (0.12892216, -0.36031333, -0.9238795), (0.06572395, -0.18368614, -0.98078525), (6.188566e-17, -1.7295883e-16, -1), (-0.06572395, 0.18368614, -0.98078525), (-0.12892216, 0.36031333, -0.9238795), (-0.18716598, 0.5230939, -0.8314696), (-0.2382171, 0.6657722, -0.70710677), (-0.28011367, 0.7828653, -0.55557024), (-0.31124565, 0.8698733, -0.38268343), (-0.33041662, 0.92345256, -0.19509032), (-0.38268343, 0.9238795, 0), (-0.37533027, 0.90612745, 0.19509032), (-0.35355338, 0.8535534, 0.38268343), (-0.31818965, 0.76817775, 0.55557024), (-0.27059805, 0.6532815, 0.70710677), (-0.21260752, 0.51328, 0.8314696), (-0.14644662, 0.35355338, 0.9238795), (-0.074657835, 0.18023996, 0.98078525), (-2.3432602e-17, 5.6571306e-17, 1), (0.074657835, -0.18023996, 0.98078525), (0.14644662, -0.35355338, 0.9238795), (0.21260752, -0.51328, 0.8314696), (0.27059805, -0.6532815, 0.70710677), (0.31818965, -0.76817775, 0.55557024), (0.35355338, -0.8535534, 0.38268343), (0.37533027, -0.90612745, 0.19509032), (0.38268343, -0.9238795, 1.2246469e-16), (0.37533027, -0.90612745, -0.19509032), (0.35355338, -0.8535534, -0.38268343), (0.31818965, -0.76817775, -0.55557024), (0.27059805, -0.6532815, -0.70710677), (0.21260752, -0.51328, -0.8314696), (0.14644662, -0.35355338, -0.9238795), (0.074657835, -0.18023996, -0.98078525), (7.0297805e-17, -1.6971392e-16, -1), (-0.074657835, 0.18023996, -0.98078525), (-0.14644662, 0.35355338, -0.9238795), (-0.21260752, 0.51328, -0.8314696), (-0.27059805, 0.6532815, -0.70710677), (-0.31818965, 0.76817775, -0.55557024), (-0.35355338, 0.8535534, -0.38268343), (-0.37533027, 0.90612745, -0.19509032), (-0.42755508, 0.9039893, 0), (-0.41933975, 0.8866194, 0.19509032), (-0.3950094, 0.8351772, 0.38268343), (-0.35549906, 0.7516396, 0.55557024), (-0.3023271, 0.63921696, 0.70710677), (-0.23753688, 0.5022296, 0.8314696), (-0.16361825, 0.34594172, 0.9238795), (-0.08341186, 0.17635956, 0.98078525), (-2.6180199e-17, 5.5353378e-17, 1), (0.08341186, -0.17635956, 0.98078525), (0.16361825, -0.34594172, 0.9238795), (0.23753688, -0.5022296, 0.8314696), (0.3023271, -0.63921696, 0.70710677), (0.35549906, -0.7516396, 0.55557024), (0.3950094, -0.8351772, 0.38268343), (0.41933975, -0.8866194, 0.19509032), (0.42755508, -0.9039893, 1.2246469e-16), (0.41933975, -0.8866194, -0.19509032), (0.3950094, -0.8351772, -0.38268343), (0.35549906, -0.7516396, -0.55557024), (0.3023271, -0.63921696, -0.70710677), (0.23753688, -0.5022296, -0.8314696), (0.16361825, -0.34594172, -0.9238795), (0.08341186, -0.17635956, -0.98078525), (7.8540594e-17, -1.6606013e-16, -1), (-0.08341186, 0.17635956, -0.98078525), (-0.16361825, 0.34594172, -0.9238795), (-0.23753688, 0.5022296, -0.8314696), (-0.3023271, 0.63921696, -0.70710677), (-0.35549906, 0.7516396, -0.55557024), (-0.3950094, 0.8351772, -0.38268343), (-0.41933975, 0.8866194, -0.19509032), (-0.47139674, 0.8819213, 0), (-0.46233898, 0.8649754, 0.19509032), (-0.4355138, 0.814789, 0.38268343), (-0.39195207, 0.73329073, 0.55557024), (-0.33332783, 0.6236125, 0.70710677), (-0.261894, 0.4899692, 0.8314696), (-0.18039572, 0.33749667, 0.9238795), (-0.09196494, 0.1720543, 0.98078525), (-2.8864726e-17, 5.4002102e-17, 1), (0.09196494, -0.1720543, 0.98078525), (0.18039572, -0.33749667, 0.9238795), (0.261894, -0.4899692, 0.8314696), (0.33332783, -0.6236125, 0.70710677), (0.39195207, -0.73329073, 0.55557024), (0.4355138, -0.814789, 0.38268343), (0.46233898, -0.8649754, 0.19509032), (0.47139674, -0.8819213, 1.2246469e-16), (0.46233898, -0.8649754, -0.19509032), (0.4355138, -0.814789, -0.38268343), (0.39195207, -0.73329073, -0.55557024), (0.33332783, -0.6236125, -0.70710677), (0.261894, -0.4899692, -0.8314696), (0.18039572, -0.33749667, -0.9238795), (0.09196494, -0.1720543, -0.98078525), (8.6594177e-17, -1.6200631e-16, -1), (-0.09196494, 0.1720543, -0.98078525), (-0.18039572, 0.33749667, -0.9238795), (-0.261894, 0.4899692, -0.8314696), (-0.33332783, 0.6236125, -0.70710677), (-0.39195207, 0.73329073, -0.55557024), (-0.4355138, 0.814789, -0.38268343), (-0.46233898, 0.8649754, -0.19509032), (-0.51410276, 0.8577286, 0), (-0.5042244, 0.8412476, 0.19509032), (-0.474969, 0.7924379, 0.38268343), (-0.42746082, 0.7131753, 0.55557024), (-0.36352554, 0.6065057, 0.70710677), (-0.28562018, 0.4765285, 0.8314696), (-0.1967386, 0.32823852, 0.9238795), (-0.10029647, 0.16733456, 0.98078525), (-3.1479715e-17, 5.252073e-17, 1), (0.10029647, -0.16733456, 0.98078525), (0.1967386, -0.32823852, 0.9238795), (0.28562018, -0.4765285, 0.8314696), (0.36352554, -0.6065057, 0.70710677), (0.42746082, -0.7131753, 0.55557024), (0.474969, -0.7924379, 0.38268343), (0.5042244, -0.8412476, 0.19509032), (0.51410276, -0.8577286, 1.2246469e-16), (0.5042244, -0.8412476, -0.19509032), (0.474969, -0.7924379, -0.38268343), (0.42746082, -0.7131753, -0.55557024), (0.36352554, -0.6065057, -0.70710677), (0.28562018, -0.4765285, -0.8314696), (0.1967386, -0.32823852, -0.9238795), (0.10029647, -0.16733456, -0.98078525), (9.4439144e-17, -1.5756218e-16, -1), (-0.10029647, 0.16733456, -0.98078525), (-0.1967386, 0.32823852, -0.9238795), (-0.28562018, 0.4765285, -0.8314696), (-0.36352554, 0.6065057, -0.70710677), (-0.42746082, 0.7131753, -0.55557024), (-0.474969, 0.7924379, -0.38268343), (-0.5042244, 0.8412476, -0.19509032), (-0.55557024, 0.8314696, 0), (-0.5448951, 0.81549317, 0.19509032), (-0.51328, 0.76817775, 0.38268343), (-0.46193975, 0.6913417, 0.55557024), (-0.39284748, 0.5879378, 0.70710677), (-0.30865827, 0.46193975, 0.8314696), (-0.21260752, 0.31818965, 0.9238795), (-0.108386375, 0.16221167, 0.98078525), (-3.4018865e-17, 5.091283e-17, 1), (0.108386375, -0.16221167, 0.98078525), (0.21260752, -0.31818965, 0.9238795), (0.30865827, -0.46193975, 0.8314696), (0.39284748, -0.5879378, 0.70710677), (0.46193975, -0.6913417, 0.55557024), (0.51328, -0.76817775, 0.38268343), (0.5448951, -0.81549317, 0.19509032), (0.55557024, -0.8314696, 1.2246469e-16), (0.5448951, -0.81549317, -0.19509032), (0.51328, -0.76817775, -0.38268343), (0.46193975, -0.6913417, -0.55557024), (0.39284748, -0.5879378, -0.70710677), (0.30865827, -0.46193975, -0.8314696), (0.21260752, -0.31818965, -0.9238795), (0.108386375, -0.16221167, -0.98078525), (1.020566e-16, -1.5273849e-16, -1), (-0.108386375, 0.16221167, -0.98078525), (-0.21260752, 0.31818965, -0.9238795), (-0.30865827, 0.46193975, -0.8314696), (-0.39284748, 0.5879378, -0.70710677), (-0.46193975, 0.6913417, -0.55557024), (-0.51328, 0.76817775, -0.38268343), (-0.5448951, 0.81549317, -0.19509032), (-0.5956993, 0.8032075, 0), (-0.58425313, 0.78777415, 0.19509032), (-0.5503544, 0.742067, 0.38268343), (-0.49530587, 0.6678426, 0.55557024), (-0.421223, 0.56795347, 0.70710677), (-0.3309528, 0.4462382, 0.8314696), (-0.22796425, 0.3073742, 0.9238795), (-0.11621517, 0.15669802, 0.98078525), (-3.647606e-17, 4.9182277e-17, 1), (0.11621517, -0.15669802, 0.98078525), (0.22796425, -0.3073742, 0.9238795), (0.3309528, -0.4462382, 0.8314696), (0.421223, -0.56795347, 0.70710677), (0.49530587, -0.6678426, 0.55557024), (0.5503544, -0.742067, 0.38268343), (0.58425313, -0.78777415, 0.19509032), (0.5956993, -0.8032075, 1.2246469e-16), (0.58425313, -0.78777415, -0.19509032), (0.5503544, -0.742067, -0.38268343), (0.49530587, -0.6678426, -0.55557024), (0.421223, -0.56795347, -0.70710677), (0.3309528, -0.4462382, -0.8314696), (0.22796425, -0.3073742, -0.9238795), (0.11621517, -0.15669802, -0.98078525), (1.09428186e-16, -1.4754683e-16, -1), (-0.11621517, 0.15669802, -0.98078525), (-0.22796425, 0.3073742, -0.9238795), (-0.3309528, 0.4462382, -0.8314696), (-0.421223, 0.56795347, -0.70710677), (-0.49530587, 0.6678426, -0.55557024), (-0.5503544, 0.742067, -0.38268343), (-0.58425313, 0.78777415, -0.19509032), (-0.6343933, 0.77301043, 0), (-0.6222036, 0.75815725, 0.19509032), (-0.58610296, 0.71416855, 0.38268343), (-0.52747875, 0.6427347, 0.55557024), (-0.44858378, 0.54660094, 0.70710677), (-0.35245, 0.4294616, 0.8314696), (-0.2427718, 0.2958183, 0.9238795), (-0.12376399, 0.15080686, 0.98078525), (-3.8845384e-17, 4.733324e-17, 1), (0.12376399, -0.15080686, 0.98078525), (0.2427718, -0.2958183, 0.9238795), (0.35245, -0.4294616, 0.8314696), (0.44858378, -0.54660094, 0.70710677), (0.52747875, -0.6427347, 0.55557024), (0.58610296, -0.71416855, 0.38268343), (0.6222036, -0.75815725, 0.19509032), (0.6343933, -0.77301043, 1.2246469e-16), (0.6222036, -0.75815725, -0.19509032), (0.58610296, -0.71416855, -0.38268343), (0.52747875, -0.6427347, -0.55557024), (0.44858378, -0.54660094, -0.70710677), (0.35245, -0.4294616, -0.8314696), (0.2427718, -0.2958183, -0.9238795), (0.12376399, -0.15080686, -0.98078525), (1.1653616e-16, -1.4199971e-16, -1), (-0.12376399, 0.15080686, -0.98078525), (-0.2427718, 0.2958183, -0.9238795), (-0.35245, 0.4294616, -0.8314696), (-0.44858378, 0.54660094, -0.70710677), (-0.52747875, 0.6427347, -0.55557024), (-0.58610296, 0.71416855, -0.38268343), (-0.6222036, 0.75815725, -0.19509032), (-0.671559, 0.7409511, 0), (-0.65865517, 0.72671396, 0.19509032), (-0.6204396, 0.68454957, 0.38268343), (-0.55838084, 0.6160783, 0.55557024), (-0.4748639, 0.52393156, 0.70710677), (-0.37309816, 0.4116504, 0.8314696), (-0.2569945, 0.28354973, 0.9238795), (-0.13101466, 0.1445524, 0.98078525), (-4.1121127e-17, 4.5370172e-17, 1), (0.13101466, -0.1445524, 0.98078525), (0.2569945, -0.28354973, 0.9238795), (0.37309816, -0.4116504, 0.8314696), (0.4748639, -0.52393156, 0.70710677), (0.55838084, -0.6160783, 0.55557024), (0.6204396, -0.68454957, 0.38268343), (0.65865517, -0.72671396, 0.19509032), (0.671559, -0.7409511, 1.2246469e-16), (0.65865517, -0.72671396, -0.19509032), (0.6204396, -0.68454957, -0.38268343), (0.55838084, -0.6160783, -0.55557024), (0.4748639, -0.52393156, -0.70710677), (0.37309816, -0.4116504, -0.8314696), (0.2569945, -0.28354973, -0.9238795), (0.13101466, -0.1445524, -0.98078525), (1.2336337e-16, -1.3611052e-16, -1), (-0.13101466, 0.1445524, -0.98078525), (-0.2569945, 0.28354973, -0.9238795), (-0.37309816, 0.4116504, -0.8314696), (-0.4748639, 0.52393156, -0.70710677), (-0.55838084, 0.6160783, -0.55557024), (-0.6204396, 0.68454957, -0.38268343), (-0.65865517, 0.72671396, -0.19509032), (-0.70710677, 0.70710677, 0), (-0.69351995, 0.69351995, 0.19509032), (-0.6532815, 0.6532815, 0.38268343), (-0.5879378, 0.5879378, 0.55557024), (-0.5, 0.5, 0.70710677), (-0.39284748, 0.39284748, 0.8314696), (-0.27059805, 0.27059805, 0.9238795), (-0.13794969, 0.13794969, 0.98078525), (-4.3297803e-17, 4.3297803e-17, 1), (0.13794969, -0.13794969, 0.98078525), (0.27059805, -0.27059805, 0.9238795), (0.39284748, -0.39284748, 0.8314696), (0.5, -0.5, 0.70710677), (0.5879378, -0.5879378, 0.55557024), (0.6532815, -0.6532815, 0.38268343), (0.69351995, -0.69351995, 0.19509032), (0.70710677, -0.70710677, 1.2246469e-16), (0.69351995, -0.69351995, -0.19509032), (0.6532815, -0.6532815, -0.38268343), (0.5879378, -0.5879378, -0.55557024), (0.5, -0.5, -0.70710677), (0.39284748, -0.39284748, -0.8314696), (0.27059805, -0.27059805, -0.9238795), (0.13794969, -0.13794969, -0.98078525), (1.298934e-16, -1.298934e-16, -1), (-0.13794969, 0.13794969, -0.98078525), (-0.27059805, 0.27059805, -0.9238795), (-0.39284748, 0.39284748, -0.8314696), (-0.5, 0.5, -0.70710677), (-0.5879378, 0.5879378, -0.55557024), (-0.6532815, 0.6532815, -0.38268343), (-0.69351995, 0.69351995, -0.19509032), (-0.7409511, 0.671559, 0), (-0.72671396, 0.65865517, 0.19509032), (-0.68454957, 0.6204396, 0.38268343), (-0.6160783, 0.55838084, 0.55557024), (-0.52393156, 0.4748639, 0.70710677), (-0.4116504, 0.37309816, 0.8314696), (-0.28354973, 0.2569945, 0.9238795), (-0.1445524, 0.13101466, 0.98078525), (-4.5370172e-17, 4.1121127e-17, 1), (0.1445524, -0.13101466, 0.98078525), (0.28354973, -0.2569945, 0.9238795), (0.4116504, -0.37309816, 0.8314696), (0.52393156, -0.4748639, 0.70710677), (0.6160783, -0.55838084, 0.55557024), (0.68454957, -0.6204396, 0.38268343), (0.72671396, -0.65865517, 0.19509032), (0.7409511, -0.671559, 1.2246469e-16), (0.72671396, -0.65865517, -0.19509032), (0.68454957, -0.6204396, -0.38268343), (0.6160783, -0.55838084, -0.55557024), (0.52393156, -0.4748639, -0.70710677), (0.4116504, -0.37309816, -0.8314696), (0.28354973, -0.2569945, -0.9238795), (0.1445524, -0.13101466, -0.98078525), (1.3611052e-16, -1.2336337e-16, -1), (-0.1445524, 0.13101466, -0.98078525), (-0.28354973, 0.2569945, -0.9238795), (-0.4116504, 0.37309816, -0.8314696), (-0.52393156, 0.4748639, -0.70710677), (-0.6160783, 0.55838084, -0.55557024), (-0.68454957, 0.6204396, -0.38268343), (-0.72671396, 0.65865517, -0.19509032), (-0.77301043, 0.6343933, 0), (-0.75815725, 0.6222036, 0.19509032), (-0.71416855, 0.58610296, 0.38268343), (-0.6427347, 0.52747875, 0.55557024), (-0.54660094, 0.44858378, 0.70710677), (-0.4294616, 0.35245, 0.8314696), (-0.2958183, 0.2427718, 0.9238795), (-0.15080686, 0.12376399, 0.98078525), (-4.733324e-17, 3.8845384e-17, 1), (0.15080686, -0.12376399, 0.98078525), (0.2958183, -0.2427718, 0.9238795), (0.4294616, -0.35245, 0.8314696), (0.54660094, -0.44858378, 0.70710677), (0.6427347, -0.52747875, 0.55557024), (0.71416855, -0.58610296, 0.38268343), (0.75815725, -0.6222036, 0.19509032), (0.77301043, -0.6343933, 1.2246469e-16), (0.75815725, -0.6222036, -0.19509032), (0.71416855, -0.58610296, -0.38268343), (0.6427347, -0.52747875, -0.55557024), (0.54660094, -0.44858378, -0.70710677), (0.4294616, -0.35245, -0.8314696), (0.2958183, -0.2427718, -0.9238795), (0.15080686, -0.12376399, -0.98078525), (1.4199971e-16, -1.1653616e-16, -1), (-0.15080686, 0.12376399, -0.98078525), (-0.2958183, 0.2427718, -0.9238795), (-0.4294616, 0.35245, -0.8314696), (-0.54660094, 0.44858378, -0.70710677), (-0.6427347, 0.52747875, -0.55557024), (-0.71416855, 0.58610296, -0.38268343), (-0.75815725, 0.6222036, -0.19509032), (-0.8032075, 0.5956993, 0), (-0.78777415, 0.58425313, 0.19509032), (-0.742067, 0.5503544, 0.38268343), (-0.6678426, 0.49530587, 0.55557024), (-0.56795347, 0.421223, 0.70710677), (-0.4462382, 0.3309528, 0.8314696), (-0.3073742, 0.22796425, 0.9238795), (-0.15669802, 0.11621517, 0.98078525), (-4.9182277e-17, 3.647606e-17, 1), (0.15669802, -0.11621517, 0.98078525), (0.3073742, -0.22796425, 0.9238795), (0.4462382, -0.3309528, 0.8314696), (0.56795347, -0.421223, 0.70710677), (0.6678426, -0.49530587, 0.55557024), (0.742067, -0.5503544, 0.38268343), (0.78777415, -0.58425313, 0.19509032), (0.8032075, -0.5956993, 1.2246469e-16), (0.78777415, -0.58425313, -0.19509032), (0.742067, -0.5503544, -0.38268343), (0.6678426, -0.49530587, -0.55557024), (0.56795347, -0.421223, -0.70710677), (0.4462382, -0.3309528, -0.8314696), (0.3073742, -0.22796425, -0.9238795), (0.15669802, -0.11621517, -0.98078525), (1.4754683e-16, -1.09428186e-16, -1), (-0.15669802, 0.11621517, -0.98078525), (-0.3073742, 0.22796425, -0.9238795), (-0.4462382, 0.3309528, -0.8314696), (-0.56795347, 0.421223, -0.70710677), (-0.6678426, 0.49530587, -0.55557024), (-0.742067, 0.5503544, -0.38268343), (-0.78777415, 0.58425313, -0.19509032), (-0.8314696, 0.55557024, 0), (-0.81549317, 0.5448951, 0.19509032), (-0.76817775, 0.51328, 0.38268343), (-0.6913417, 0.46193975, 0.55557024), (-0.5879378, 0.39284748, 0.70710677), (-0.46193975, 0.30865827, 0.8314696), (-0.31818965, 0.21260752, 0.9238795), (-0.16221167, 0.108386375, 0.98078525), (-5.091283e-17, 3.4018865e-17, 1), (0.16221167, -0.108386375, 0.98078525), (0.31818965, -0.21260752, 0.9238795), (0.46193975, -0.30865827, 0.8314696), (0.5879378, -0.39284748, 0.70710677), (0.6913417, -0.46193975, 0.55557024), (0.76817775, -0.51328, 0.38268343), (0.81549317, -0.5448951, 0.19509032), (0.8314696, -0.55557024, 1.2246469e-16), (0.81549317, -0.5448951, -0.19509032), (0.76817775, -0.51328, -0.38268343), (0.6913417, -0.46193975, -0.55557024), (0.5879378, -0.39284748, -0.70710677), (0.46193975, -0.30865827, -0.8314696), (0.31818965, -0.21260752, -0.9238795), (0.16221167, -0.108386375, -0.98078525), (1.5273849e-16, -1.020566e-16, -1), (-0.16221167, 0.108386375, -0.98078525), (-0.31818965, 0.21260752, -0.9238795), (-0.46193975, 0.30865827, -0.8314696), (-0.5879378, 0.39284748, -0.70710677), (-0.6913417, 0.46193975, -0.55557024), (-0.76817775, 0.51328, -0.38268343), (-0.81549317, 0.5448951, -0.19509032), (-0.8577286, 0.51410276, 0), (-0.8412476, 0.5042244, 0.19509032), (-0.7924379, 0.474969, 0.38268343), (-0.7131753, 0.42746082, 0.55557024), (-0.6065057, 0.36352554, 0.70710677), (-0.4765285, 0.28562018, 0.8314696), (-0.32823852, 0.1967386, 0.9238795), (-0.16733456, 0.10029647, 0.98078525), (-5.252073e-17, 3.1479715e-17, 1), (0.16733456, -0.10029647, 0.98078525), (0.32823852, -0.1967386, 0.9238795), (0.4765285, -0.28562018, 0.8314696), (0.6065057, -0.36352554, 0.70710677), (0.7131753, -0.42746082, 0.55557024), (0.7924379, -0.474969, 0.38268343), (0.8412476, -0.5042244, 0.19509032), (0.8577286, -0.51410276, 1.2246469e-16), (0.8412476, -0.5042244, -0.19509032), (0.7924379, -0.474969, -0.38268343), (0.7131753, -0.42746082, -0.55557024), (0.6065057, -0.36352554, -0.70710677), (0.4765285, -0.28562018, -0.8314696), (0.32823852, -0.1967386, -0.9238795), (0.16733456, -0.10029647, -0.98078525), (1.5756218e-16, -9.4439144e-17, -1), (-0.16733456, 0.10029647, -0.98078525), (-0.32823852, 0.1967386, -0.9238795), (-0.4765285, 0.28562018, -0.8314696), (-0.6065057, 0.36352554, -0.70710677), (-0.7131753, 0.42746082, -0.55557024), (-0.7924379, 0.474969, -0.38268343), (-0.8412476, 0.5042244, -0.19509032), (-0.8819213, 0.47139674, 0), (-0.8649754, 0.46233898, 0.19509032), (-0.814789, 0.4355138, 0.38268343), (-0.73329073, 0.39195207, 0.55557024), (-0.6236125, 0.33332783, 0.70710677), (-0.4899692, 0.261894, 0.8314696), (-0.33749667, 0.18039572, 0.9238795), (-0.1720543, 0.09196494, 0.98078525), (-5.4002102e-17, 2.8864726e-17, 1), (0.1720543, -0.09196494, 0.98078525), (0.33749667, -0.18039572, 0.9238795), (0.4899692, -0.261894, 0.8314696), (0.6236125, -0.33332783, 0.70710677), (0.73329073, -0.39195207, 0.55557024), (0.814789, -0.4355138, 0.38268343), (0.8649754, -0.46233898, 0.19509032), (0.8819213, -0.47139674, 1.2246469e-16), (0.8649754, -0.46233898, -0.19509032), (0.814789, -0.4355138, -0.38268343), (0.73329073, -0.39195207, -0.55557024), (0.6236125, -0.33332783, -0.70710677), (0.4899692, -0.261894, -0.8314696), (0.33749667, -0.18039572, -0.9238795), (0.1720543, -0.09196494, -0.98078525), (1.6200631e-16, -8.6594177e-17, -1), (-0.1720543, 0.09196494, -0.98078525), (-0.33749667, 0.18039572, -0.9238795), (-0.4899692, 0.261894, -0.8314696), (-0.6236125, 0.33332783, -0.70710677), (-0.73329073, 0.39195207, -0.55557024), (-0.814789, 0.4355138, -0.38268343), (-0.8649754, 0.46233898, -0.19509032), (-0.9039893, 0.42755508, 0), (-0.8866194, 0.41933975, 0.19509032), (-0.8351772, 0.3950094, 0.38268343), (-0.7516396, 0.35549906, 0.55557024), (-0.63921696, 0.3023271, 0.70710677), (-0.5022296, 0.23753688, 0.8314696), (-0.34594172, 0.16361825, 0.9238795), (-0.17635956, 0.08341186, 0.98078525), (-5.5353378e-17, 2.6180199e-17, 1), (0.17635956, -0.08341186, 0.98078525), (0.34594172, -0.16361825, 0.9238795), (0.5022296, -0.23753688, 0.8314696), (0.63921696, -0.3023271, 0.70710677), (0.7516396, -0.35549906, 0.55557024), (0.8351772, -0.3950094, 0.38268343), (0.8866194, -0.41933975, 0.19509032), (0.9039893, -0.42755508, 1.2246469e-16), (0.8866194, -0.41933975, -0.19509032), (0.8351772, -0.3950094, -0.38268343), (0.7516396, -0.35549906, -0.55557024), (0.63921696, -0.3023271, -0.70710677), (0.5022296, -0.23753688, -0.8314696), (0.34594172, -0.16361825, -0.9238795), (0.17635956, -0.08341186, -0.98078525), (1.6606013e-16, -7.8540594e-17, -1), (-0.17635956, 0.08341186, -0.98078525), (-0.34594172, 0.16361825, -0.9238795), (-0.5022296, 0.23753688, -0.8314696), (-0.63921696, 0.3023271, -0.70710677), (-0.7516396, 0.35549906, -0.55557024), (-0.8351772, 0.3950094, -0.38268343), (-0.8866194, 0.41933975, -0.19509032), (-0.9238795, 0.38268343, 0), (-0.90612745, 0.37533027, 0.19509032), (-0.8535534, 0.35355338, 0.38268343), (-0.76817775, 0.31818965, 0.55557024), (-0.6532815, 0.27059805, 0.70710677), (-0.51328, 0.21260752, 0.8314696), (-0.35355338, 0.14644662, 0.9238795), (-0.18023996, 0.074657835, 0.98078525), (-5.6571306e-17, 2.3432602e-17, 1), (0.18023996, -0.074657835, 0.98078525), (0.35355338, -0.14644662, 0.9238795), (0.51328, -0.21260752, 0.8314696), (0.6532815, -0.27059805, 0.70710677), (0.76817775, -0.31818965, 0.55557024), (0.8535534, -0.35355338, 0.38268343), (0.90612745, -0.37533027, 0.19509032), (0.9238795, -0.38268343, 1.2246469e-16), (0.90612745, -0.37533027, -0.19509032), (0.8535534, -0.35355338, -0.38268343), (0.76817775, -0.31818965, -0.55557024), (0.6532815, -0.27059805, -0.70710677), (0.51328, -0.21260752, -0.8314696), (0.35355338, -0.14644662, -0.9238795), (0.18023996, -0.074657835, -0.98078525), (1.6971392e-16, -7.0297805e-17, -1), (-0.18023996, 0.074657835, -0.98078525), (-0.35355338, 0.14644662, -0.9238795), (-0.51328, 0.21260752, -0.8314696), (-0.6532815, 0.27059805, -0.70710677), (-0.76817775, 0.31818965, -0.55557024), (-0.8535534, 0.35355338, -0.38268343), (-0.90612745, 0.37533027, -0.19509032), (-0.94154406, 0.33688986, 0), (-0.92345256, 0.33041662, 0.19509032), (-0.8698733, 0.31124565, 0.38268343), (-0.7828653, 0.28011367, 0.55557024), (-0.6657722, 0.2382171, 0.70710677), (-0.5230939, 0.18716598, 0.8314696), (-0.36031333, 0.12892216, 0.9238795), (-0.18368614, 0.06572395, 0.98078525), (-5.765295e-17, 2.0628554e-17, 1), (0.18368614, -0.06572395, 0.98078525), (0.36031333, -0.12892216, 0.9238795), (0.5230939, -0.18716598, 0.8314696), (0.6657722, -0.2382171, 0.70710677), (0.7828653, -0.28011367, 0.55557024), (0.8698733, -0.31124565, 0.38268343), (0.92345256, -0.33041662, 0.19509032), (0.94154406, -0.33688986, 1.2246469e-16), (0.92345256, -0.33041662, -0.19509032), (0.8698733, -0.31124565, -0.38268343), (0.7828653, -0.28011367, -0.55557024), (0.6657722, -0.2382171, -0.70710677), (0.5230939, -0.18716598, -0.8314696), (0.36031333, -0.12892216, -0.9238795), (0.18368614, -0.06572395, -0.98078525), (1.7295883e-16, -6.188566e-17, -1), (-0.18368614, 0.06572395, -0.98078525), (-0.36031333, 0.12892216, -0.9238795), (-0.5230939, 0.18716598, -0.8314696), (-0.6657722, 0.2382171, -0.70710677), (-0.7828653, 0.28011367, -0.55557024), (-0.8698733, 0.31124565, -0.38268343), (-0.92345256, 0.33041662, -0.19509032), (-0.95694035, 0.29028466, 0), (-0.938553, 0.28470695, 0.19509032), (-0.8840976, 0.26818806, 0.38268343), (-0.7956668, 0.24136288, 0.55557024), (-0.676659, 0.20526226, 0.70710677), (-0.53164756, 0.16127352, 0.8314696), (-0.36620522, 0.111087136, 0.9238795), (-0.1866898, 0.056631733, 0.98078525), (-5.8595695e-17, 1.777481e-17, 1), (0.1866898, -0.056631733, 0.98078525), (0.36620522, -0.111087136, 0.9238795), (0.53164756, -0.16127352, 0.8314696), (0.676659, -0.20526226, 0.70710677), (0.7956668, -0.24136288, 0.55557024), (0.8840976, -0.26818806, 0.38268343), (0.938553, -0.28470695, 0.19509032), (0.95694035, -0.29028466, 1.2246469e-16), (0.938553, -0.28470695, -0.19509032), (0.8840976, -0.26818806, -0.38268343), (0.7956668, -0.24136288, -0.55557024), (0.676659, -0.20526226, -0.70710677), (0.53164756, -0.16127352, -0.8314696), (0.36620522, -0.111087136, -0.9238795), (0.1866898, -0.056631733, -0.98078525), (1.7578709e-16, -5.332443e-17, -1), (-0.1866898, 0.056631733, -0.98078525), (-0.36620522, 0.111087136, -0.9238795), (-0.53164756, 0.16127352, -0.8314696), (-0.676659, 0.20526226, -0.70710677), (-0.7956668, 0.24136288, -0.55557024), (-0.8840976, 0.26818806, -0.38268343), (-0.938553, 0.28470695, -0.19509032), (-0.97003126, 0.24298018, 0), (-0.95139235, 0.23831138, 0.19509032), (-0.896192, 0.22448441, 0.38268343), (-0.8065515, 0.20203063, 0.55557024), (-0.68591565, 0.17181294, 0.70710677), (-0.53892046, 0.13499255, 0.8314696), (-0.3712149, 0.09298449, 0.9238795), (-0.1892437, 0.047403082, 0.98078525), (-5.9397285e-17, 1.4878245e-17, 1), (0.1892437, -0.047403082, 0.98078525), (0.3712149, -0.09298449, 0.9238795), (0.53892046, -0.13499255, 0.8314696), (0.68591565, -0.17181294, 0.70710677), (0.8065515, -0.20203063, 0.55557024), (0.896192, -0.22448441, 0.38268343), (0.95139235, -0.23831138, 0.19509032), (0.97003126, -0.24298018, 1.2246469e-16), (0.95139235, -0.23831138, -0.19509032), (0.896192, -0.22448441, -0.38268343), (0.8065515, -0.20203063, -0.55557024), (0.68591565, -0.17181294, -0.70710677), (0.53892046, -0.13499255, -0.8314696), (0.3712149, -0.09298449, -0.9238795), (0.1892437, -0.047403082, -0.98078525), (1.7819186e-16, -4.4634735e-17, -1), (-0.1892437, 0.047403082, -0.98078525), (-0.3712149, 0.09298449, -0.9238795), (-0.53892046, 0.13499255, -0.8314696), (-0.68591565, 0.17181294, -0.70710677), (-0.8065515, 0.20203063, -0.55557024), (-0.896192, 0.22448441, -0.38268343), (-0.95139235, 0.23831138, -0.19509032), (-0.98078525, 0.19509032, 0), (-0.96193975, 0.19134171, 0.19509032), (-0.90612745, 0.18023996, 0.38268343), (-0.81549317, 0.16221167, 0.55557024), (-0.69351995, 0.13794969, 0.70710677), (-0.5448951, 0.108386375, 0.8314696), (-0.37533027, 0.074657835, 0.9238795), (-0.19134171, 0.038060233, 0.98078525), (-6.005578e-17, 1.1945837e-17, 1), (0.19134171, -0.038060233, 0.98078525), (0.37533027, -0.074657835, 0.9238795), (0.5448951, -0.108386375, 0.8314696), (0.69351995, -0.13794969, 0.70710677), (0.81549317, -0.16221167, 0.55557024), (0.90612745, -0.18023996, 0.38268343), (0.96193975, -0.19134171, 0.19509032), (0.98078525, -0.19509032, 1.2246469e-16), (0.96193975, -0.19134171, -0.19509032), (0.90612745, -0.18023996, -0.38268343), (0.81549317, -0.16221167, -0.55557024), (0.69351995, -0.13794969, -0.70710677), (0.5448951, -0.108386375, -0.8314696), (0.37533027, -0.074657835, -0.9238795), (0.19134171, -0.038060233, -0.98078525), (1.8016734e-16, -3.583751e-17, -1), (-0.19134171, 0.038060233, -0.98078525), (-0.37533027, 0.074657835, -0.9238795), (-0.5448951, 0.108386375, -0.8314696), (-0.69351995, 0.13794969, -0.70710677), (-0.81549317, 0.16221167, -0.55557024), (-0.90612745, 0.18023996, -0.38268343), (-0.96193975, 0.19134171, -0.19509032), (-0.9891765, 0.14673047, 0), (-0.9701698, 0.1439111, 0.19509032), (-0.91387993, 0.13556129, 0.38268343), (-0.8224702, 0.12200193, 0.55557024), (-0.6994534, 0.10375411, 0.70710677), (-0.54955703, 0.08151908, 0.8314696), (-0.37854147, 0.056151323, 0.9238795), (-0.19297877, 0.028625695, 0.98078525), (-6.056959e-17, 8.9846505e-18, 1), (0.19297877, -0.028625695, 0.98078525), (0.37854147, -0.056151323, 0.9238795), (0.54955703, -0.08151908, 0.8314696), (0.6994534, -0.10375411, 0.70710677), (0.8224702, -0.12200193, 0.55557024), (0.91387993, -0.13556129, 0.38268343), (0.9701698, -0.1439111, 0.19509032), (0.9891765, -0.14673047, 1.2246469e-16), (0.9701698, -0.1439111, -0.19509032), (0.91387993, -0.13556129, -0.38268343), (0.8224702, -0.12200193, -0.55557024), (0.6994534, -0.10375411, -0.70710677), (0.54955703, -0.08151908, -0.8314696), (0.37854147, -0.056151323, -0.9238795), (0.19297877, -0.028625695, -0.98078525), (1.8170878e-16, -2.6953952e-17, -1), (-0.19297877, 0.028625695, -0.98078525), (-0.37854147, 0.056151323, -0.9238795), (-0.54955703, 0.08151908, -0.8314696), (-0.6994534, 0.10375411, -0.70710677), (-0.8224702, 0.12200193, -0.55557024), (-0.91387993, 0.13556129, -0.38268343), (-0.9701698, 0.1439111, -0.19509032), (-0.9951847, 0.09801714, 0), (-0.97606254, 0.09613377, 0.19509032), (-0.9194308, 0.09055603, 0.38268343), (-0.82746583, 0.08149827, 0.55557024), (-0.70370185, 0.06930859, 0.70710677), (-0.552895, 0.054455407, 0.8314696), (-0.38084072, 0.037509535, 0.9238795), (-0.19415091, 0.019122196, 0.98078525), (-6.093749e-17, 6.001819e-18, 1), (0.19415091, -0.019122196, 0.98078525), (0.38084072, -0.037509535, 0.9238795), (0.552895, -0.054455407, 0.8314696), (0.70370185, -0.06930859, 0.70710677), (0.82746583, -0.08149827, 0.55557024), (0.9194308, -0.09055603, 0.38268343), (0.97606254, -0.09613377, 0.19509032), (0.9951847, -0.09801714, 1.2246469e-16), (0.97606254, -0.09613377, -0.19509032), (0.9194308, -0.09055603, -0.38268343), (0.82746583, -0.08149827, -0.55557024), (0.70370185, -0.06930859, -0.70710677), (0.552895, -0.054455407, -0.8314696), (0.38084072, -0.037509535, -0.9238795), (0.19415091, -0.019122196, -0.98078525), (1.8281247e-16, -1.8005457e-17, -1), (-0.19415091, 0.019122196, -0.98078525), (-0.38084072, 0.037509535, -0.9238795), (-0.552895, 0.054455407, -0.8314696), (-0.70370185, 0.06930859, -0.70710677), (-0.82746583, 0.08149827, -0.55557024), (-0.9194308, 0.09055603, -0.38268343), (-0.97606254, 0.09613377, -0.19509032), (-0.99879545, 0.049067676, 0), (-0.9796039, 0.048124854, 0.19509032), (-0.9227667, 0.04533262, 0.38268343), (-0.83046806, 0.04079828, 0.55557024), (-0.706255, 0.034696084, 0.70710677), (-0.554901, 0.02726054, 0.8314696), (-0.38222247, 0.018777385, 0.9238795), (-0.19485533, 0.009572628, 0.98078525), (-6.1158585e-17, 3.0045284e-18, 1), (0.19485533, -0.009572628, 0.98078525), (0.38222247, -0.018777385, 0.9238795), (0.554901, -0.02726054, 0.8314696), (0.706255, -0.034696084, 0.70710677), (0.83046806, -0.04079828, 0.55557024), (0.9227667, -0.04533262, 0.38268343), (0.9796039, -0.048124854, 0.19509032), (0.99879545, -0.049067676, 1.2246469e-16), (0.9796039, -0.048124854, -0.19509032), (0.9227667, -0.04533262, -0.38268343), (0.83046806, -0.04079828, -0.55557024), (0.706255, -0.034696084, -0.70710677), (0.554901, -0.02726054, -0.8314696), (0.38222247, -0.018777385, -0.9238795), (0.19485533, -0.009572628, -0.98078525), (1.8347575e-16, -9.013585e-18, -1), (-0.19485533, 0.009572628, -0.98078525), (-0.38222247, 0.018777385, -0.9238795), (-0.554901, 0.02726054, -0.8314696), (-0.706255, 0.034696084, -0.70710677), (-0.83046806, 0.04079828, -0.55557024), (-0.9227667, 0.04533262, -0.38268343), (-0.9796039, 0.048124854, -0.19509032), (-1, 1.2246469e-16, 0), (-0.98078525, 1.2011156e-16, 0.19509032), (-0.9238795, 1.1314261e-16, 0.38268343), (-0.8314696, 1.0182566e-16, 0.55557024), (-0.70710677, 8.6595606e-17, 0.70710677), (-0.55557024, 6.803773e-17, 0.8314696), (-0.38268343, 4.6865205e-17, 0.9238795), (-0.19509032, 2.3891674e-17, 0.98078525), (-6.123234e-17, 7.498799e-33, 1), (0.19509032, -2.3891674e-17, 0.98078525), (0.38268343, -4.6865205e-17, 0.9238795), (0.55557024, -6.803773e-17, 0.8314696), (0.70710677, -8.6595606e-17, 0.70710677), (0.8314696, -1.0182566e-16, 0.55557024), (0.9238795, -1.1314261e-16, 0.38268343), (0.98078525, -1.2011156e-16, 0.19509032), (1, -1.2246469e-16, 1.2246469e-16), (0.98078525, -1.2011156e-16, -0.19509032), (0.9238795, -1.1314261e-16, -0.38268343), (0.8314696, -1.0182566e-16, -0.55557024), (0.70710677, -8.6595606e-17, -0.70710677), (0.55557024, -6.803773e-17, -0.8314696), (0.38268343, -4.6865205e-17, -0.9238795), (0.19509032, -2.3891674e-17, -0.98078525), (1.8369701e-16, -2.2496396e-32, -1), (-0.19509032, 2.3891674e-17, -0.98078525), (-0.38268343, 4.6865205e-17, -0.9238795), (-0.55557024, 6.803773e-17, -0.8314696), (-0.70710677, 8.6595606e-17, -0.70710677), (-0.8314696, 1.0182566e-16, -0.55557024), (-0.9238795, 1.1314261e-16, -0.38268343), (-0.98078525, 1.2011156e-16, -0.19509032), (-0.99879545, -0.049067676, 0), (-0.9796039, -0.048124854, 0.19509032), (-0.9227667, -0.04533262, 0.38268343), (-0.83046806, -0.04079828, 0.55557024), (-0.706255, -0.034696084, 0.70710677), (-0.554901, -0.02726054, 0.8314696), (-0.38222247, -0.018777385, 0.9238795), (-0.19485533, -0.009572628, 0.98078525), (-6.1158585e-17, -3.0045284e-18, 1), (0.19485533, 0.009572628, 0.98078525), (0.38222247, 0.018777385, 0.9238795), (0.554901, 0.02726054, 0.8314696), (0.706255, 0.034696084, 0.70710677), (0.83046806, 0.04079828, 0.55557024), (0.9227667, 0.04533262, 0.38268343), (0.9796039, 0.048124854, 0.19509032), (0.99879545, 0.049067676, 1.2246469e-16), (0.9796039, 0.048124854, -0.19509032), (0.9227667, 0.04533262, -0.38268343), (0.83046806, 0.04079828, -0.55557024), (0.706255, 0.034696084, -0.70710677), (0.554901, 0.02726054, -0.8314696), (0.38222247, 0.018777385, -0.9238795), (0.19485533, 0.009572628, -0.98078525), (1.8347575e-16, 9.013585e-18, -1), (-0.19485533, -0.009572628, -0.98078525), (-0.38222247, -0.018777385, -0.9238795), (-0.554901, -0.02726054, -0.8314696), (-0.706255, -0.034696084, -0.70710677), (-0.83046806, -0.04079828, -0.55557024), (-0.9227667, -0.04533262, -0.38268343), (-0.9796039, -0.048124854, -0.19509032), (-0.9951847, -0.09801714, 0), (-0.97606254, -0.09613377, 0.19509032), (-0.9194308, -0.09055603, 0.38268343), (-0.82746583, -0.08149827, 0.55557024), (-0.70370185, -0.06930859, 0.70710677), (-0.552895, -0.054455407, 0.8314696), (-0.38084072, -0.037509535, 0.9238795), (-0.19415091, -0.019122196, 0.98078525), (-6.093749e-17, -6.001819e-18, 1), (0.19415091, 0.019122196, 0.98078525), (0.38084072, 0.037509535, 0.9238795), (0.552895, 0.054455407, 0.8314696), (0.70370185, 0.06930859, 0.70710677), (0.82746583, 0.08149827, 0.55557024), (0.9194308, 0.09055603, 0.38268343), (0.97606254, 0.09613377, 0.19509032), (0.9951847, 0.09801714, 1.2246469e-16), (0.97606254, 0.09613377, -0.19509032), (0.9194308, 0.09055603, -0.38268343), (0.82746583, 0.08149827, -0.55557024), (0.70370185, 0.06930859, -0.70710677), (0.552895, 0.054455407, -0.8314696), (0.38084072, 0.037509535, -0.9238795), (0.19415091, 0.019122196, -0.98078525), (1.8281247e-16, 1.8005457e-17, -1), (-0.19415091, -0.019122196, -0.98078525), (-0.38084072, -0.037509535, -0.9238795), (-0.552895, -0.054455407, -0.8314696), (-0.70370185, -0.06930859, -0.70710677), (-0.82746583, -0.08149827, -0.55557024), (-0.9194308, -0.09055603, -0.38268343), (-0.97606254, -0.09613377, -0.19509032), (-0.9891765, -0.14673047, 0), (-0.9701698, -0.1439111, 0.19509032), (-0.91387993, -0.13556129, 0.38268343), (-0.8224702, -0.12200193, 0.55557024), (-0.6994534, -0.10375411, 0.70710677), (-0.54955703, -0.08151908, 0.8314696), (-0.37854147, -0.056151323, 0.9238795), (-0.19297877, -0.028625695, 0.98078525), (-6.056959e-17, -8.9846505e-18, 1), (0.19297877, 0.028625695, 0.98078525), (0.37854147, 0.056151323, 0.9238795), (0.54955703, 0.08151908, 0.8314696), (0.6994534, 0.10375411, 0.70710677), (0.8224702, 0.12200193, 0.55557024), (0.91387993, 0.13556129, 0.38268343), (0.9701698, 0.1439111, 0.19509032), (0.9891765, 0.14673047, 1.2246469e-16), (0.9701698, 0.1439111, -0.19509032), (0.91387993, 0.13556129, -0.38268343), (0.8224702, 0.12200193, -0.55557024), (0.6994534, 0.10375411, -0.70710677), (0.54955703, 0.08151908, -0.8314696), (0.37854147, 0.056151323, -0.9238795), (0.19297877, 0.028625695, -0.98078525), (1.8170878e-16, 2.6953952e-17, -1), (-0.19297877, -0.028625695, -0.98078525), (-0.37854147, -0.056151323, -0.9238795), (-0.54955703, -0.08151908, -0.8314696), (-0.6994534, -0.10375411, -0.70710677), (-0.8224702, -0.12200193, -0.55557024), (-0.91387993, -0.13556129, -0.38268343), (-0.9701698, -0.1439111, -0.19509032), (-0.98078525, -0.19509032, 0), (-0.96193975, -0.19134171, 0.19509032), (-0.90612745, -0.18023996, 0.38268343), (-0.81549317, -0.16221167, 0.55557024), (-0.69351995, -0.13794969, 0.70710677), (-0.5448951, -0.108386375, 0.8314696), (-0.37533027, -0.074657835, 0.9238795), (-0.19134171, -0.038060233, 0.98078525), (-6.005578e-17, -1.1945837e-17, 1), (0.19134171, 0.038060233, 0.98078525), (0.37533027, 0.074657835, 0.9238795), (0.5448951, 0.108386375, 0.8314696), (0.69351995, 0.13794969, 0.70710677), (0.81549317, 0.16221167, 0.55557024), (0.90612745, 0.18023996, 0.38268343), (0.96193975, 0.19134171, 0.19509032), (0.98078525, 0.19509032, 1.2246469e-16), (0.96193975, 0.19134171, -0.19509032), (0.90612745, 0.18023996, -0.38268343), (0.81549317, 0.16221167, -0.55557024), (0.69351995, 0.13794969, -0.70710677), (0.5448951, 0.108386375, -0.8314696), (0.37533027, 0.074657835, -0.9238795), (0.19134171, 0.038060233, -0.98078525), (1.8016734e-16, 3.583751e-17, -1), (-0.19134171, -0.038060233, -0.98078525), (-0.37533027, -0.074657835, -0.9238795), (-0.5448951, -0.108386375, -0.8314696), (-0.69351995, -0.13794969, -0.70710677), (-0.81549317, -0.16221167, -0.55557024), (-0.90612745, -0.18023996, -0.38268343), (-0.96193975, -0.19134171, -0.19509032), (-0.97003126, -0.24298018, 0), (-0.95139235, -0.23831138, 0.19509032), (-0.896192, -0.22448441, 0.38268343), (-0.8065515, -0.20203063, 0.55557024), (-0.68591565, -0.17181294, 0.70710677), (-0.53892046, -0.13499255, 0.8314696), (-0.3712149, -0.09298449, 0.9238795), (-0.1892437, -0.047403082, 0.98078525), (-5.9397285e-17, -1.4878245e-17, 1), (0.1892437, 0.047403082, 0.98078525), (0.3712149, 0.09298449, 0.9238795), (0.53892046, 0.13499255, 0.8314696), (0.68591565, 0.17181294, 0.70710677), (0.8065515, 0.20203063, 0.55557024), (0.896192, 0.22448441, 0.38268343), (0.95139235, 0.23831138, 0.19509032), (0.97003126, 0.24298018, 1.2246469e-16), (0.95139235, 0.23831138, -0.19509032), (0.896192, 0.22448441, -0.38268343), (0.8065515, 0.20203063, -0.55557024), (0.68591565, 0.17181294, -0.70710677), (0.53892046, 0.13499255, -0.8314696), (0.3712149, 0.09298449, -0.9238795), (0.1892437, 0.047403082, -0.98078525), (1.7819186e-16, 4.4634735e-17, -1), (-0.1892437, -0.047403082, -0.98078525), (-0.3712149, -0.09298449, -0.9238795), (-0.53892046, -0.13499255, -0.8314696), (-0.68591565, -0.17181294, -0.70710677), (-0.8065515, -0.20203063, -0.55557024), (-0.896192, -0.22448441, -0.38268343), (-0.95139235, -0.23831138, -0.19509032), (-0.95694035, -0.29028466, 0), (-0.938553, -0.28470695, 0.19509032), (-0.8840976, -0.26818806, 0.38268343), (-0.7956668, -0.24136288, 0.55557024), (-0.676659, -0.20526226, 0.70710677), (-0.53164756, -0.16127352, 0.8314696), (-0.36620522, -0.111087136, 0.9238795), (-0.1866898, -0.056631733, 0.98078525), (-5.8595695e-17, -1.777481e-17, 1), (0.1866898, 0.056631733, 0.98078525), (0.36620522, 0.111087136, 0.9238795), (0.53164756, 0.16127352, 0.8314696), (0.676659, 0.20526226, 0.70710677), (0.7956668, 0.24136288, 0.55557024), (0.8840976, 0.26818806, 0.38268343), (0.938553, 0.28470695, 0.19509032), (0.95694035, 0.29028466, 1.2246469e-16), (0.938553, 0.28470695, -0.19509032), (0.8840976, 0.26818806, -0.38268343), (0.7956668, 0.24136288, -0.55557024), (0.676659, 0.20526226, -0.70710677), (0.53164756, 0.16127352, -0.8314696), (0.36620522, 0.111087136, -0.9238795), (0.1866898, 0.056631733, -0.98078525), (1.7578709e-16, 5.332443e-17, -1), (-0.1866898, -0.056631733, -0.98078525), (-0.36620522, -0.111087136, -0.9238795), (-0.53164756, -0.16127352, -0.8314696), (-0.676659, -0.20526226, -0.70710677), (-0.7956668, -0.24136288, -0.55557024), (-0.8840976, -0.26818806, -0.38268343), (-0.938553, -0.28470695, -0.19509032), (-0.94154406, -0.33688986, 0), (-0.92345256, -0.33041662, 0.19509032), (-0.8698733, -0.31124565, 0.38268343), (-0.7828653, -0.28011367, 0.55557024), (-0.6657722, -0.2382171, 0.70710677), (-0.5230939, -0.18716598, 0.8314696), (-0.36031333, -0.12892216, 0.9238795), (-0.18368614, -0.06572395, 0.98078525), (-5.765295e-17, -2.0628554e-17, 1), (0.18368614, 0.06572395, 0.98078525), (0.36031333, 0.12892216, 0.9238795), (0.5230939, 0.18716598, 0.8314696), (0.6657722, 0.2382171, 0.70710677), (0.7828653, 0.28011367, 0.55557024), (0.8698733, 0.31124565, 0.38268343), (0.92345256, 0.33041662, 0.19509032), (0.94154406, 0.33688986, 1.2246469e-16), (0.92345256, 0.33041662, -0.19509032), (0.8698733, 0.31124565, -0.38268343), (0.7828653, 0.28011367, -0.55557024), (0.6657722, 0.2382171, -0.70710677), (0.5230939, 0.18716598, -0.8314696), (0.36031333, 0.12892216, -0.9238795), (0.18368614, 0.06572395, -0.98078525), (1.7295883e-16, 6.188566e-17, -1), (-0.18368614, -0.06572395, -0.98078525), (-0.36031333, -0.12892216, -0.9238795), (-0.5230939, -0.18716598, -0.8314696), (-0.6657722, -0.2382171, -0.70710677), (-0.7828653, -0.28011367, -0.55557024), (-0.8698733, -0.31124565, -0.38268343), (-0.92345256, -0.33041662, -0.19509032), (-0.9238795, -0.38268343, 0), (-0.90612745, -0.37533027, 0.19509032), (-0.8535534, -0.35355338, 0.38268343), (-0.76817775, -0.31818965, 0.55557024), (-0.6532815, -0.27059805, 0.70710677), (-0.51328, -0.21260752, 0.8314696), (-0.35355338, -0.14644662, 0.9238795), (-0.18023996, -0.074657835, 0.98078525), (-5.6571306e-17, -2.3432602e-17, 1), (0.18023996, 0.074657835, 0.98078525), (0.35355338, 0.14644662, 0.9238795), (0.51328, 0.21260752, 0.8314696), (0.6532815, 0.27059805, 0.70710677), (0.76817775, 0.31818965, 0.55557024), (0.8535534, 0.35355338, 0.38268343), (0.90612745, 0.37533027, 0.19509032), (0.9238795, 0.38268343, 1.2246469e-16), (0.90612745, 0.37533027, -0.19509032), (0.8535534, 0.35355338, -0.38268343), (0.76817775, 0.31818965, -0.55557024), (0.6532815, 0.27059805, -0.70710677), (0.51328, 0.21260752, -0.8314696), (0.35355338, 0.14644662, -0.9238795), (0.18023996, 0.074657835, -0.98078525), (1.6971392e-16, 7.0297805e-17, -1), (-0.18023996, -0.074657835, -0.98078525), (-0.35355338, -0.14644662, -0.9238795), (-0.51328, -0.21260752, -0.8314696), (-0.6532815, -0.27059805, -0.70710677), (-0.76817775, -0.31818965, -0.55557024), (-0.8535534, -0.35355338, -0.38268343), (-0.90612745, -0.37533027, -0.19509032), (-0.9039893, -0.42755508, 0), (-0.8866194, -0.41933975, 0.19509032), (-0.8351772, -0.3950094, 0.38268343), (-0.7516396, -0.35549906, 0.55557024), (-0.63921696, -0.3023271, 0.70710677), (-0.5022296, -0.23753688, 0.8314696), (-0.34594172, -0.16361825, 0.9238795), (-0.17635956, -0.08341186, 0.98078525), (-5.5353378e-17, -2.6180199e-17, 1), (0.17635956, 0.08341186, 0.98078525), (0.34594172, 0.16361825, 0.9238795), (0.5022296, 0.23753688, 0.8314696), (0.63921696, 0.3023271, 0.70710677), (0.7516396, 0.35549906, 0.55557024), (0.8351772, 0.3950094, 0.38268343), (0.8866194, 0.41933975, 0.19509032), (0.9039893, 0.42755508, 1.2246469e-16), (0.8866194, 0.41933975, -0.19509032), (0.8351772, 0.3950094, -0.38268343), (0.7516396, 0.35549906, -0.55557024), (0.63921696, 0.3023271, -0.70710677), (0.5022296, 0.23753688, -0.8314696), (0.34594172, 0.16361825, -0.9238795), (0.17635956, 0.08341186, -0.98078525), (1.6606013e-16, 7.8540594e-17, -1), (-0.17635956, -0.08341186, -0.98078525), (-0.34594172, -0.16361825, -0.9238795), (-0.5022296, -0.23753688, -0.8314696), (-0.63921696, -0.3023271, -0.70710677), (-0.7516396, -0.35549906, -0.55557024), (-0.8351772, -0.3950094, -0.38268343), (-0.8866194, -0.41933975, -0.19509032), (-0.8819213, -0.47139674, 0), (-0.8649754, -0.46233898, 0.19509032), (-0.814789, -0.4355138, 0.38268343), (-0.73329073, -0.39195207, 0.55557024), (-0.6236125, -0.33332783, 0.70710677), (-0.4899692, -0.261894, 0.8314696), (-0.33749667, -0.18039572, 0.9238795), (-0.1720543, -0.09196494, 0.98078525), (-5.4002102e-17, -2.8864726e-17, 1), (0.1720543, 0.09196494, 0.98078525), (0.33749667, 0.18039572, 0.9238795), (0.4899692, 0.261894, 0.8314696), (0.6236125, 0.33332783, 0.70710677), (0.73329073, 0.39195207, 0.55557024), (0.814789, 0.4355138, 0.38268343), (0.8649754, 0.46233898, 0.19509032), (0.8819213, 0.47139674, 1.2246469e-16), (0.8649754, 0.46233898, -0.19509032), (0.814789, 0.4355138, -0.38268343), (0.73329073, 0.39195207, -0.55557024), (0.6236125, 0.33332783, -0.70710677), (0.4899692, 0.261894, -0.8314696), (0.33749667, 0.18039572, -0.9238795), (0.1720543, 0.09196494, -0.98078525), (1.6200631e-16, 8.6594177e-17, -1), (-0.1720543, -0.09196494, -0.98078525), (-0.33749667, -0.18039572, -0.9238795), (-0.4899692, -0.261894, -0.8314696), (-0.6236125, -0.33332783, -0.70710677), (-0.73329073, -0.39195207, -0.55557024), (-0.814789, -0.4355138, -0.38268343), (-0.8649754, -0.46233898, -0.19509032), (-0.8577286, -0.51410276, 0), (-0.8412476, -0.5042244, 0.19509032), (-0.7924379, -0.474969, 0.38268343), (-0.7131753, -0.42746082, 0.55557024), (-0.6065057, -0.36352554, 0.70710677), (-0.4765285, -0.28562018, 0.8314696), (-0.32823852, -0.1967386, 0.9238795), (-0.16733456, -0.10029647, 0.98078525), (-5.252073e-17, -3.1479715e-17, 1), (0.16733456, 0.10029647, 0.98078525), (0.32823852, 0.1967386, 0.9238795), (0.4765285, 0.28562018, 0.8314696), (0.6065057, 0.36352554, 0.70710677), (0.7131753, 0.42746082, 0.55557024), (0.7924379, 0.474969, 0.38268343), (0.8412476, 0.5042244, 0.19509032), (0.8577286, 0.51410276, 1.2246469e-16), (0.8412476, 0.5042244, -0.19509032), (0.7924379, 0.474969, -0.38268343), (0.7131753, 0.42746082, -0.55557024), (0.6065057, 0.36352554, -0.70710677), (0.4765285, 0.28562018, -0.8314696), (0.32823852, 0.1967386, -0.9238795), (0.16733456, 0.10029647, -0.98078525), (1.5756218e-16, 9.4439144e-17, -1), (-0.16733456, -0.10029647, -0.98078525), (-0.32823852, -0.1967386, -0.9238795), (-0.4765285, -0.28562018, -0.8314696), (-0.6065057, -0.36352554, -0.70710677), (-0.7131753, -0.42746082, -0.55557024), (-0.7924379, -0.474969, -0.38268343), (-0.8412476, -0.5042244, -0.19509032), (-0.8314696, -0.55557024, 0), (-0.81549317, -0.5448951, 0.19509032), (-0.76817775, -0.51328, 0.38268343), (-0.6913417, -0.46193975, 0.55557024), (-0.5879378, -0.39284748, 0.70710677), (-0.46193975, -0.30865827, 0.8314696), (-0.31818965, -0.21260752, 0.9238795), (-0.16221167, -0.108386375, 0.98078525), (-5.091283e-17, -3.4018865e-17, 1), (0.16221167, 0.108386375, 0.98078525), (0.31818965, 0.21260752, 0.9238795), (0.46193975, 0.30865827, 0.8314696), (0.5879378, 0.39284748, 0.70710677), (0.6913417, 0.46193975, 0.55557024), (0.76817775, 0.51328, 0.38268343), (0.81549317, 0.5448951, 0.19509032), (0.8314696, 0.55557024, 1.2246469e-16), (0.81549317, 0.5448951, -0.19509032), (0.76817775, 0.51328, -0.38268343), (0.6913417, 0.46193975, -0.55557024), (0.5879378, 0.39284748, -0.70710677), (0.46193975, 0.30865827, -0.8314696), (0.31818965, 0.21260752, -0.9238795), (0.16221167, 0.108386375, -0.98078525), (1.5273849e-16, 1.020566e-16, -1), (-0.16221167, -0.108386375, -0.98078525), (-0.31818965, -0.21260752, -0.9238795), (-0.46193975, -0.30865827, -0.8314696), (-0.5879378, -0.39284748, -0.70710677), (-0.6913417, -0.46193975, -0.55557024), (-0.76817775, -0.51328, -0.38268343), (-0.81549317, -0.5448951, -0.19509032), (-0.8032075, -0.5956993, 0), (-0.78777415, -0.58425313, 0.19509032), (-0.742067, -0.5503544, 0.38268343), (-0.6678426, -0.49530587, 0.55557024), (-0.56795347, -0.421223, 0.70710677), (-0.4462382, -0.3309528, 0.8314696), (-0.3073742, -0.22796425, 0.9238795), (-0.15669802, -0.11621517, 0.98078525), (-4.9182277e-17, -3.647606e-17, 1), (0.15669802, 0.11621517, 0.98078525), (0.3073742, 0.22796425, 0.9238795), (0.4462382, 0.3309528, 0.8314696), (0.56795347, 0.421223, 0.70710677), (0.6678426, 0.49530587, 0.55557024), (0.742067, 0.5503544, 0.38268343), (0.78777415, 0.58425313, 0.19509032), (0.8032075, 0.5956993, 1.2246469e-16), (0.78777415, 0.58425313, -0.19509032), (0.742067, 0.5503544, -0.38268343), (0.6678426, 0.49530587, -0.55557024), (0.56795347, 0.421223, -0.70710677), (0.4462382, 0.3309528, -0.8314696), (0.3073742, 0.22796425, -0.9238795), (0.15669802, 0.11621517, -0.98078525), (1.4754683e-16, 1.09428186e-16, -1), (-0.15669802, -0.11621517, -0.98078525), (-0.3073742, -0.22796425, -0.9238795), (-0.4462382, -0.3309528, -0.8314696), (-0.56795347, -0.421223, -0.70710677), (-0.6678426, -0.49530587, -0.55557024), (-0.742067, -0.5503544, -0.38268343), (-0.78777415, -0.58425313, -0.19509032), (-0.77301043, -0.6343933, 0), (-0.75815725, -0.6222036, 0.19509032), (-0.71416855, -0.58610296, 0.38268343), (-0.6427347, -0.52747875, 0.55557024), (-0.54660094, -0.44858378, 0.70710677), (-0.4294616, -0.35245, 0.8314696), (-0.2958183, -0.2427718, 0.9238795), (-0.15080686, -0.12376399, 0.98078525), (-4.733324e-17, -3.8845384e-17, 1), (0.15080686, 0.12376399, 0.98078525), (0.2958183, 0.2427718, 0.9238795), (0.4294616, 0.35245, 0.8314696), (0.54660094, 0.44858378, 0.70710677), (0.6427347, 0.52747875, 0.55557024), (0.71416855, 0.58610296, 0.38268343), (0.75815725, 0.6222036, 0.19509032), (0.77301043, 0.6343933, 1.2246469e-16), (0.75815725, 0.6222036, -0.19509032), (0.71416855, 0.58610296, -0.38268343), (0.6427347, 0.52747875, -0.55557024), (0.54660094, 0.44858378, -0.70710677), (0.4294616, 0.35245, -0.8314696), (0.2958183, 0.2427718, -0.9238795), (0.15080686, 0.12376399, -0.98078525), (1.4199971e-16, 1.1653616e-16, -1), (-0.15080686, -0.12376399, -0.98078525), (-0.2958183, -0.2427718, -0.9238795), (-0.4294616, -0.35245, -0.8314696), (-0.54660094, -0.44858378, -0.70710677), (-0.6427347, -0.52747875, -0.55557024), (-0.71416855, -0.58610296, -0.38268343), (-0.75815725, -0.6222036, -0.19509032), (-0.7409511, -0.671559, 0), (-0.72671396, -0.65865517, 0.19509032), (-0.68454957, -0.6204396, 0.38268343), (-0.6160783, -0.55838084, 0.55557024), (-0.52393156, -0.4748639, 0.70710677), (-0.4116504, -0.37309816, 0.8314696), (-0.28354973, -0.2569945, 0.9238795), (-0.1445524, -0.13101466, 0.98078525), (-4.5370172e-17, -4.1121127e-17, 1), (0.1445524, 0.13101466, 0.98078525), (0.28354973, 0.2569945, 0.9238795), (0.4116504, 0.37309816, 0.8314696), (0.52393156, 0.4748639, 0.70710677), (0.6160783, 0.55838084, 0.55557024), (0.68454957, 0.6204396, 0.38268343), (0.72671396, 0.65865517, 0.19509032), (0.7409511, 0.671559, 1.2246469e-16), (0.72671396, 0.65865517, -0.19509032), (0.68454957, 0.6204396, -0.38268343), (0.6160783, 0.55838084, -0.55557024), (0.52393156, 0.4748639, -0.70710677), (0.4116504, 0.37309816, -0.8314696), (0.28354973, 0.2569945, -0.9238795), (0.1445524, 0.13101466, -0.98078525), (1.3611052e-16, 1.2336337e-16, -1), (-0.1445524, -0.13101466, -0.98078525), (-0.28354973, -0.2569945, -0.9238795), (-0.4116504, -0.37309816, -0.8314696), (-0.52393156, -0.4748639, -0.70710677), (-0.6160783, -0.55838084, -0.55557024), (-0.68454957, -0.6204396, -0.38268343), (-0.72671396, -0.65865517, -0.19509032), (-0.70710677, -0.70710677, 0), (-0.69351995, -0.69351995, 0.19509032), (-0.6532815, -0.6532815, 0.38268343), (-0.5879378, -0.5879378, 0.55557024), (-0.5, -0.5, 0.70710677), (-0.39284748, -0.39284748, 0.8314696), (-0.27059805, -0.27059805, 0.9238795), (-0.13794969, -0.13794969, 0.98078525), (-4.3297803e-17, -4.3297803e-17, 1), (0.13794969, 0.13794969, 0.98078525), (0.27059805, 0.27059805, 0.9238795), (0.39284748, 0.39284748, 0.8314696), (0.5, 0.5, 0.70710677), (0.5879378, 0.5879378, 0.55557024), (0.6532815, 0.6532815, 0.38268343), (0.69351995, 0.69351995, 0.19509032), (0.70710677, 0.70710677, 1.2246469e-16), (0.69351995, 0.69351995, -0.19509032), (0.6532815, 0.6532815, -0.38268343), (0.5879378, 0.5879378, -0.55557024), (0.5, 0.5, -0.70710677), (0.39284748, 0.39284748, -0.8314696), (0.27059805, 0.27059805, -0.9238795), (0.13794969, 0.13794969, -0.98078525), (1.298934e-16, 1.298934e-16, -1), (-0.13794969, -0.13794969, -0.98078525), (-0.27059805, -0.27059805, -0.9238795), (-0.39284748, -0.39284748, -0.8314696), (-0.5, -0.5, -0.70710677), (-0.5879378, -0.5879378, -0.55557024), (-0.6532815, -0.6532815, -0.38268343), (-0.69351995, -0.69351995, -0.19509032), (-0.671559, -0.7409511, 0), (-0.65865517, -0.72671396, 0.19509032), (-0.6204396, -0.68454957, 0.38268343), (-0.55838084, -0.6160783, 0.55557024), (-0.4748639, -0.52393156, 0.70710677), (-0.37309816, -0.4116504, 0.8314696), (-0.2569945, -0.28354973, 0.9238795), (-0.13101466, -0.1445524, 0.98078525), (-4.1121127e-17, -4.5370172e-17, 1), (0.13101466, 0.1445524, 0.98078525), (0.2569945, 0.28354973, 0.9238795), (0.37309816, 0.4116504, 0.8314696), (0.4748639, 0.52393156, 0.70710677), (0.55838084, 0.6160783, 0.55557024), (0.6204396, 0.68454957, 0.38268343), (0.65865517, 0.72671396, 0.19509032), (0.671559, 0.7409511, 1.2246469e-16), (0.65865517, 0.72671396, -0.19509032), (0.6204396, 0.68454957, -0.38268343), (0.55838084, 0.6160783, -0.55557024), (0.4748639, 0.52393156, -0.70710677), (0.37309816, 0.4116504, -0.8314696), (0.2569945, 0.28354973, -0.9238795), (0.13101466, 0.1445524, -0.98078525), (1.2336337e-16, 1.3611052e-16, -1), (-0.13101466, -0.1445524, -0.98078525), (-0.2569945, -0.28354973, -0.9238795), (-0.37309816, -0.4116504, -0.8314696), (-0.4748639, -0.52393156, -0.70710677), (-0.55838084, -0.6160783, -0.55557024), (-0.6204396, -0.68454957, -0.38268343), (-0.65865517, -0.72671396, -0.19509032), (-0.6343933, -0.77301043, 0), (-0.6222036, -0.75815725, 0.19509032), (-0.58610296, -0.71416855, 0.38268343), (-0.52747875, -0.6427347, 0.55557024), (-0.44858378, -0.54660094, 0.70710677), (-0.35245, -0.4294616, 0.8314696), (-0.2427718, -0.2958183, 0.9238795), (-0.12376399, -0.15080686, 0.98078525), (-3.8845384e-17, -4.733324e-17, 1), (0.12376399, 0.15080686, 0.98078525), (0.2427718, 0.2958183, 0.9238795), (0.35245, 0.4294616, 0.8314696), (0.44858378, 0.54660094, 0.70710677), (0.52747875, 0.6427347, 0.55557024), (0.58610296, 0.71416855, 0.38268343), (0.6222036, 0.75815725, 0.19509032), (0.6343933, 0.77301043, 1.2246469e-16), (0.6222036, 0.75815725, -0.19509032), (0.58610296, 0.71416855, -0.38268343), (0.52747875, 0.6427347, -0.55557024), (0.44858378, 0.54660094, -0.70710677), (0.35245, 0.4294616, -0.8314696), (0.2427718, 0.2958183, -0.9238795), (0.12376399, 0.15080686, -0.98078525), (1.1653616e-16, 1.4199971e-16, -1), (-0.12376399, -0.15080686, -0.98078525), (-0.2427718, -0.2958183, -0.9238795), (-0.35245, -0.4294616, -0.8314696), (-0.44858378, -0.54660094, -0.70710677), (-0.52747875, -0.6427347, -0.55557024), (-0.58610296, -0.71416855, -0.38268343), (-0.6222036, -0.75815725, -0.19509032), (-0.5956993, -0.8032075, 0), (-0.58425313, -0.78777415, 0.19509032), (-0.5503544, -0.742067, 0.38268343), (-0.49530587, -0.6678426, 0.55557024), (-0.421223, -0.56795347, 0.70710677), (-0.3309528, -0.4462382, 0.8314696), (-0.22796425, -0.3073742, 0.9238795), (-0.11621517, -0.15669802, 0.98078525), (-3.647606e-17, -4.9182277e-17, 1), (0.11621517, 0.15669802, 0.98078525), (0.22796425, 0.3073742, 0.9238795), (0.3309528, 0.4462382, 0.8314696), (0.421223, 0.56795347, 0.70710677), (0.49530587, 0.6678426, 0.55557024), (0.5503544, 0.742067, 0.38268343), (0.58425313, 0.78777415, 0.19509032), (0.5956993, 0.8032075, 1.2246469e-16), (0.58425313, 0.78777415, -0.19509032), (0.5503544, 0.742067, -0.38268343), (0.49530587, 0.6678426, -0.55557024), (0.421223, 0.56795347, -0.70710677), (0.3309528, 0.4462382, -0.8314696), (0.22796425, 0.3073742, -0.9238795), (0.11621517, 0.15669802, -0.98078525), (1.09428186e-16, 1.4754683e-16, -1), (-0.11621517, -0.15669802, -0.98078525), (-0.22796425, -0.3073742, -0.9238795), (-0.3309528, -0.4462382, -0.8314696), (-0.421223, -0.56795347, -0.70710677), (-0.49530587, -0.6678426, -0.55557024), (-0.5503544, -0.742067, -0.38268343), (-0.58425313, -0.78777415, -0.19509032), (-0.55557024, -0.8314696, 0), (-0.5448951, -0.81549317, 0.19509032), (-0.51328, -0.76817775, 0.38268343), (-0.46193975, -0.6913417, 0.55557024), (-0.39284748, -0.5879378, 0.70710677), (-0.30865827, -0.46193975, 0.8314696), (-0.21260752, -0.31818965, 0.9238795), (-0.108386375, -0.16221167, 0.98078525), (-3.4018865e-17, -5.091283e-17, 1), (0.108386375, 0.16221167, 0.98078525), (0.21260752, 0.31818965, 0.9238795), (0.30865827, 0.46193975, 0.8314696), (0.39284748, 0.5879378, 0.70710677), (0.46193975, 0.6913417, 0.55557024), (0.51328, 0.76817775, 0.38268343), (0.5448951, 0.81549317, 0.19509032), (0.55557024, 0.8314696, 1.2246469e-16), (0.5448951, 0.81549317, -0.19509032), (0.51328, 0.76817775, -0.38268343), (0.46193975, 0.6913417, -0.55557024), (0.39284748, 0.5879378, -0.70710677), (0.30865827, 0.46193975, -0.8314696), (0.21260752, 0.31818965, -0.9238795), (0.108386375, 0.16221167, -0.98078525), (1.020566e-16, 1.5273849e-16, -1), (-0.108386375, -0.16221167, -0.98078525), (-0.21260752, -0.31818965, -0.9238795), (-0.30865827, -0.46193975, -0.8314696), (-0.39284748, -0.5879378, -0.70710677), (-0.46193975, -0.6913417, -0.55557024), (-0.51328, -0.76817775, -0.38268343), (-0.5448951, -0.81549317, -0.19509032), (-0.51410276, -0.8577286, 0), (-0.5042244, -0.8412476, 0.19509032), (-0.474969, -0.7924379, 0.38268343), (-0.42746082, -0.7131753, 0.55557024), (-0.36352554, -0.6065057, 0.70710677), (-0.28562018, -0.4765285, 0.8314696), (-0.1967386, -0.32823852, 0.9238795), (-0.10029647, -0.16733456, 0.98078525), (-3.1479715e-17, -5.252073e-17, 1), (0.10029647, 0.16733456, 0.98078525), (0.1967386, 0.32823852, 0.9238795), (0.28562018, 0.4765285, 0.8314696), (0.36352554, 0.6065057, 0.70710677), (0.42746082, 0.7131753, 0.55557024), (0.474969, 0.7924379, 0.38268343), (0.5042244, 0.8412476, 0.19509032), (0.51410276, 0.8577286, 1.2246469e-16), (0.5042244, 0.8412476, -0.19509032), (0.474969, 0.7924379, -0.38268343), (0.42746082, 0.7131753, -0.55557024), (0.36352554, 0.6065057, -0.70710677), (0.28562018, 0.4765285, -0.8314696), (0.1967386, 0.32823852, -0.9238795), (0.10029647, 0.16733456, -0.98078525), (9.4439144e-17, 1.5756218e-16, -1), (-0.10029647, -0.16733456, -0.98078525), (-0.1967386, -0.32823852, -0.9238795), (-0.28562018, -0.4765285, -0.8314696), (-0.36352554, -0.6065057, -0.70710677), (-0.42746082, -0.7131753, -0.55557024), (-0.474969, -0.7924379, -0.38268343), (-0.5042244, -0.8412476, -0.19509032), (-0.47139674, -0.8819213, 0), (-0.46233898, -0.8649754, 0.19509032), (-0.4355138, -0.814789, 0.38268343), (-0.39195207, -0.73329073, 0.55557024), (-0.33332783, -0.6236125, 0.70710677), (-0.261894, -0.4899692, 0.8314696), (-0.18039572, -0.33749667, 0.9238795), (-0.09196494, -0.1720543, 0.98078525), (-2.8864726e-17, -5.4002102e-17, 1), (0.09196494, 0.1720543, 0.98078525), (0.18039572, 0.33749667, 0.9238795), (0.261894, 0.4899692, 0.8314696), (0.33332783, 0.6236125, 0.70710677), (0.39195207, 0.73329073, 0.55557024), (0.4355138, 0.814789, 0.38268343), (0.46233898, 0.8649754, 0.19509032), (0.47139674, 0.8819213, 1.2246469e-16), (0.46233898, 0.8649754, -0.19509032), (0.4355138, 0.814789, -0.38268343), (0.39195207, 0.73329073, -0.55557024), (0.33332783, 0.6236125, -0.70710677), (0.261894, 0.4899692, -0.8314696), (0.18039572, 0.33749667, -0.9238795), (0.09196494, 0.1720543, -0.98078525), (8.6594177e-17, 1.6200631e-16, -1), (-0.09196494, -0.1720543, -0.98078525), (-0.18039572, -0.33749667, -0.9238795), (-0.261894, -0.4899692, -0.8314696), (-0.33332783, -0.6236125, -0.70710677), (-0.39195207, -0.73329073, -0.55557024), (-0.4355138, -0.814789, -0.38268343), (-0.46233898, -0.8649754, -0.19509032), (-0.42755508, -0.9039893, 0), (-0.41933975, -0.8866194, 0.19509032), (-0.3950094, -0.8351772, 0.38268343), (-0.35549906, -0.7516396, 0.55557024), (-0.3023271, -0.63921696, 0.70710677), (-0.23753688, -0.5022296, 0.8314696), (-0.16361825, -0.34594172, 0.9238795), (-0.08341186, -0.17635956, 0.98078525), (-2.6180199e-17, -5.5353378e-17, 1), (0.08341186, 0.17635956, 0.98078525), (0.16361825, 0.34594172, 0.9238795), (0.23753688, 0.5022296, 0.8314696), (0.3023271, 0.63921696, 0.70710677), (0.35549906, 0.7516396, 0.55557024), (0.3950094, 0.8351772, 0.38268343), (0.41933975, 0.8866194, 0.19509032), (0.42755508, 0.9039893, 1.2246469e-16), (0.41933975, 0.8866194, -0.19509032), (0.3950094, 0.8351772, -0.38268343), (0.35549906, 0.7516396, -0.55557024), (0.3023271, 0.63921696, -0.70710677), (0.23753688, 0.5022296, -0.8314696), (0.16361825, 0.34594172, -0.9238795), (0.08341186, 0.17635956, -0.98078525), (7.8540594e-17, 1.6606013e-16, -1), (-0.08341186, -0.17635956, -0.98078525), (-0.16361825, -0.34594172, -0.9238795), (-0.23753688, -0.5022296, -0.8314696), (-0.3023271, -0.63921696, -0.70710677), (-0.35549906, -0.7516396, -0.55557024), (-0.3950094, -0.8351772, -0.38268343), (-0.41933975, -0.8866194, -0.19509032), (-0.38268343, -0.9238795, 0), (-0.37533027, -0.90612745, 0.19509032), (-0.35355338, -0.8535534, 0.38268343), (-0.31818965, -0.76817775, 0.55557024), (-0.27059805, -0.6532815, 0.70710677), (-0.21260752, -0.51328, 0.8314696), (-0.14644662, -0.35355338, 0.9238795), (-0.074657835, -0.18023996, 0.98078525), (-2.3432602e-17, -5.6571306e-17, 1), (0.074657835, 0.18023996, 0.98078525), (0.14644662, 0.35355338, 0.9238795), (0.21260752, 0.51328, 0.8314696), (0.27059805, 0.6532815, 0.70710677), (0.31818965, 0.76817775, 0.55557024), (0.35355338, 0.8535534, 0.38268343), (0.37533027, 0.90612745, 0.19509032), (0.38268343, 0.9238795, 1.2246469e-16), (0.37533027, 0.90612745, -0.19509032), (0.35355338, 0.8535534, -0.38268343), (0.31818965, 0.76817775, -0.55557024), (0.27059805, 0.6532815, -0.70710677), (0.21260752, 0.51328, -0.8314696), (0.14644662, 0.35355338, -0.9238795), (0.074657835, 0.18023996, -0.98078525), (7.0297805e-17, 1.6971392e-16, -1), (-0.074657835, -0.18023996, -0.98078525), (-0.14644662, -0.35355338, -0.9238795), (-0.21260752, -0.51328, -0.8314696), (-0.27059805, -0.6532815, -0.70710677), (-0.31818965, -0.76817775, -0.55557024), (-0.35355338, -0.8535534, -0.38268343), (-0.37533027, -0.90612745, -0.19509032), (-0.33688986, -0.94154406, 0), (-0.33041662, -0.92345256, 0.19509032), (-0.31124565, -0.8698733, 0.38268343), (-0.28011367, -0.7828653, 0.55557024), (-0.2382171, -0.6657722, 0.70710677), (-0.18716598, -0.5230939, 0.8314696), (-0.12892216, -0.36031333, 0.9238795), (-0.06572395, -0.18368614, 0.98078525), (-2.0628554e-17, -5.765295e-17, 1), (0.06572395, 0.18368614, 0.98078525), (0.12892216, 0.36031333, 0.9238795), (0.18716598, 0.5230939, 0.8314696), (0.2382171, 0.6657722, 0.70710677), (0.28011367, 0.7828653, 0.55557024), (0.31124565, 0.8698733, 0.38268343), (0.33041662, 0.92345256, 0.19509032), (0.33688986, 0.94154406, 1.2246469e-16), (0.33041662, 0.92345256, -0.19509032), (0.31124565, 0.8698733, -0.38268343), (0.28011367, 0.7828653, -0.55557024), (0.2382171, 0.6657722, -0.70710677), (0.18716598, 0.5230939, -0.8314696), (0.12892216, 0.36031333, -0.9238795), (0.06572395, 0.18368614, -0.98078525), (6.188566e-17, 1.7295883e-16, -1), (-0.06572395, -0.18368614, -0.98078525), (-0.12892216, -0.36031333, -0.9238795), (-0.18716598, -0.5230939, -0.8314696), (-0.2382171, -0.6657722, -0.70710677), (-0.28011367, -0.7828653, -0.55557024), (-0.31124565, -0.8698733, -0.38268343), (-0.33041662, -0.92345256, -0.19509032), (-0.29028466, -0.95694035, 0), (-0.28470695, -0.938553, 0.19509032), (-0.26818806, -0.8840976, 0.38268343), (-0.24136288, -0.7956668, 0.55557024), (-0.20526226, -0.676659, 0.70710677), (-0.16127352, -0.53164756, 0.8314696), (-0.111087136, -0.36620522, 0.9238795), (-0.056631733, -0.1866898, 0.98078525), (-1.777481e-17, -5.8595695e-17, 1), (0.056631733, 0.1866898, 0.98078525), (0.111087136, 0.36620522, 0.9238795), (0.16127352, 0.53164756, 0.8314696), (0.20526226, 0.676659, 0.70710677), (0.24136288, 0.7956668, 0.55557024), (0.26818806, 0.8840976, 0.38268343), (0.28470695, 0.938553, 0.19509032), (0.29028466, 0.95694035, 1.2246469e-16), (0.28470695, 0.938553, -0.19509032), (0.26818806, 0.8840976, -0.38268343), (0.24136288, 0.7956668, -0.55557024), (0.20526226, 0.676659, -0.70710677), (0.16127352, 0.53164756, -0.8314696), (0.111087136, 0.36620522, -0.9238795), (0.056631733, 0.1866898, -0.98078525), (5.332443e-17, 1.7578709e-16, -1), (-0.056631733, -0.1866898, -0.98078525), (-0.111087136, -0.36620522, -0.9238795), (-0.16127352, -0.53164756, -0.8314696), (-0.20526226, -0.676659, -0.70710677), (-0.24136288, -0.7956668, -0.55557024), (-0.26818806, -0.8840976, -0.38268343), (-0.28470695, -0.938553, -0.19509032), (-0.24298018, -0.97003126, 0), (-0.23831138, -0.95139235, 0.19509032), (-0.22448441, -0.896192, 0.38268343), (-0.20203063, -0.8065515, 0.55557024), (-0.17181294, -0.68591565, 0.70710677), (-0.13499255, -0.53892046, 0.8314696), (-0.09298449, -0.3712149, 0.9238795), (-0.047403082, -0.1892437, 0.98078525), (-1.4878245e-17, -5.9397285e-17, 1), (0.047403082, 0.1892437, 0.98078525), (0.09298449, 0.3712149, 0.9238795), (0.13499255, 0.53892046, 0.8314696), (0.17181294, 0.68591565, 0.70710677), (0.20203063, 0.8065515, 0.55557024), (0.22448441, 0.896192, 0.38268343), (0.23831138, 0.95139235, 0.19509032), (0.24298018, 0.97003126, 1.2246469e-16), (0.23831138, 0.95139235, -0.19509032), (0.22448441, 0.896192, -0.38268343), (0.20203063, 0.8065515, -0.55557024), (0.17181294, 0.68591565, -0.70710677), (0.13499255, 0.53892046, -0.8314696), (0.09298449, 0.3712149, -0.9238795), (0.047403082, 0.1892437, -0.98078525), (4.4634735e-17, 1.7819186e-16, -1), (-0.047403082, -0.1892437, -0.98078525), (-0.09298449, -0.3712149, -0.9238795), (-0.13499255, -0.53892046, -0.8314696), (-0.17181294, -0.68591565, -0.70710677), (-0.20203063, -0.8065515, -0.55557024), (-0.22448441, -0.896192, -0.38268343), (-0.23831138, -0.95139235, -0.19509032), (-0.19509032, -0.98078525, 0), (-0.19134171, -0.96193975, 0.19509032), (-0.18023996, -0.90612745, 0.38268343), (-0.16221167, -0.81549317, 0.55557024), (-0.13794969, -0.69351995, 0.70710677), (-0.108386375, -0.5448951, 0.8314696), (-0.074657835, -0.37533027, 0.9238795), (-0.038060233, -0.19134171, 0.98078525), (-1.1945837e-17, -6.005578e-17, 1), (0.038060233, 0.19134171, 0.98078525), (0.074657835, 0.37533027, 0.9238795), (0.108386375, 0.5448951, 0.8314696), (0.13794969, 0.69351995, 0.70710677), (0.16221167, 0.81549317, 0.55557024), (0.18023996, 0.90612745, 0.38268343), (0.19134171, 0.96193975, 0.19509032), (0.19509032, 0.98078525, 1.2246469e-16), (0.19134171, 0.96193975, -0.19509032), (0.18023996, 0.90612745, -0.38268343), (0.16221167, 0.81549317, -0.55557024), (0.13794969, 0.69351995, -0.70710677), (0.108386375, 0.5448951, -0.8314696), (0.074657835, 0.37533027, -0.9238795), (0.038060233, 0.19134171, -0.98078525), (3.583751e-17, 1.8016734e-16, -1), (-0.038060233, -0.19134171, -0.98078525), (-0.074657835, -0.37533027, -0.9238795), (-0.108386375, -0.5448951, -0.8314696), (-0.13794969, -0.69351995, -0.70710677), (-0.16221167, -0.81549317, -0.55557024), (-0.18023996, -0.90612745, -0.38268343), (-0.19134171, -0.96193975, -0.19509032), (-0.14673047, -0.9891765, 0), (-0.1439111, -0.9701698, 0.19509032), (-0.13556129, -0.91387993, 0.38268343), (-0.12200193, -0.8224702, 0.55557024), (-0.10375411, -0.6994534, 0.70710677), (-0.08151908, -0.54955703, 0.8314696), (-0.056151323, -0.37854147, 0.9238795), (-0.028625695, -0.19297877, 0.98078525), (-8.9846505e-18, -6.056959e-17, 1), (0.028625695, 0.19297877, 0.98078525), (0.056151323, 0.37854147, 0.9238795), (0.08151908, 0.54955703, 0.8314696), (0.10375411, 0.6994534, 0.70710677), (0.12200193, 0.8224702, 0.55557024), (0.13556129, 0.91387993, 0.38268343), (0.1439111, 0.9701698, 0.19509032), (0.14673047, 0.9891765, 1.2246469e-16), (0.1439111, 0.9701698, -0.19509032), (0.13556129, 0.91387993, -0.38268343), (0.12200193, 0.8224702, -0.55557024), (0.10375411, 0.6994534, -0.70710677), (0.08151908, 0.54955703, -0.8314696), (0.056151323, 0.37854147, -0.9238795), (0.028625695, 0.19297877, -0.98078525), (2.6953952e-17, 1.8170878e-16, -1), (-0.028625695, -0.19297877, -0.98078525), (-0.056151323, -0.37854147, -0.9238795), (-0.08151908, -0.54955703, -0.8314696), (-0.10375411, -0.6994534, -0.70710677), (-0.12200193, -0.8224702, -0.55557024), (-0.13556129, -0.91387993, -0.38268343), (-0.1439111, -0.9701698, -0.19509032), (-0.09801714, -0.9951847, 0), (-0.09613377, -0.97606254, 0.19509032), (-0.09055603, -0.9194308, 0.38268343), (-0.08149827, -0.82746583, 0.55557024), (-0.06930859, -0.70370185, 0.70710677), (-0.054455407, -0.552895, 0.8314696), (-0.037509535, -0.38084072, 0.9238795), (-0.019122196, -0.19415091, 0.98078525), (-6.001819e-18, -6.093749e-17, 1), (0.019122196, 0.19415091, 0.98078525), (0.037509535, 0.38084072, 0.9238795), (0.054455407, 0.552895, 0.8314696), (0.06930859, 0.70370185, 0.70710677), (0.08149827, 0.82746583, 0.55557024), (0.09055603, 0.9194308, 0.38268343), (0.09613377, 0.97606254, 0.19509032), (0.09801714, 0.9951847, 1.2246469e-16), (0.09613377, 0.97606254, -0.19509032), (0.09055603, 0.9194308, -0.38268343), (0.08149827, 0.82746583, -0.55557024), (0.06930859, 0.70370185, -0.70710677), (0.054455407, 0.552895, -0.8314696), (0.037509535, 0.38084072, -0.9238795), (0.019122196, 0.19415091, -0.98078525), (1.8005457e-17, 1.8281247e-16, -1), (-0.019122196, -0.19415091, -0.98078525), (-0.037509535, -0.38084072, -0.9238795), (-0.054455407, -0.552895, -0.8314696), (-0.06930859, -0.70370185, -0.70710677), (-0.08149827, -0.82746583, -0.55557024), (-0.09055603, -0.9194308, -0.38268343), (-0.09613377, -0.97606254, -0.19509032), (-0.049067676, -0.99879545, 0), (-0.048124854, -0.9796039, 0.19509032), (-0.04533262, -0.9227667, 0.38268343), (-0.04079828, -0.83046806, 0.55557024), (-0.034696084, -0.706255, 0.70710677), (-0.02726054, -0.554901, 0.8314696), (-0.018777385, -0.38222247, 0.9238795), (-0.009572628, -0.19485533, 0.98078525), (-3.0045284e-18, -6.1158585e-17, 1), (0.009572628, 0.19485533, 0.98078525), (0.018777385, 0.38222247, 0.9238795), (0.02726054, 0.554901, 0.8314696), (0.034696084, 0.706255, 0.70710677), (0.04079828, 0.83046806, 0.55557024), (0.04533262, 0.9227667, 0.38268343), (0.048124854, 0.9796039, 0.19509032), (0.049067676, 0.99879545, 1.2246469e-16), (0.048124854, 0.9796039, -0.19509032), (0.04533262, 0.9227667, -0.38268343), (0.04079828, 0.83046806, -0.55557024), (0.034696084, 0.706255, -0.70710677), (0.02726054, 0.554901, -0.8314696), (0.018777385, 0.38222247, -0.9238795), (0.009572628, 0.19485533, -0.98078525), (9.013585e-18, 1.8347575e-16, -1), (-0.009572628, -0.19485533, -0.98078525), (-0.018777385, -0.38222247, -0.9238795), (-0.02726054, -0.554901, -0.8314696), (-0.034696084, -0.706255, -0.70710677), (-0.04079828, -0.83046806, -0.55557024), (-0.04533262, -0.9227667, -0.38268343), (-0.048124854, -0.9796039, -0.19509032), (-1.8369701e-16, -1, 0), (-1.8016734e-16, -0.98078525, 0.19509032), (-1.6971392e-16, -0.9238795, 0.38268343), (-1.5273849e-16, -0.8314696, 0.55557024), (-1.298934e-16, -0.70710677, 0.70710677), (-1.020566e-16, -0.55557024, 0.8314696), (-7.0297805e-17, -0.38268343, 0.9238795), (-3.583751e-17, -0.19509032, 0.98078525), (-1.1248198e-32, -6.123234e-17, 1), (3.583751e-17, 0.19509032, 0.98078525), (7.0297805e-17, 0.38268343, 0.9238795), (1.020566e-16, 0.55557024, 0.8314696), (1.298934e-16, 0.70710677, 0.70710677), (1.5273849e-16, 0.8314696, 0.55557024), (1.6971392e-16, 0.9238795, 0.38268343), (1.8016734e-16, 0.98078525, 0.19509032), (1.8369701e-16, 1, 1.2246469e-16), (1.8016734e-16, 0.98078525, -0.19509032), (1.6971392e-16, 0.9238795, -0.38268343), (1.5273849e-16, 0.8314696, -0.55557024), (1.298934e-16, 0.70710677, -0.70710677), (1.020566e-16, 0.55557024, -0.8314696), (7.0297805e-17, 0.38268343, -0.9238795), (3.583751e-17, 0.19509032, -0.98078525), (3.3744596e-32, 1.8369701e-16, -1), (-3.583751e-17, -0.19509032, -0.98078525), (-7.0297805e-17, -0.38268343, -0.9238795), (-1.020566e-16, -0.55557024, -0.8314696), (-1.298934e-16, -0.70710677, -0.70710677), (-1.5273849e-16, -0.8314696, -0.55557024), (-1.6971392e-16, -0.9238795, -0.38268343), (-1.8016734e-16, -0.98078525, -0.19509032), (0.049067676, -0.99879545, 0), (0.048124854, -0.9796039, 0.19509032), (0.04533262, -0.9227667, 0.38268343), (0.04079828, -0.83046806, 0.55557024), (0.034696084, -0.706255, 0.70710677), (0.02726054, -0.554901, 0.8314696), (0.018777385, -0.38222247, 0.9238795), (0.009572628, -0.19485533, 0.98078525), (3.0045284e-18, -6.1158585e-17, 1), (-0.009572628, 0.19485533, 0.98078525), (-0.018777385, 0.38222247, 0.9238795), (-0.02726054, 0.554901, 0.8314696), (-0.034696084, 0.706255, 0.70710677), (-0.04079828, 0.83046806, 0.55557024), (-0.04533262, 0.9227667, 0.38268343), (-0.048124854, 0.9796039, 0.19509032), (-0.049067676, 0.99879545, 1.2246469e-16), (-0.048124854, 0.9796039, -0.19509032), (-0.04533262, 0.9227667, -0.38268343), (-0.04079828, 0.83046806, -0.55557024), (-0.034696084, 0.706255, -0.70710677), (-0.02726054, 0.554901, -0.8314696), (-0.018777385, 0.38222247, -0.9238795), (-0.009572628, 0.19485533, -0.98078525), (-9.013585e-18, 1.8347575e-16, -1), (0.009572628, -0.19485533, -0.98078525), (0.018777385, -0.38222247, -0.9238795), (0.02726054, -0.554901, -0.8314696), (0.034696084, -0.706255, -0.70710677), (0.04079828, -0.83046806, -0.55557024), (0.04533262, -0.9227667, -0.38268343), (0.048124854, -0.9796039, -0.19509032), (0.09801714, -0.9951847, 0), (0.09613377, -0.97606254, 0.19509032), (0.09055603, -0.9194308, 0.38268343), (0.08149827, -0.82746583, 0.55557024), (0.06930859, -0.70370185, 0.70710677), (0.054455407, -0.552895, 0.8314696), (0.037509535, -0.38084072, 0.9238795), (0.019122196, -0.19415091, 0.98078525), (6.001819e-18, -6.093749e-17, 1), (-0.019122196, 0.19415091, 0.98078525), (-0.037509535, 0.38084072, 0.9238795), (-0.054455407, 0.552895, 0.8314696), (-0.06930859, 0.70370185, 0.70710677), (-0.08149827, 0.82746583, 0.55557024), (-0.09055603, 0.9194308, 0.38268343), (-0.09613377, 0.97606254, 0.19509032), (-0.09801714, 0.9951847, 1.2246469e-16), (-0.09613377, 0.97606254, -0.19509032), (-0.09055603, 0.9194308, -0.38268343), (-0.08149827, 0.82746583, -0.55557024), (-0.06930859, 0.70370185, -0.70710677), (-0.054455407, 0.552895, -0.8314696), (-0.037509535, 0.38084072, -0.9238795), (-0.019122196, 0.19415091, -0.98078525), (-1.8005457e-17, 1.8281247e-16, -1), (0.019122196, -0.19415091, -0.98078525), (0.037509535, -0.38084072, -0.9238795), (0.054455407, -0.552895, -0.8314696), (0.06930859, -0.70370185, -0.70710677), (0.08149827, -0.82746583, -0.55557024), (0.09055603, -0.9194308, -0.38268343), (0.09613377, -0.97606254, -0.19509032), (0.14673047, -0.9891765, 0), (0.1439111, -0.9701698, 0.19509032), (0.13556129, -0.91387993, 0.38268343), (0.12200193, -0.8224702, 0.55557024), (0.10375411, -0.6994534, 0.70710677), (0.08151908, -0.54955703, 0.8314696), (0.056151323, -0.37854147, 0.9238795), (0.028625695, -0.19297877, 0.98078525), (8.9846505e-18, -6.056959e-17, 1), (-0.028625695, 0.19297877, 0.98078525), (-0.056151323, 0.37854147, 0.9238795), (-0.08151908, 0.54955703, 0.8314696), (-0.10375411, 0.6994534, 0.70710677), (-0.12200193, 0.8224702, 0.55557024), (-0.13556129, 0.91387993, 0.38268343), (-0.1439111, 0.9701698, 0.19509032), (-0.14673047, 0.9891765, 1.2246469e-16), (-0.1439111, 0.9701698, -0.19509032), (-0.13556129, 0.91387993, -0.38268343), (-0.12200193, 0.8224702, -0.55557024), (-0.10375411, 0.6994534, -0.70710677), (-0.08151908, 0.54955703, -0.8314696), (-0.056151323, 0.37854147, -0.9238795), (-0.028625695, 0.19297877, -0.98078525), (-2.6953952e-17, 1.8170878e-16, -1), (0.028625695, -0.19297877, -0.98078525), (0.056151323, -0.37854147, -0.9238795), (0.08151908, -0.54955703, -0.8314696), (0.10375411, -0.6994534, -0.70710677), (0.12200193, -0.8224702, -0.55557024), (0.13556129, -0.91387993, -0.38268343), (0.1439111, -0.9701698, -0.19509032), (0.19509032, -0.98078525, 0), (0.19134171, -0.96193975, 0.19509032), (0.18023996, -0.90612745, 0.38268343), (0.16221167, -0.81549317, 0.55557024), (0.13794969, -0.69351995, 0.70710677), (0.108386375, -0.5448951, 0.8314696), (0.074657835, -0.37533027, 0.9238795), (0.038060233, -0.19134171, 0.98078525), (1.1945837e-17, -6.005578e-17, 1), (-0.038060233, 0.19134171, 0.98078525), (-0.074657835, 0.37533027, 0.9238795), (-0.108386375, 0.5448951, 0.8314696), (-0.13794969, 0.69351995, 0.70710677), (-0.16221167, 0.81549317, 0.55557024), (-0.18023996, 0.90612745, 0.38268343), (-0.19134171, 0.96193975, 0.19509032), (-0.19509032, 0.98078525, 1.2246469e-16), (-0.19134171, 0.96193975, -0.19509032), (-0.18023996, 0.90612745, -0.38268343), (-0.16221167, 0.81549317, -0.55557024), (-0.13794969, 0.69351995, -0.70710677), (-0.108386375, 0.5448951, -0.8314696), (-0.074657835, 0.37533027, -0.9238795), (-0.038060233, 0.19134171, -0.98078525), (-3.583751e-17, 1.8016734e-16, -1), (0.038060233, -0.19134171, -0.98078525), (0.074657835, -0.37533027, -0.9238795), (0.108386375, -0.5448951, -0.8314696), (0.13794969, -0.69351995, -0.70710677), (0.16221167, -0.81549317, -0.55557024), (0.18023996, -0.90612745, -0.38268343), (0.19134171, -0.96193975, -0.19509032), (0.24298018, -0.97003126, 0), (0.23831138, -0.95139235, 0.19509032), (0.22448441, -0.896192, 0.38268343), (0.20203063, -0.8065515, 0.55557024), (0.17181294, -0.68591565, 0.70710677), (0.13499255, -0.53892046, 0.8314696), (0.09298449, -0.3712149, 0.9238795), (0.047403082, -0.1892437, 0.98078525), (1.4878245e-17, -5.9397285e-17, 1), (-0.047403082, 0.1892437, 0.98078525), (-0.09298449, 0.3712149, 0.9238795), (-0.13499255, 0.53892046, 0.8314696), (-0.17181294, 0.68591565, 0.70710677), (-0.20203063, 0.8065515, 0.55557024), (-0.22448441, 0.896192, 0.38268343), (-0.23831138, 0.95139235, 0.19509032), (-0.24298018, 0.97003126, 1.2246469e-16), (-0.23831138, 0.95139235, -0.19509032), (-0.22448441, 0.896192, -0.38268343), (-0.20203063, 0.8065515, -0.55557024), (-0.17181294, 0.68591565, -0.70710677), (-0.13499255, 0.53892046, -0.8314696), (-0.09298449, 0.3712149, -0.9238795), (-0.047403082, 0.1892437, -0.98078525), (-4.4634735e-17, 1.7819186e-16, -1), (0.047403082, -0.1892437, -0.98078525), (0.09298449, -0.3712149, -0.9238795), (0.13499255, -0.53892046, -0.8314696), (0.17181294, -0.68591565, -0.70710677), (0.20203063, -0.8065515, -0.55557024), (0.22448441, -0.896192, -0.38268343), (0.23831138, -0.95139235, -0.19509032), (0.29028466, -0.95694035, 0), (0.28470695, -0.938553, 0.19509032), (0.26818806, -0.8840976, 0.38268343), (0.24136288, -0.7956668, 0.55557024), (0.20526226, -0.676659, 0.70710677), (0.16127352, -0.53164756, 0.8314696), (0.111087136, -0.36620522, 0.9238795), (0.056631733, -0.1866898, 0.98078525), (1.777481e-17, -5.8595695e-17, 1), (-0.056631733, 0.1866898, 0.98078525), (-0.111087136, 0.36620522, 0.9238795), (-0.16127352, 0.53164756, 0.8314696), (-0.20526226, 0.676659, 0.70710677), (-0.24136288, 0.7956668, 0.55557024), (-0.26818806, 0.8840976, 0.38268343), (-0.28470695, 0.938553, 0.19509032), (-0.29028466, 0.95694035, 1.2246469e-16), (-0.28470695, 0.938553, -0.19509032), (-0.26818806, 0.8840976, -0.38268343), (-0.24136288, 0.7956668, -0.55557024), (-0.20526226, 0.676659, -0.70710677), (-0.16127352, 0.53164756, -0.8314696), (-0.111087136, 0.36620522, -0.9238795), (-0.056631733, 0.1866898, -0.98078525), (-5.332443e-17, 1.7578709e-16, -1), (0.056631733, -0.1866898, -0.98078525), (0.111087136, -0.36620522, -0.9238795), (0.16127352, -0.53164756, -0.8314696), (0.20526226, -0.676659, -0.70710677), (0.24136288, -0.7956668, -0.55557024), (0.26818806, -0.8840976, -0.38268343), (0.28470695, -0.938553, -0.19509032), (0.33688986, -0.94154406, 0), (0.33041662, -0.92345256, 0.19509032), (0.31124565, -0.8698733, 0.38268343), (0.28011367, -0.7828653, 0.55557024), (0.2382171, -0.6657722, 0.70710677), (0.18716598, -0.5230939, 0.8314696), (0.12892216, -0.36031333, 0.9238795), (0.06572395, -0.18368614, 0.98078525), (2.0628554e-17, -5.765295e-17, 1), (-0.06572395, 0.18368614, 0.98078525), (-0.12892216, 0.36031333, 0.9238795), (-0.18716598, 0.5230939, 0.8314696), (-0.2382171, 0.6657722, 0.70710677), (-0.28011367, 0.7828653, 0.55557024), (-0.31124565, 0.8698733, 0.38268343), (-0.33041662, 0.92345256, 0.19509032), (-0.33688986, 0.94154406, 1.2246469e-16), (-0.33041662, 0.92345256, -0.19509032), (-0.31124565, 0.8698733, -0.38268343), (-0.28011367, 0.7828653, -0.55557024), (-0.2382171, 0.6657722, -0.70710677), (-0.18716598, 0.5230939, -0.8314696), (-0.12892216, 0.36031333, -0.9238795), (-0.06572395, 0.18368614, -0.98078525), (-6.188566e-17, 1.7295883e-16, -1), (0.06572395, -0.18368614, -0.98078525), (0.12892216, -0.36031333, -0.9238795), (0.18716598, -0.5230939, -0.8314696), (0.2382171, -0.6657722, -0.70710677), (0.28011367, -0.7828653, -0.55557024), (0.31124565, -0.8698733, -0.38268343), (0.33041662, -0.92345256, -0.19509032), (0.38268343, -0.9238795, 0), (0.37533027, -0.90612745, 0.19509032), (0.35355338, -0.8535534, 0.38268343), (0.31818965, -0.76817775, 0.55557024), (0.27059805, -0.6532815, 0.70710677), (0.21260752, -0.51328, 0.8314696), (0.14644662, -0.35355338, 0.9238795), (0.074657835, -0.18023996, 0.98078525), (2.3432602e-17, -5.6571306e-17, 1), (-0.074657835, 0.18023996, 0.98078525), (-0.14644662, 0.35355338, 0.9238795), (-0.21260752, 0.51328, 0.8314696), (-0.27059805, 0.6532815, 0.70710677), (-0.31818965, 0.76817775, 0.55557024), (-0.35355338, 0.8535534, 0.38268343), (-0.37533027, 0.90612745, 0.19509032), (-0.38268343, 0.9238795, 1.2246469e-16), (-0.37533027, 0.90612745, -0.19509032), (-0.35355338, 0.8535534, -0.38268343), (-0.31818965, 0.76817775, -0.55557024), (-0.27059805, 0.6532815, -0.70710677), (-0.21260752, 0.51328, -0.8314696), (-0.14644662, 0.35355338, -0.9238795), (-0.074657835, 0.18023996, -0.98078525), (-7.0297805e-17, 1.6971392e-16, -1), (0.074657835, -0.18023996, -0.98078525), (0.14644662, -0.35355338, -0.9238795), (0.21260752, -0.51328, -0.8314696), (0.27059805, -0.6532815, -0.70710677), (0.31818965, -0.76817775, -0.55557024), (0.35355338, -0.8535534, -0.38268343), (0.37533027, -0.90612745, -0.19509032), (0.42755508, -0.9039893, 0), (0.41933975, -0.8866194, 0.19509032), (0.3950094, -0.8351772, 0.38268343), (0.35549906, -0.7516396, 0.55557024), (0.3023271, -0.63921696, 0.70710677), (0.23753688, -0.5022296, 0.8314696), (0.16361825, -0.34594172, 0.9238795), (0.08341186, -0.17635956, 0.98078525), (2.6180199e-17, -5.5353378e-17, 1), (-0.08341186, 0.17635956, 0.98078525), (-0.16361825, 0.34594172, 0.9238795), (-0.23753688, 0.5022296, 0.8314696), (-0.3023271, 0.63921696, 0.70710677), (-0.35549906, 0.7516396, 0.55557024), (-0.3950094, 0.8351772, 0.38268343), (-0.41933975, 0.8866194, 0.19509032), (-0.42755508, 0.9039893, 1.2246469e-16), (-0.41933975, 0.8866194, -0.19509032), (-0.3950094, 0.8351772, -0.38268343), (-0.35549906, 0.7516396, -0.55557024), (-0.3023271, 0.63921696, -0.70710677), (-0.23753688, 0.5022296, -0.8314696), (-0.16361825, 0.34594172, -0.9238795), (-0.08341186, 0.17635956, -0.98078525), (-7.8540594e-17, 1.6606013e-16, -1), (0.08341186, -0.17635956, -0.98078525), (0.16361825, -0.34594172, -0.9238795), (0.23753688, -0.5022296, -0.8314696), (0.3023271, -0.63921696, -0.70710677), (0.35549906, -0.7516396, -0.55557024), (0.3950094, -0.8351772, -0.38268343), (0.41933975, -0.8866194, -0.19509032), (0.47139674, -0.8819213, 0), (0.46233898, -0.8649754, 0.19509032), (0.4355138, -0.814789, 0.38268343), (0.39195207, -0.73329073, 0.55557024), (0.33332783, -0.6236125, 0.70710677), (0.261894, -0.4899692, 0.8314696), (0.18039572, -0.33749667, 0.9238795), (0.09196494, -0.1720543, 0.98078525), (2.8864726e-17, -5.4002102e-17, 1), (-0.09196494, 0.1720543, 0.98078525), (-0.18039572, 0.33749667, 0.9238795), (-0.261894, 0.4899692, 0.8314696), (-0.33332783, 0.6236125, 0.70710677), (-0.39195207, 0.73329073, 0.55557024), (-0.4355138, 0.814789, 0.38268343), (-0.46233898, 0.8649754, 0.19509032), (-0.47139674, 0.8819213, 1.2246469e-16), (-0.46233898, 0.8649754, -0.19509032), (-0.4355138, 0.814789, -0.38268343), (-0.39195207, 0.73329073, -0.55557024), (-0.33332783, 0.6236125, -0.70710677), (-0.261894, 0.4899692, -0.8314696), (-0.18039572, 0.33749667, -0.9238795), (-0.09196494, 0.1720543, -0.98078525), (-8.6594177e-17, 1.6200631e-16, -1), (0.09196494, -0.1720543, -0.98078525), (0.18039572, -0.33749667, -0.9238795), (0.261894, -0.4899692, -0.8314696), (0.33332783, -0.6236125, -0.70710677), (0.39195207, -0.73329073, -0.55557024), (0.4355138, -0.814789, -0.38268343), (0.46233898, -0.8649754, -0.19509032), (0.51410276, -0.8577286, 0), (0.5042244, -0.8412476, 0.19509032), (0.474969, -0.7924379, 0.38268343), (0.42746082, -0.7131753, 0.55557024), (0.36352554, -0.6065057, 0.70710677), (0.28562018, -0.4765285, 0.8314696), (0.1967386, -0.32823852, 0.9238795), (0.10029647, -0.16733456, 0.98078525), (3.1479715e-17, -5.252073e-17, 1), (-0.10029647, 0.16733456, 0.98078525), (-0.1967386, 0.32823852, 0.9238795), (-0.28562018, 0.4765285, 0.8314696), (-0.36352554, 0.6065057, 0.70710677), (-0.42746082, 0.7131753, 0.55557024), (-0.474969, 0.7924379, 0.38268343), (-0.5042244, 0.8412476, 0.19509032), (-0.51410276, 0.8577286, 1.2246469e-16), (-0.5042244, 0.8412476, -0.19509032), (-0.474969, 0.7924379, -0.38268343), (-0.42746082, 0.7131753, -0.55557024), (-0.36352554, 0.6065057, -0.70710677), (-0.28562018, 0.4765285, -0.8314696), (-0.1967386, 0.32823852, -0.9238795), (-0.10029647, 0.16733456, -0.98078525), (-9.4439144e-17, 1.5756218e-16, -1), (0.10029647, -0.16733456, -0.98078525), (0.1967386, -0.32823852, -0.9238795), (0.28562018, -0.4765285, -0.8314696), (0.36352554, -0.6065057, -0.70710677), (0.42746082, -0.7131753, -0.55557024), (0.474969, -0.7924379, -0.38268343), (0.5042244, -0.8412476, -0.19509032), (0.55557024, -0.8314696, 0), (0.5448951, -0.81549317, 0.19509032), (0.51328, -0.76817775, 0.38268343), (0.46193975, -0.6913417, 0.55557024), (0.39284748, -0.5879378, 0.70710677), (0.30865827, -0.46193975, 0.8314696), (0.21260752, -0.31818965, 0.9238795), (0.108386375, -0.16221167, 0.98078525), (3.4018865e-17, -5.091283e-17, 1), (-0.108386375, 0.16221167, 0.98078525), (-0.21260752, 0.31818965, 0.9238795), (-0.30865827, 0.46193975, 0.8314696), (-0.39284748, 0.5879378, 0.70710677), (-0.46193975, 0.6913417, 0.55557024), (-0.51328, 0.76817775, 0.38268343), (-0.5448951, 0.81549317, 0.19509032), (-0.55557024, 0.8314696, 1.2246469e-16), (-0.5448951, 0.81549317, -0.19509032), (-0.51328, 0.76817775, -0.38268343), (-0.46193975, 0.6913417, -0.55557024), (-0.39284748, 0.5879378, -0.70710677), (-0.30865827, 0.46193975, -0.8314696), (-0.21260752, 0.31818965, -0.9238795), (-0.108386375, 0.16221167, -0.98078525), (-1.020566e-16, 1.5273849e-16, -1), (0.108386375, -0.16221167, -0.98078525), (0.21260752, -0.31818965, -0.9238795), (0.30865827, -0.46193975, -0.8314696), (0.39284748, -0.5879378, -0.70710677), (0.46193975, -0.6913417, -0.55557024), (0.51328, -0.76817775, -0.38268343), (0.5448951, -0.81549317, -0.19509032), (0.5956993, -0.8032075, 0), (0.58425313, -0.78777415, 0.19509032), (0.5503544, -0.742067, 0.38268343), (0.49530587, -0.6678426, 0.55557024), (0.421223, -0.56795347, 0.70710677), (0.3309528, -0.4462382, 0.8314696), (0.22796425, -0.3073742, 0.9238795), (0.11621517, -0.15669802, 0.98078525), (3.647606e-17, -4.9182277e-17, 1), (-0.11621517, 0.15669802, 0.98078525), (-0.22796425, 0.3073742, 0.9238795), (-0.3309528, 0.4462382, 0.8314696), (-0.421223, 0.56795347, 0.70710677), (-0.49530587, 0.6678426, 0.55557024), (-0.5503544, 0.742067, 0.38268343), (-0.58425313, 0.78777415, 0.19509032), (-0.5956993, 0.8032075, 1.2246469e-16), (-0.58425313, 0.78777415, -0.19509032), (-0.5503544, 0.742067, -0.38268343), (-0.49530587, 0.6678426, -0.55557024), (-0.421223, 0.56795347, -0.70710677), (-0.3309528, 0.4462382, -0.8314696), (-0.22796425, 0.3073742, -0.9238795), (-0.11621517, 0.15669802, -0.98078525), (-1.09428186e-16, 1.4754683e-16, -1), (0.11621517, -0.15669802, -0.98078525), (0.22796425, -0.3073742, -0.9238795), (0.3309528, -0.4462382, -0.8314696), (0.421223, -0.56795347, -0.70710677), (0.49530587, -0.6678426, -0.55557024), (0.5503544, -0.742067, -0.38268343), (0.58425313, -0.78777415, -0.19509032), (0.6343933, -0.77301043, 0), (0.6222036, -0.75815725, 0.19509032), (0.58610296, -0.71416855, 0.38268343), (0.52747875, -0.6427347, 0.55557024), (0.44858378, -0.54660094, 0.70710677), (0.35245, -0.4294616, 0.8314696), (0.2427718, -0.2958183, 0.9238795), (0.12376399, -0.15080686, 0.98078525), (3.8845384e-17, -4.733324e-17, 1), (-0.12376399, 0.15080686, 0.98078525), (-0.2427718, 0.2958183, 0.9238795), (-0.35245, 0.4294616, 0.8314696), (-0.44858378, 0.54660094, 0.70710677), (-0.52747875, 0.6427347, 0.55557024), (-0.58610296, 0.71416855, 0.38268343), (-0.6222036, 0.75815725, 0.19509032), (-0.6343933, 0.77301043, 1.2246469e-16), (-0.6222036, 0.75815725, -0.19509032), (-0.58610296, 0.71416855, -0.38268343), (-0.52747875, 0.6427347, -0.55557024), (-0.44858378, 0.54660094, -0.70710677), (-0.35245, 0.4294616, -0.8314696), (-0.2427718, 0.2958183, -0.9238795), (-0.12376399, 0.15080686, -0.98078525), (-1.1653616e-16, 1.4199971e-16, -1), (0.12376399, -0.15080686, -0.98078525), (0.2427718, -0.2958183, -0.9238795), (0.35245, -0.4294616, -0.8314696), (0.44858378, -0.54660094, -0.70710677), (0.52747875, -0.6427347, -0.55557024), (0.58610296, -0.71416855, -0.38268343), (0.6222036, -0.75815725, -0.19509032), (0.671559, -0.7409511, 0), (0.65865517, -0.72671396, 0.19509032), (0.6204396, -0.68454957, 0.38268343), (0.55838084, -0.6160783, 0.55557024), (0.4748639, -0.52393156, 0.70710677), (0.37309816, -0.4116504, 0.8314696), (0.2569945, -0.28354973, 0.9238795), (0.13101466, -0.1445524, 0.98078525), (4.1121127e-17, -4.5370172e-17, 1), (-0.13101466, 0.1445524, 0.98078525), (-0.2569945, 0.28354973, 0.9238795), (-0.37309816, 0.4116504, 0.8314696), (-0.4748639, 0.52393156, 0.70710677), (-0.55838084, 0.6160783, 0.55557024), (-0.6204396, 0.68454957, 0.38268343), (-0.65865517, 0.72671396, 0.19509032), (-0.671559, 0.7409511, 1.2246469e-16), (-0.65865517, 0.72671396, -0.19509032), (-0.6204396, 0.68454957, -0.38268343), (-0.55838084, 0.6160783, -0.55557024), (-0.4748639, 0.52393156, -0.70710677), (-0.37309816, 0.4116504, -0.8314696), (-0.2569945, 0.28354973, -0.9238795), (-0.13101466, 0.1445524, -0.98078525), (-1.2336337e-16, 1.3611052e-16, -1), (0.13101466, -0.1445524, -0.98078525), (0.2569945, -0.28354973, -0.9238795), (0.37309816, -0.4116504, -0.8314696), (0.4748639, -0.52393156, -0.70710677), (0.55838084, -0.6160783, -0.55557024), (0.6204396, -0.68454957, -0.38268343), (0.65865517, -0.72671396, -0.19509032), (0.70710677, -0.70710677, 0), (0.69351995, -0.69351995, 0.19509032), (0.6532815, -0.6532815, 0.38268343), (0.5879378, -0.5879378, 0.55557024), (0.5, -0.5, 0.70710677), (0.39284748, -0.39284748, 0.8314696), (0.27059805, -0.27059805, 0.9238795), (0.13794969, -0.13794969, 0.98078525), (4.3297803e-17, -4.3297803e-17, 1), (-0.13794969, 0.13794969, 0.98078525), (-0.27059805, 0.27059805, 0.9238795), (-0.39284748, 0.39284748, 0.8314696), (-0.5, 0.5, 0.70710677), (-0.5879378, 0.5879378, 0.55557024), (-0.6532815, 0.6532815, 0.38268343), (-0.69351995, 0.69351995, 0.19509032), (-0.70710677, 0.70710677, 1.2246469e-16), (-0.69351995, 0.69351995, -0.19509032), (-0.6532815, 0.6532815, -0.38268343), (-0.5879378, 0.5879378, -0.55557024), (-0.5, 0.5, -0.70710677), (-0.39284748, 0.39284748, -0.8314696), (-0.27059805, 0.27059805, -0.9238795), (-0.13794969, 0.13794969, -0.98078525), (-1.298934e-16, 1.298934e-16, -1), (0.13794969, -0.13794969, -0.98078525), (0.27059805, -0.27059805, -0.9238795), (0.39284748, -0.39284748, -0.8314696), (0.5, -0.5, -0.70710677), (0.5879378, -0.5879378, -0.55557024), (0.6532815, -0.6532815, -0.38268343), (0.69351995, -0.69351995, -0.19509032), (0.7409511, -0.671559, 0), (0.72671396, -0.65865517, 0.19509032), (0.68454957, -0.6204396, 0.38268343), (0.6160783, -0.55838084, 0.55557024), (0.52393156, -0.4748639, 0.70710677), (0.4116504, -0.37309816, 0.8314696), (0.28354973, -0.2569945, 0.9238795), (0.1445524, -0.13101466, 0.98078525), (4.5370172e-17, -4.1121127e-17, 1), (-0.1445524, 0.13101466, 0.98078525), (-0.28354973, 0.2569945, 0.9238795), (-0.4116504, 0.37309816, 0.8314696), (-0.52393156, 0.4748639, 0.70710677), (-0.6160783, 0.55838084, 0.55557024), (-0.68454957, 0.6204396, 0.38268343), (-0.72671396, 0.65865517, 0.19509032), (-0.7409511, 0.671559, 1.2246469e-16), (-0.72671396, 0.65865517, -0.19509032), (-0.68454957, 0.6204396, -0.38268343), (-0.6160783, 0.55838084, -0.55557024), (-0.52393156, 0.4748639, -0.70710677), (-0.4116504, 0.37309816, -0.8314696), (-0.28354973, 0.2569945, -0.9238795), (-0.1445524, 0.13101466, -0.98078525), (-1.3611052e-16, 1.2336337e-16, -1), (0.1445524, -0.13101466, -0.98078525), (0.28354973, -0.2569945, -0.9238795), (0.4116504, -0.37309816, -0.8314696), (0.52393156, -0.4748639, -0.70710677), (0.6160783, -0.55838084, -0.55557024), (0.68454957, -0.6204396, -0.38268343), (0.72671396, -0.65865517, -0.19509032), (0.77301043, -0.6343933, 0), (0.75815725, -0.6222036, 0.19509032), (0.71416855, -0.58610296, 0.38268343), (0.6427347, -0.52747875, 0.55557024), (0.54660094, -0.44858378, 0.70710677), (0.4294616, -0.35245, 0.8314696), (0.2958183, -0.2427718, 0.9238795), (0.15080686, -0.12376399, 0.98078525), (4.733324e-17, -3.8845384e-17, 1), (-0.15080686, 0.12376399, 0.98078525), (-0.2958183, 0.2427718, 0.9238795), (-0.4294616, 0.35245, 0.8314696), (-0.54660094, 0.44858378, 0.70710677), (-0.6427347, 0.52747875, 0.55557024), (-0.71416855, 0.58610296, 0.38268343), (-0.75815725, 0.6222036, 0.19509032), (-0.77301043, 0.6343933, 1.2246469e-16), (-0.75815725, 0.6222036, -0.19509032), (-0.71416855, 0.58610296, -0.38268343), (-0.6427347, 0.52747875, -0.55557024), (-0.54660094, 0.44858378, -0.70710677), (-0.4294616, 0.35245, -0.8314696), (-0.2958183, 0.2427718, -0.9238795), (-0.15080686, 0.12376399, -0.98078525), (-1.4199971e-16, 1.1653616e-16, -1), (0.15080686, -0.12376399, -0.98078525), (0.2958183, -0.2427718, -0.9238795), (0.4294616, -0.35245, -0.8314696), (0.54660094, -0.44858378, -0.70710677), (0.6427347, -0.52747875, -0.55557024), (0.71416855, -0.58610296, -0.38268343), (0.75815725, -0.6222036, -0.19509032), (0.8032075, -0.5956993, 0), (0.78777415, -0.58425313, 0.19509032), (0.742067, -0.5503544, 0.38268343), (0.6678426, -0.49530587, 0.55557024), (0.56795347, -0.421223, 0.70710677), (0.4462382, -0.3309528, 0.8314696), (0.3073742, -0.22796425, 0.9238795), (0.15669802, -0.11621517, 0.98078525), (4.9182277e-17, -3.647606e-17, 1), (-0.15669802, 0.11621517, 0.98078525), (-0.3073742, 0.22796425, 0.9238795), (-0.4462382, 0.3309528, 0.8314696), (-0.56795347, 0.421223, 0.70710677), (-0.6678426, 0.49530587, 0.55557024), (-0.742067, 0.5503544, 0.38268343), (-0.78777415, 0.58425313, 0.19509032), (-0.8032075, 0.5956993, 1.2246469e-16), (-0.78777415, 0.58425313, -0.19509032), (-0.742067, 0.5503544, -0.38268343), (-0.6678426, 0.49530587, -0.55557024), (-0.56795347, 0.421223, -0.70710677), (-0.4462382, 0.3309528, -0.8314696), (-0.3073742, 0.22796425, -0.9238795), (-0.15669802, 0.11621517, -0.98078525), (-1.4754683e-16, 1.09428186e-16, -1), (0.15669802, -0.11621517, -0.98078525), (0.3073742, -0.22796425, -0.9238795), (0.4462382, -0.3309528, -0.8314696), (0.56795347, -0.421223, -0.70710677), (0.6678426, -0.49530587, -0.55557024), (0.742067, -0.5503544, -0.38268343), (0.78777415, -0.58425313, -0.19509032), (0.8314696, -0.55557024, 0), (0.81549317, -0.5448951, 0.19509032), (0.76817775, -0.51328, 0.38268343), (0.6913417, -0.46193975, 0.55557024), (0.5879378, -0.39284748, 0.70710677), (0.46193975, -0.30865827, 0.8314696), (0.31818965, -0.21260752, 0.9238795), (0.16221167, -0.108386375, 0.98078525), (5.091283e-17, -3.4018865e-17, 1), (-0.16221167, 0.108386375, 0.98078525), (-0.31818965, 0.21260752, 0.9238795), (-0.46193975, 0.30865827, 0.8314696), (-0.5879378, 0.39284748, 0.70710677), (-0.6913417, 0.46193975, 0.55557024), (-0.76817775, 0.51328, 0.38268343), (-0.81549317, 0.5448951, 0.19509032), (-0.8314696, 0.55557024, 1.2246469e-16), (-0.81549317, 0.5448951, -0.19509032), (-0.76817775, 0.51328, -0.38268343), (-0.6913417, 0.46193975, -0.55557024), (-0.5879378, 0.39284748, -0.70710677), (-0.46193975, 0.30865827, -0.8314696), (-0.31818965, 0.21260752, -0.9238795), (-0.16221167, 0.108386375, -0.98078525), (-1.5273849e-16, 1.020566e-16, -1), (0.16221167, -0.108386375, -0.98078525), (0.31818965, -0.21260752, -0.9238795), (0.46193975, -0.30865827, -0.8314696), (0.5879378, -0.39284748, -0.70710677), (0.6913417, -0.46193975, -0.55557024), (0.76817775, -0.51328, -0.38268343), (0.81549317, -0.5448951, -0.19509032), (0.8577286, -0.51410276, 0), (0.8412476, -0.5042244, 0.19509032), (0.7924379, -0.474969, 0.38268343), (0.7131753, -0.42746082, 0.55557024), (0.6065057, -0.36352554, 0.70710677), (0.4765285, -0.28562018, 0.8314696), (0.32823852, -0.1967386, 0.9238795), (0.16733456, -0.10029647, 0.98078525), (5.252073e-17, -3.1479715e-17, 1), (-0.16733456, 0.10029647, 0.98078525), (-0.32823852, 0.1967386, 0.9238795), (-0.4765285, 0.28562018, 0.8314696), (-0.6065057, 0.36352554, 0.70710677), (-0.7131753, 0.42746082, 0.55557024), (-0.7924379, 0.474969, 0.38268343), (-0.8412476, 0.5042244, 0.19509032), (-0.8577286, 0.51410276, 1.2246469e-16), (-0.8412476, 0.5042244, -0.19509032), (-0.7924379, 0.474969, -0.38268343), (-0.7131753, 0.42746082, -0.55557024), (-0.6065057, 0.36352554, -0.70710677), (-0.4765285, 0.28562018, -0.8314696), (-0.32823852, 0.1967386, -0.9238795), (-0.16733456, 0.10029647, -0.98078525), (-1.5756218e-16, 9.4439144e-17, -1), (0.16733456, -0.10029647, -0.98078525), (0.32823852, -0.1967386, -0.9238795), (0.4765285, -0.28562018, -0.8314696), (0.6065057, -0.36352554, -0.70710677), (0.7131753, -0.42746082, -0.55557024), (0.7924379, -0.474969, -0.38268343), (0.8412476, -0.5042244, -0.19509032), (0.8819213, -0.47139674, 0), (0.8649754, -0.46233898, 0.19509032), (0.814789, -0.4355138, 0.38268343), (0.73329073, -0.39195207, 0.55557024), (0.6236125, -0.33332783, 0.70710677), (0.4899692, -0.261894, 0.8314696), (0.33749667, -0.18039572, 0.9238795), (0.1720543, -0.09196494, 0.98078525), (5.4002102e-17, -2.8864726e-17, 1), (-0.1720543, 0.09196494, 0.98078525), (-0.33749667, 0.18039572, 0.9238795), (-0.4899692, 0.261894, 0.8314696), (-0.6236125, 0.33332783, 0.70710677), (-0.73329073, 0.39195207, 0.55557024), (-0.814789, 0.4355138, 0.38268343), (-0.8649754, 0.46233898, 0.19509032), (-0.8819213, 0.47139674, 1.2246469e-16), (-0.8649754, 0.46233898, -0.19509032), (-0.814789, 0.4355138, -0.38268343), (-0.73329073, 0.39195207, -0.55557024), (-0.6236125, 0.33332783, -0.70710677), (-0.4899692, 0.261894, -0.8314696), (-0.33749667, 0.18039572, -0.9238795), (-0.1720543, 0.09196494, -0.98078525), (-1.6200631e-16, 8.6594177e-17, -1), (0.1720543, -0.09196494, -0.98078525), (0.33749667, -0.18039572, -0.9238795), (0.4899692, -0.261894, -0.8314696), (0.6236125, -0.33332783, -0.70710677), (0.73329073, -0.39195207, -0.55557024), (0.814789, -0.4355138, -0.38268343), (0.8649754, -0.46233898, -0.19509032), (0.9039893, -0.42755508, 0), (0.8866194, -0.41933975, 0.19509032), (0.8351772, -0.3950094, 0.38268343), (0.7516396, -0.35549906, 0.55557024), (0.63921696, -0.3023271, 0.70710677), (0.5022296, -0.23753688, 0.8314696), (0.34594172, -0.16361825, 0.9238795), (0.17635956, -0.08341186, 0.98078525), (5.5353378e-17, -2.6180199e-17, 1), (-0.17635956, 0.08341186, 0.98078525), (-0.34594172, 0.16361825, 0.9238795), (-0.5022296, 0.23753688, 0.8314696), (-0.63921696, 0.3023271, 0.70710677), (-0.7516396, 0.35549906, 0.55557024), (-0.8351772, 0.3950094, 0.38268343), (-0.8866194, 0.41933975, 0.19509032), (-0.9039893, 0.42755508, 1.2246469e-16), (-0.8866194, 0.41933975, -0.19509032), (-0.8351772, 0.3950094, -0.38268343), (-0.7516396, 0.35549906, -0.55557024), (-0.63921696, 0.3023271, -0.70710677), (-0.5022296, 0.23753688, -0.8314696), (-0.34594172, 0.16361825, -0.9238795), (-0.17635956, 0.08341186, -0.98078525), (-1.6606013e-16, 7.8540594e-17, -1), (0.17635956, -0.08341186, -0.98078525), (0.34594172, -0.16361825, -0.9238795), (0.5022296, -0.23753688, -0.8314696), (0.63921696, -0.3023271, -0.70710677), (0.7516396, -0.35549906, -0.55557024), (0.8351772, -0.3950094, -0.38268343), (0.8866194, -0.41933975, -0.19509032), (0.9238795, -0.38268343, 0), (0.90612745, -0.37533027, 0.19509032), (0.8535534, -0.35355338, 0.38268343), (0.76817775, -0.31818965, 0.55557024), (0.6532815, -0.27059805, 0.70710677), (0.51328, -0.21260752, 0.8314696), (0.35355338, -0.14644662, 0.9238795), (0.18023996, -0.074657835, 0.98078525), (5.6571306e-17, -2.3432602e-17, 1), (-0.18023996, 0.074657835, 0.98078525), (-0.35355338, 0.14644662, 0.9238795), (-0.51328, 0.21260752, 0.8314696), (-0.6532815, 0.27059805, 0.70710677), (-0.76817775, 0.31818965, 0.55557024), (-0.8535534, 0.35355338, 0.38268343), (-0.90612745, 0.37533027, 0.19509032), (-0.9238795, 0.38268343, 1.2246469e-16), (-0.90612745, 0.37533027, -0.19509032), (-0.8535534, 0.35355338, -0.38268343), (-0.76817775, 0.31818965, -0.55557024), (-0.6532815, 0.27059805, -0.70710677), (-0.51328, 0.21260752, -0.8314696), (-0.35355338, 0.14644662, -0.9238795), (-0.18023996, 0.074657835, -0.98078525), (-1.6971392e-16, 7.0297805e-17, -1), (0.18023996, -0.074657835, -0.98078525), (0.35355338, -0.14644662, -0.9238795), (0.51328, -0.21260752, -0.8314696), (0.6532815, -0.27059805, -0.70710677), (0.76817775, -0.31818965, -0.55557024), (0.8535534, -0.35355338, -0.38268343), (0.90612745, -0.37533027, -0.19509032), (0.94154406, -0.33688986, 0), (0.92345256, -0.33041662, 0.19509032), (0.8698733, -0.31124565, 0.38268343), (0.7828653, -0.28011367, 0.55557024), (0.6657722, -0.2382171, 0.70710677), (0.5230939, -0.18716598, 0.8314696), (0.36031333, -0.12892216, 0.9238795), (0.18368614, -0.06572395, 0.98078525), (5.765295e-17, -2.0628554e-17, 1), (-0.18368614, 0.06572395, 0.98078525), (-0.36031333, 0.12892216, 0.9238795), (-0.5230939, 0.18716598, 0.8314696), (-0.6657722, 0.2382171, 0.70710677), (-0.7828653, 0.28011367, 0.55557024), (-0.8698733, 0.31124565, 0.38268343), (-0.92345256, 0.33041662, 0.19509032), (-0.94154406, 0.33688986, 1.2246469e-16), (-0.92345256, 0.33041662, -0.19509032), (-0.8698733, 0.31124565, -0.38268343), (-0.7828653, 0.28011367, -0.55557024), (-0.6657722, 0.2382171, -0.70710677), (-0.5230939, 0.18716598, -0.8314696), (-0.36031333, 0.12892216, -0.9238795), (-0.18368614, 0.06572395, -0.98078525), (-1.7295883e-16, 6.188566e-17, -1), (0.18368614, -0.06572395, -0.98078525), (0.36031333, -0.12892216, -0.9238795), (0.5230939, -0.18716598, -0.8314696), (0.6657722, -0.2382171, -0.70710677), (0.7828653, -0.28011367, -0.55557024), (0.8698733, -0.31124565, -0.38268343), (0.92345256, -0.33041662, -0.19509032), (0.95694035, -0.29028466, 0), (0.938553, -0.28470695, 0.19509032), (0.8840976, -0.26818806, 0.38268343), (0.7956668, -0.24136288, 0.55557024), (0.676659, -0.20526226, 0.70710677), (0.53164756, -0.16127352, 0.8314696), (0.36620522, -0.111087136, 0.9238795), (0.1866898, -0.056631733, 0.98078525), (5.8595695e-17, -1.777481e-17, 1), (-0.1866898, 0.056631733, 0.98078525), (-0.36620522, 0.111087136, 0.9238795), (-0.53164756, 0.16127352, 0.8314696), (-0.676659, 0.20526226, 0.70710677), (-0.7956668, 0.24136288, 0.55557024), (-0.8840976, 0.26818806, 0.38268343), (-0.938553, 0.28470695, 0.19509032), (-0.95694035, 0.29028466, 1.2246469e-16), (-0.938553, 0.28470695, -0.19509032), (-0.8840976, 0.26818806, -0.38268343), (-0.7956668, 0.24136288, -0.55557024), (-0.676659, 0.20526226, -0.70710677), (-0.53164756, 0.16127352, -0.8314696), (-0.36620522, 0.111087136, -0.9238795), (-0.1866898, 0.056631733, -0.98078525), (-1.7578709e-16, 5.332443e-17, -1), (0.1866898, -0.056631733, -0.98078525), (0.36620522, -0.111087136, -0.9238795), (0.53164756, -0.16127352, -0.8314696), (0.676659, -0.20526226, -0.70710677), (0.7956668, -0.24136288, -0.55557024), (0.8840976, -0.26818806, -0.38268343), (0.938553, -0.28470695, -0.19509032), (0.97003126, -0.24298018, 0), (0.95139235, -0.23831138, 0.19509032), (0.896192, -0.22448441, 0.38268343), (0.8065515, -0.20203063, 0.55557024), (0.68591565, -0.17181294, 0.70710677), (0.53892046, -0.13499255, 0.8314696), (0.3712149, -0.09298449, 0.9238795), (0.1892437, -0.047403082, 0.98078525), (5.9397285e-17, -1.4878245e-17, 1), (-0.1892437, 0.047403082, 0.98078525), (-0.3712149, 0.09298449, 0.9238795), (-0.53892046, 0.13499255, 0.8314696), (-0.68591565, 0.17181294, 0.70710677), (-0.8065515, 0.20203063, 0.55557024), (-0.896192, 0.22448441, 0.38268343), (-0.95139235, 0.23831138, 0.19509032), (-0.97003126, 0.24298018, 1.2246469e-16), (-0.95139235, 0.23831138, -0.19509032), (-0.896192, 0.22448441, -0.38268343), (-0.8065515, 0.20203063, -0.55557024), (-0.68591565, 0.17181294, -0.70710677), (-0.53892046, 0.13499255, -0.8314696), (-0.3712149, 0.09298449, -0.9238795), (-0.1892437, 0.047403082, -0.98078525), (-1.7819186e-16, 4.4634735e-17, -1), (0.1892437, -0.047403082, -0.98078525), (0.3712149, -0.09298449, -0.9238795), (0.53892046, -0.13499255, -0.8314696), (0.68591565, -0.17181294, -0.70710677), (0.8065515, -0.20203063, -0.55557024), (0.896192, -0.22448441, -0.38268343), (0.95139235, -0.23831138, -0.19509032), (0.98078525, -0.19509032, 0), (0.96193975, -0.19134171, 0.19509032), (0.90612745, -0.18023996, 0.38268343), (0.81549317, -0.16221167, 0.55557024), (0.69351995, -0.13794969, 0.70710677), (0.5448951, -0.108386375, 0.8314696), (0.37533027, -0.074657835, 0.9238795), (0.19134171, -0.038060233, 0.98078525), (6.005578e-17, -1.1945837e-17, 1), (-0.19134171, 0.038060233, 0.98078525), (-0.37533027, 0.074657835, 0.9238795), (-0.5448951, 0.108386375, 0.8314696), (-0.69351995, 0.13794969, 0.70710677), (-0.81549317, 0.16221167, 0.55557024), (-0.90612745, 0.18023996, 0.38268343), (-0.96193975, 0.19134171, 0.19509032), (-0.98078525, 0.19509032, 1.2246469e-16), (-0.96193975, 0.19134171, -0.19509032), (-0.90612745, 0.18023996, -0.38268343), (-0.81549317, 0.16221167, -0.55557024), (-0.69351995, 0.13794969, -0.70710677), (-0.5448951, 0.108386375, -0.8314696), (-0.37533027, 0.074657835, -0.9238795), (-0.19134171, 0.038060233, -0.98078525), (-1.8016734e-16, 3.583751e-17, -1), (0.19134171, -0.038060233, -0.98078525), (0.37533027, -0.074657835, -0.9238795), (0.5448951, -0.108386375, -0.8314696), (0.69351995, -0.13794969, -0.70710677), (0.81549317, -0.16221167, -0.55557024), (0.90612745, -0.18023996, -0.38268343), (0.96193975, -0.19134171, -0.19509032), (0.9891765, -0.14673047, 0), (0.9701698, -0.1439111, 0.19509032), (0.91387993, -0.13556129, 0.38268343), (0.8224702, -0.12200193, 0.55557024), (0.6994534, -0.10375411, 0.70710677), (0.54955703, -0.08151908, 0.8314696), (0.37854147, -0.056151323, 0.9238795), (0.19297877, -0.028625695, 0.98078525), (6.056959e-17, -8.9846505e-18, 1), (-0.19297877, 0.028625695, 0.98078525), (-0.37854147, 0.056151323, 0.9238795), (-0.54955703, 0.08151908, 0.8314696), (-0.6994534, 0.10375411, 0.70710677), (-0.8224702, 0.12200193, 0.55557024), (-0.91387993, 0.13556129, 0.38268343), (-0.9701698, 0.1439111, 0.19509032), (-0.9891765, 0.14673047, 1.2246469e-16), (-0.9701698, 0.1439111, -0.19509032), (-0.91387993, 0.13556129, -0.38268343), (-0.8224702, 0.12200193, -0.55557024), (-0.6994534, 0.10375411, -0.70710677), (-0.54955703, 0.08151908, -0.8314696), (-0.37854147, 0.056151323, -0.9238795), (-0.19297877, 0.028625695, -0.98078525), (-1.8170878e-16, 2.6953952e-17, -1), (0.19297877, -0.028625695, -0.98078525), (0.37854147, -0.056151323, -0.9238795), (0.54955703, -0.08151908, -0.8314696), (0.6994534, -0.10375411, -0.70710677), (0.8224702, -0.12200193, -0.55557024), (0.91387993, -0.13556129, -0.38268343), (0.9701698, -0.1439111, -0.19509032), (0.9951847, -0.09801714, 0), (0.97606254, -0.09613377, 0.19509032), (0.9194308, -0.09055603, 0.38268343), (0.82746583, -0.08149827, 0.55557024), (0.70370185, -0.06930859, 0.70710677), (0.552895, -0.054455407, 0.8314696), (0.38084072, -0.037509535, 0.9238795), (0.19415091, -0.019122196, 0.98078525), (6.093749e-17, -6.001819e-18, 1), (-0.19415091, 0.019122196, 0.98078525), (-0.38084072, 0.037509535, 0.9238795), (-0.552895, 0.054455407, 0.8314696), (-0.70370185, 0.06930859, 0.70710677), (-0.82746583, 0.08149827, 0.55557024), (-0.9194308, 0.09055603, 0.38268343), (-0.97606254, 0.09613377, 0.19509032), (-0.9951847, 0.09801714, 1.2246469e-16), (-0.97606254, 0.09613377, -0.19509032), (-0.9194308, 0.09055603, -0.38268343), (-0.82746583, 0.08149827, -0.55557024), (-0.70370185, 0.06930859, -0.70710677), (-0.552895, 0.054455407, -0.8314696), (-0.38084072, 0.037509535, -0.9238795), (-0.19415091, 0.019122196, -0.98078525), (-1.8281247e-16, 1.8005457e-17, -1), (0.19415091, -0.019122196, -0.98078525), (0.38084072, -0.037509535, -0.9238795), (0.552895, -0.054455407, -0.8314696), (0.70370185, -0.06930859, -0.70710677), (0.82746583, -0.08149827, -0.55557024), (0.9194308, -0.09055603, -0.38268343), (0.97606254, -0.09613377, -0.19509032), (0.99879545, -0.049067676, 0), (0.9796039, -0.048124854, 0.19509032), (0.9227667, -0.04533262, 0.38268343), (0.83046806, -0.04079828, 0.55557024), (0.706255, -0.034696084, 0.70710677), (0.554901, -0.02726054, 0.8314696), (0.38222247, -0.018777385, 0.9238795), (0.19485533, -0.009572628, 0.98078525), (6.1158585e-17, -3.0045284e-18, 1), (-0.19485533, 0.009572628, 0.98078525), (-0.38222247, 0.018777385, 0.9238795), (-0.554901, 0.02726054, 0.8314696), (-0.706255, 0.034696084, 0.70710677), (-0.83046806, 0.04079828, 0.55557024), (-0.9227667, 0.04533262, 0.38268343), (-0.9796039, 0.048124854, 0.19509032), (-0.99879545, 0.049067676, 1.2246469e-16), (-0.9796039, 0.048124854, -0.19509032), (-0.9227667, 0.04533262, -0.38268343), (-0.83046806, 0.04079828, -0.55557024), (-0.706255, 0.034696084, -0.70710677), (-0.554901, 0.02726054, -0.8314696), (-0.38222247, 0.018777385, -0.9238795), (-0.19485533, 0.009572628, -0.98078525), (-1.8347575e-16, 9.013585e-18, -1), (0.19485533, -0.009572628, -0.98078525), (0.38222247, -0.018777385, -0.9238795), (0.554901, -0.02726054, -0.8314696), (0.706255, -0.034696084, -0.70710677), (0.83046806, -0.04079828, -0.55557024), (0.9227667, -0.04533262, -0.38268343), (0.9796039, -0.048124854, -0.19509032)] (
            interpolation = "vertex"
        )
        point3f[] points = [(0.07, 0, 0), (0.06971178, 0, 0.0029263548), (0.06885819, 0, 0.0057402514), (0.06747204, 0, 0.008333554), (0.0656066, 0, 0.010606602), (0.063333556, 0, 0.012472044), (0.06074025, 0, 0.013858193), (0.057926353, 0, 0.01471178), (0.055, 0, 0.015), (0.052073646, 0, 0.01471178), (0.04925975, 0, 0.013858193), (0.046666447, 0, 0.012472044), (0.044393398, 0, 0.010606602), (0.042527955, 0, 0.008333554), (0.041141808, 0, 0.0057402514), (0.04028822, 0, 0.0029263548), (0.04, 0, 1.8369702e-18), (0.04028822, 0, -0.0029263548), (0.041141808, 0, -0.0057402514), (0.042527955, 0, -0.008333554), (0.044393398, 0, -0.010606602), (0.046666447, 0, -0.012472044), (0.04925975, 0, -0.013858193), (0.052073646, 0, -0.01471178), (0.055, 0, -0.015), (0.057926353, 0, -0.01471178), (0.06074025, 0, -0.013858193), (0.063333556, 0, -0.012472044), (0.0656066, 0, -0.010606602), (0.06747204, 0, -0.008333554), (0.06885819, 0, -0.0057402514), (0.06971178, 0, -0.0029263548), (0.06991568, 0.0034347372, 0), (0.06962781, 0.0034205948, 0.0029263548), (0.06877525, 0.0033787114, 0.0057402514), (0.06739077, 0.0033106962, 0.008333554), (0.06552757, 0.0032191633, 0.010606602), (0.06325726, 0.0031076302, 0.012472044), (0.060667086, 0.0029803829, 0.013858193), (0.05785658, 0.0028423115, 0.01471178), (0.05493375, 0.002698722, 0.015), (0.05201092, 0.0025551326, 0.01471178), (0.049200412, 0.0024170612, 0.013858193), (0.046610236, 0.002289814, 0.012472044), (0.044339925, 0.0021782808, 0.010606602), (0.04247673, 0.002086748, 0.008333554), (0.04109225, 0.0020187327, 0.0057402514), (0.04023969, 0.0019768493, 0.0029263548), (0.03995182, 0.001962707, 1.8369702e-18), (0.04023969, 0.0019768493, -0.0029263548), (0.04109225, 0.0020187327, -0.0057402514), (0.04247673, 0.002086748, -0.008333554), (0.044339925, 0.0021782808, -0.010606602), (0.046610236, 0.002289814, -0.012472044), (0.049200412, 0.0024170612, -0.013858193), (0.05201092, 0.0025551326, -0.01471178), (0.05493375, 0.002698722, -0.015), (0.05785658, 0.0028423115, -0.01471178), (0.060667086, 0.0029803829, -0.013858193), (0.06325726, 0.0031076302, -0.012472044), (0.06552757, 0.0032191633, -0.010606602), (0.06739077, 0.0033106962, -0.008333554), (0.06877525, 0.0033787114, -0.0057402514), (0.06962781, 0.0034205948, -0.0029263548), (0.06966293, 0.0068611996, 0), (0.069376096, 0.0068329494, 0.0029263548), (0.068526626, 0.006749283, 0.0057402514), (0.06714715, 0.0066134166, 0.008333554), (0.06529069, 0.0064305714, 0.010606602), (0.06302858, 0.006207774, 0.012472044), (0.06044777, 0.0059535857, 0.013858193), (0.057647422, 0.0056777755, 0.01471178), (0.05473516, 0.0053909426, 0.015), (0.051822897, 0.0051041096, 0.01471178), (0.049022548, 0.0048283, 0.013858193), (0.046441734, 0.0045741117, 0.012472044), (0.044179633, 0.004351314, 0.010606602), (0.042323172, 0.0041684685, 0.008333554), (0.040943697, 0.004032602, 0.0057402514), (0.040094223, 0.0039489362, 0.0029263548), (0.03980739, 0.0039206855, 1.8369702e-18), (0.040094223, 0.0039489362, -0.0029263548), (0.040943697, 0.004032602, -0.0057402514), (0.042323172, 0.0041684685, -0.008333554), (0.044179633, 0.004351314, -0.010606602), (0.046441734, 0.0045741117, -0.012472044), (0.049022548, 0.0048283, -0.013858193), (0.051822897, 0.0051041096, -0.01471178), (0.05473516, 0.0053909426, -0.015), (0.057647422, 0.0056777755, -0.01471178), (0.06044777, 0.0059535857, -0.013858193), (0.06302858, 0.006207774, -0.012472044), (0.06529069, 0.0064305714, -0.010606602), (0.06714715, 0.0066134166, -0.008333554), (0.068526626, 0.006749283, -0.0057402514), (0.069376096, 0.0068329494, -0.0029263548), (0.06924236, 0.010271133, 0), (0.068957254, 0.0102288425, 0.0029263548), (0.06811291, 0.010103595, 0.0057402514), (0.066741765, 0.009900205, 0.008333554), (0.06489651, 0.009626488, 0.010606602), (0.062648065, 0.009292962, 0.012472044), (0.06008283, 0.008912446, 0.013858193), (0.05729939, 0.008499562, 0.01471178), (0.05440471, 0.0080701765, 0.015), (0.051510025, 0.0076407907, 0.01471178), (0.048726585, 0.0072279065, 0.013858193), (0.046161354, 0.00684739, 0.012472044), (0.043912906, 0.0065138643, 0.010606602), (0.042067654, 0.006240147, 0.008333554), (0.04069651, 0.006036757, 0.0057402514), (0.03985216, 0.00591151, 0.0029263548), (0.03956706, 0.005869219, 1.8369702e-18), (0.03985216, 0.00591151, -0.0029263548), (0.04069651, 0.006036757, -0.0057402514), (0.042067654, 0.006240147, -0.008333554), (0.043912906, 0.0065138643, -0.010606602), (0.046161354, 0.00684739, -0.012472044), (0.048726585, 0.0072279065, -0.013858193), (0.051510025, 0.0076407907, -0.01471178), (0.05440471, 0.0080701765, -0.015), (0.05729939, 0.008499562, -0.01471178), (0.06008283, 0.008912446, -0.013858193), (0.062648065, 0.009292962, -0.012472044), (0.06489651, 0.009626488, -0.010606602), (0.066741765, 0.009900205, -0.008333554), (0.06811291, 0.010103595, -0.0057402514), (0.068957254, 0.0102288425, -0.0029263548), (0.06865497, 0.013656323, 0), (0.06837229, 0.013600093, 0.0029263548), (0.0675351, 0.013433567, 0.0057402514), (0.06617559, 0.013163143, 0.008333554), (0.064345986, 0.012799213, 0.010606602), (0.062116615, 0.012355763, 0.012472044), (0.059573144, 0.0118498355, 0.013858193), (0.056813315, 0.011300871, 0.01471178), (0.05394319, 0.010729968, 0.015), (0.051073063, 0.010159064, 0.01471178), (0.048313238, 0.009610101, 0.013858193), (0.045769762, 0.009104172, 0.012472044), (0.043540392, 0.0086607225, 0.010606602), (0.041710794, 0.008296792, 0.008333554), (0.04035128, 0.008026368, 0.0057402514), (0.039514095, 0.007859842, 0.0029263548), (0.039231412, 0.007803613, 1.8369702e-18), (0.039514095, 0.007859842, -0.0029263548), (0.04035128, 0.008026368, -0.0057402514), (0.041710794, 0.008296792, -0.008333554), (0.043540392, 0.0086607225, -0.010606602), (0.045769762, 0.009104172, -0.012472044), (0.048313238, 0.009610101, -0.013858193), (0.051073063, 0.010159064, -0.01471178), (0.05394319, 0.010729968, -0.015), (0.056813315, 0.011300871, -0.01471178), (0.059573144, 0.0118498355, -0.013858193), (0.062116615, 0.012355763, -0.012472044), (0.064345986, 0.012799213, -0.010606602), (0.06617559, 0.013163143, -0.008333554), (0.0675351, 0.013433567, -0.0057402514), (0.06837229, 0.013600093, -0.0029263548), (0.067902185, 0.017008612, 0), (0.0676226, 0.01693858, 0.0029263548), (0.0667946, 0.016731177, 0.0057402514), (0.06544999, 0.01639437, 0.008333554), (0.06364045, 0.015941104, 0.010606602), (0.061435528, 0.015388798, 0.012472044), (0.058919944, 0.014758677, 0.013858193), (0.056190375, 0.014074956, 0.01471178), (0.05335172, 0.01336391, 0.015), (0.050513063, 0.012652864, 0.01471178), (0.047783494, 0.011969143, 0.013858193), (0.04526791, 0.011339022, 0.012472044), (0.043062985, 0.010786716, 0.010606602), (0.041253448, 0.0103334505, 0.008333554), (0.039908838, 0.009996643, 0.0057402514), (0.039080832, 0.009789239, 0.0029263548), (0.03880125, 0.009719207, 1.8369702e-18), (0.039080832, 0.009789239, -0.0029263548), (0.039908838, 0.009996643, -0.0057402514), (0.041253448, 0.0103334505, -0.008333554), (0.043062985, 0.010786716, -0.010606602), (0.04526791, 0.011339022, -0.012472044), (0.047783494, 0.011969143, -0.013858193), (0.050513063, 0.012652864, -0.01471178), (0.05335172, 0.01336391, -0.015), (0.056190375, 0.014074956, -0.01471178), (0.058919944, 0.014758677, -0.013858193), (0.061435528, 0.015388798, -0.012472044), (0.06364045, 0.015941104, -0.010606602), (0.06544999, 0.01639437, -0.008333554), (0.0667946, 0.016731177, -0.0057402514), (0.0676226, 0.01693858, -0.0029263548), (0.06698582, 0.020319927, 0), (0.06671001, 0.020236261, 0.0029263548), (0.06589318, 0.01998848, 0.0057402514), (0.064566724, 0.019586101, 0.008333554), (0.0627816, 0.019044591, 0.010606602), (0.06060643, 0.01838476, 0.012472044), (0.058124796, 0.017631965, 0.013858193), (0.055432066, 0.016815133, 0.01471178), (0.052631717, 0.015965657, 0.015), (0.04983137, 0.015116181, 0.01471178), (0.04713864, 0.01429935, 0.013858193), (0.044657003, 0.013546554, 0.012472044), (0.042481832, 0.0128867235, 0.010606602), (0.040696718, 0.012345214, 0.008333554), (0.039370254, 0.011942836, 0.0057402514), (0.038553424, 0.011695053, 0.0029263548), (0.038277615, 0.011611387, 1.8369702e-18), (0.038553424, 0.011695053, -0.0029263548), (0.039370254, 0.011942836, -0.0057402514), (0.040696718, 0.012345214, -0.008333554), (0.042481832, 0.0128867235, -0.010606602), (0.044657003, 0.013546554, -0.012472044), (0.04713864, 0.01429935, -0.013858193), (0.04983137, 0.015116181, -0.01471178), (0.052631717, 0.015965657, -0.015), (0.055432066, 0.016815133, -0.01471178), (0.058124796, 0.017631965, -0.013858193), (0.06060643, 0.01838476, -0.012472044), (0.0627816, 0.019044591, -0.010606602), (0.064566724, 0.019586101, -0.008333554), (0.06589318, 0.01998848, -0.0057402514), (0.06671001, 0.020236261, -0.0029263548), (0.06590808, 0.023582289, 0), (0.06563671, 0.023485191, 0.0029263548), (0.06483302, 0.023197627, 0.0057402514), (0.063527904, 0.022730647, 0.008333554), (0.06177151, 0.022102198, 0.010606602), (0.059631333, 0.02133643, 0.012472044), (0.057189625, 0.020462774, 0.013858193), (0.054540217, 0.019514801, 0.01471178), (0.051784925, 0.018528942, 0.015), (0.049029633, 0.017543083, 0.01471178), (0.046380226, 0.01659511, 0.013858193), (0.043938518, 0.015721451, 0.012472044), (0.041798342, 0.0149556855, 0.010606602), (0.040041946, 0.014327236, 0.008333554), (0.038736824, 0.013860257, 0.0057402514), (0.037933134, 0.013572693, 0.0029263548), (0.03766176, 0.013475594, 1.8369702e-18), (0.037933134, 0.013572693, -0.0029263548), (0.038736824, 0.013860257, -0.0057402514), (0.040041946, 0.014327236, -0.008333554), (0.041798342, 0.0149556855, -0.010606602), (0.043938518, 0.015721451, -0.012472044), (0.046380226, 0.01659511, -0.013858193), (0.049029633, 0.017543083, -0.01471178), (0.051784925, 0.018528942, -0.015), (0.054540217, 0.019514801, -0.01471178), (0.057189625, 0.020462774, -0.013858193), (0.059631333, 0.02133643, -0.012472044), (0.06177151, 0.022102198, -0.010606602), (0.063527904, 0.022730647, -0.008333554), (0.06483302, 0.023197627, -0.0057402514), (0.06563671, 0.023485191, -0.0029263548), (0.06467157, 0.02678784, 0), (0.064405285, 0.026677543, 0.0029263548), (0.06361668, 0.02635089, 0.0057402514), (0.06233604, 0.025820434, 0.008333554), (0.060612597, 0.02510656, 0.010606602), (0.058512572, 0.024236701, 0.012472044), (0.056116674, 0.023244288, 0.013858193), (0.053516973, 0.022167455, 0.01471178), (0.050813373, 0.021047588, 0.015), (0.048109774, 0.019927721, 0.01471178), (0.045510072, 0.018850889, 0.013858193), (0.043114174, 0.017858475, 0.012472044), (0.041014154, 0.016988618, 0.010606602), (0.039290708, 0.016274745, 0.008333554), (0.038010072, 0.015744288, 0.0057402514), (0.03722146, 0.0154176345, 0.0029263548), (0.03695518, 0.015307337, 1.8369702e-18), (0.03722146, 0.0154176345, -0.0029263548), (0.038010072, 0.015744288, -0.0057402514), (0.039290708, 0.016274745, -0.008333554), (0.041014154, 0.016988618, -0.010606602), (0.043114174, 0.017858475, -0.012472044), (0.045510072, 0.018850889, -0.013858193), (0.048109774, 0.019927721, -0.01471178), (0.050813373, 0.021047588, -0.015), (0.053516973, 0.022167455, -0.01471178), (0.056116674, 0.023244288, -0.013858193), (0.058512572, 0.024236701, -0.012472044), (0.060612597, 0.02510656, -0.010606602), (0.06233604, 0.025820434, -0.008333554), (0.06361668, 0.02635089, -0.0057402514), (0.064405285, 0.026677543, -0.0029263548), (0.06327925, 0.029928857, 0), (0.0630187, 0.029805627, 0.0029263548), (0.062247068, 0.029440671, 0.0057402514), (0.060994007, 0.028848017, 0.008333554), (0.059307665, 0.028050438, 0.010606602), (0.057252854, 0.027078584, 0.012472044), (0.054908536, 0.025969803, 0.013858193), (0.052364804, 0.024766708, 0.01471178), (0.049719412, 0.02351553, 0.015), (0.047074016, 0.022264352, 0.01471178), (0.044530284, 0.021061257, 0.013858193), (0.04218597, 0.019952476, 0.012472044), (0.040131155, 0.018980624, 0.010606602), (0.038444817, 0.018183043, 0.008333554), (0.037191752, 0.017590389, 0.0057402514), (0.03642012, 0.017225433, 0.0029263548), (0.03615957, 0.017102204, 1.8369702e-18), (0.03642012, 0.017225433, -0.0029263548), (0.037191752, 0.017590389, -0.0057402514), (0.038444817, 0.018183043, -0.008333554), (0.040131155, 0.018980624, -0.010606602), (0.04218597, 0.019952476, -0.012472044), (0.044530284, 0.021061257, -0.013858193), (0.047074016, 0.022264352, -0.01471178), (0.049719412, 0.02351553, -0.015), (0.052364804, 0.024766708, -0.01471178), (0.054908536, 0.025969803, -0.013858193), (0.057252854, 0.027078584, -0.012472044), (0.059307665, 0.028050438, -0.010606602), (0.060994007, 0.028848017, -0.008333554), (0.062247068, 0.029440671, -0.0057402514), (0.0630187, 0.029805627, -0.0029263548), (0.06173449, 0.032997772, 0), (0.0614803, 0.032861907, 0.0029263548), (0.060727503, 0.032459527, 0.0057402514), (0.05950503, 0.0318061, 0.008333554), (0.057859857, 0.030926738, 0.010606602), (0.055855207, 0.02985523, 0.012472044), (0.05356812, 0.028632756, 0.013858193), (0.051086485, 0.027306294, 0.01471178), (0.04850567, 0.025926821, 0.015), (0.045924854, 0.024547346, 0.01471178), (0.043443218, 0.023220886, 0.013858193), (0.04115613, 0.021998411, 0.012472044), (0.039151482, 0.020926904, 0.010606602), (0.03750631, 0.02004754, 0.008333554), (0.036283836, 0.019394113, 0.0057402514), (0.03553104, 0.018991737, 0.0029263548), (0.03527685, 0.01885587, 1.8369702e-18), (0.03553104, 0.018991737, -0.0029263548), (0.036283836, 0.019394113, -0.0057402514), (0.03750631, 0.02004754, -0.008333554), (0.039151482, 0.020926904, -0.010606602), (0.04115613, 0.021998411, -0.012472044), (0.043443218, 0.023220886, -0.013858193), (0.045924854, 0.024547346, -0.01471178), (0.04850567, 0.025926821, -0.015), (0.051086485, 0.027306294, -0.01471178), (0.05356812, 0.028632756, -0.013858193), (0.055855207, 0.02985523, -0.012472044), (0.057859857, 0.030926738, -0.010606602), (0.05950503, 0.0318061, -0.008333554), (0.060727503, 0.032459527, -0.0057402514), (0.0614803, 0.032861907, -0.0029263548), (0.060041003, 0.03598719, 0), (0.05979379, 0.035839017, 0.0029263548), (0.059061643, 0.035400186, 0.0057402514), (0.0578727, 0.034687564, 0.008333554), (0.05627266, 0.033728532, 0.010606602), (0.054323, 0.032559954, 0.012472044), (0.05209865, 0.03122673, 0.013858193), (0.04968509, 0.029780097, 0.01471178), (0.047175072, 0.028275652, 0.015), (0.044665053, 0.026771205, 0.01471178), (0.042251494, 0.025324572, 0.013858193), (0.040027145, 0.023991348, 0.012472044), (0.03807749, 0.022822767, 0.010606602), (0.036477443, 0.021863738, 0.008333554), (0.035288505, 0.021151116, 0.0057402514), (0.03455636, 0.020712284, 0.0029263548), (0.034309145, 0.02056411, 1.8369702e-18), (0.03455636, 0.020712284, -0.0029263548), (0.035288505, 0.021151116, -0.0057402514), (0.036477443, 0.021863738, -0.008333554), (0.03807749, 0.022822767, -0.010606602), (0.040027145, 0.023991348, -0.012472044), (0.042251494, 0.025324572, -0.013858193), (0.044665053, 0.026771205, -0.01471178), (0.047175072, 0.028275652, -0.015), (0.04968509, 0.029780097, -0.01471178), (0.05209865, 0.03122673, -0.013858193), (0.054323, 0.032559954, -0.012472044), (0.05627266, 0.033728532, -0.010606602), (0.0578727, 0.034687564, -0.008333554), (0.059061643, 0.035400186, -0.0057402514), (0.05979379, 0.035839017, -0.0029263548), (0.058202874, 0.038889915, 0), (0.057963226, 0.03872979, 0.0029263548), (0.057253495, 0.03825556, 0.0057402514), (0.056100953, 0.037485458, 0.008333554), (0.054549895, 0.036449075, 0.010606602), (0.052659925, 0.03518624, 0.012472044), (0.050503675, 0.033745475, 0.013858193), (0.048164003, 0.032182157, 0.01471178), (0.04573083, 0.030556362, 0.015), (0.043297652, 0.028930567, 0.01471178), (0.040957984, 0.02736725, 0.013858193), (0.038801733, 0.02592649, 0.012472044), (0.036911763, 0.024663651, 0.010606602), (0.0353607, 0.023627266, 0.008333554), (0.034208164, 0.022857163, 0.0057402514), (0.033498432, 0.022382936, 0.0029263548), (0.033258785, 0.02222281, 1.8369702e-18), (0.033498432, 0.022382936, -0.0029263548), (0.034208164, 0.022857163, -0.0057402514), (0.0353607, 0.023627266, -0.008333554), (0.036911763, 0.024663651, -0.010606602), (0.038801733, 0.02592649, -0.012472044), (0.040957984, 0.02736725, -0.013858193), (0.043297652, 0.028930567, -0.01471178), (0.04573083, 0.030556362, -0.015), (0.048164003, 0.032182157, -0.01471178), (0.050503675, 0.033745475, -0.013858193), (0.052659925, 0.03518624, -0.012472044), (0.054549895, 0.036449075, -0.010606602), (0.056100953, 0.037485458, -0.008333554), (0.057253495, 0.03825556, -0.0057402514), (0.057963226, 0.03872979, -0.0029263548), (0.05622453, 0.04169895, 0), (0.055993024, 0.04152726, 0.0029263548), (0.055307418, 0.041018777, 0.0057402514), (0.054194055, 0.04019305, 0.008333554), (0.052695718, 0.03908181, 0.010606602), (0.050869986, 0.037727755, 0.012472044), (0.048787028, 0.036182925, 0.013858193), (0.046526883, 0.03450669, 0.01471178), (0.044176415, 0.032763463, 0.015), (0.041825943, 0.031020233, 0.01471178), (0.0395658, 0.029343998, 0.013858193), (0.037482843, 0.02779917, 0.012472044), (0.03565711, 0.026445117, 0.010606602), (0.034158774, 0.025333874, 0.008333554), (0.03304541, 0.024508147, 0.0057402514), (0.0323598, 0.023999665, 0.0029263548), (0.0321283, 0.023827972, 1.8369702e-18), (0.0323598, 0.023999665, -0.0029263548), (0.03304541, 0.024508147, -0.0057402514), (0.034158774, 0.025333874, -0.008333554), (0.03565711, 0.026445117, -0.010606602), (0.037482843, 0.02779917, -0.012472044), (0.0395658, 0.029343998, -0.013858193), (0.041825943, 0.031020233, -0.01471178), (0.044176415, 0.032763463, -0.015), (0.046526883, 0.03450669, -0.01471178), (0.048787028, 0.036182925, -0.013858193), (0.050869986, 0.037727755, -0.012472044), (0.052695718, 0.03908181, -0.010606602), (0.054194055, 0.04019305, -0.008333554), (0.055307418, 0.041018777, -0.0057402514), (0.055993024, 0.04152726, -0.0029263548), (0.054110732, 0.04440753, 0), (0.053887933, 0.044224683, 0.0029263548), (0.053228103, 0.043683175, 0.0057402514), (0.052156594, 0.042803813, 0.008333554), (0.05071459, 0.04162039, 0.010606602), (0.0489575, 0.04017838, 0.012472044), (0.04695285, 0.038533207, 0.013858193), (0.044777676, 0.03674809, 0.01471178), (0.042515576, 0.03489163, 0.015), (0.04025347, 0.03303517, 0.01471178), (0.0380783, 0.031250052, 0.013858193), (0.03607365, 0.02960488, 0.012472044), (0.034316562, 0.028162874, 0.010606602), (0.032874554, 0.02697945, 0.008333554), (0.031803045, 0.026100086, 0.0057402514), (0.031143216, 0.025558576, 0.0029263548), (0.030920418, 0.025375731, 1.8369702e-18), (0.031143216, 0.025558576, -0.0029263548), (0.031803045, 0.026100086, -0.0057402514), (0.032874554, 0.02697945, -0.008333554), (0.034316562, 0.028162874, -0.010606602), (0.03607365, 0.02960488, -0.012472044), (0.0380783, 0.031250052, -0.013858193), (0.04025347, 0.03303517, -0.01471178), (0.042515576, 0.03489163, -0.015), (0.044777676, 0.03674809, -0.01471178), (0.04695285, 0.038533207, -0.013858193), (0.0489575, 0.04017838, -0.012472044), (0.05071459, 0.04162039, -0.010606602), (0.052156594, 0.042803813, -0.008333554), (0.053228103, 0.043683175, -0.0057402514), (0.053887933, 0.044224683, -0.0029263548), (0.05186658, 0.047009125, 0), (0.05165302, 0.04681557, 0.0029263548), (0.051020555, 0.046242338, 0.0057402514), (0.049993485, 0.045311455, 0.008333554), (0.048611287, 0.0440587, 0.010606602), (0.04692707, 0.042532217, 0.012472044), (0.045005556, 0.04079066, 0.013858193), (0.042920597, 0.038900964, 0.01471178), (0.04075231, 0.036935743, 0.015), (0.038584027, 0.034970522, 0.01471178), (0.036499064, 0.033080824, 0.013858193), (0.034577556, 0.03133927, 0.012472044), (0.032893337, 0.029812785, 0.010606602), (0.031511135, 0.02856003, 0.008333554), (0.030484067, 0.027629148, 0.0057402514), (0.029851602, 0.027055915, 0.0029263548), (0.029638045, 0.026862359, 1.8369702e-18), (0.029851602, 0.027055915, -0.0029263548), (0.030484067, 0.027629148, -0.0057402514), (0.031511135, 0.02856003, -0.008333554), (0.032893337, 0.029812785, -0.010606602), (0.034577556, 0.03133927, -0.012472044), (0.036499064, 0.033080824, -0.013858193), (0.038584027, 0.034970522, -0.01471178), (0.04075231, 0.036935743, -0.015), (0.042920597, 0.038900964, -0.01471178), (0.045005556, 0.04079066, -0.013858193), (0.04692707, 0.042532217, -0.012472044), (0.048611287, 0.0440587, -0.010606602), (0.049993485, 0.045311455, -0.008333554), (0.051020555, 0.046242338, -0.0057402514), (0.05165302, 0.04681557, -0.0029263548), (0.049497474, 0.049497474, 0), (0.04929367, 0.04929367, 0.0029263548), (0.048690096, 0.048690096, 0.0057402514), (0.04770994, 0.04770994, 0.008333554), (0.046390872, 0.046390872, 0.010606602), (0.044783585, 0.044783585, 0.012472044), (0.042949844, 0.042949844, 0.013858193), (0.04096012, 0.04096012, 0.01471178), (0.038890872, 0.038890872, 0.015), (0.036821626, 0.036821626, 0.01471178), (0.034831904, 0.034831904, 0.013858193), (0.03299816, 0.03299816, 0.012472044), (0.03139087, 0.03139087, 0.010606602), (0.030071806, 0.030071806, 0.008333554), (0.02909165, 0.02909165, 0.0057402514), (0.028488073, 0.028488073, 0.0029263548), (0.02828427, 0.02828427, 1.8369702e-18), (0.028488073, 0.028488073, -0.0029263548), (0.02909165, 0.02909165, -0.0057402514), (0.030071806, 0.030071806, -0.008333554), (0.03139087, 0.03139087, -0.010606602), (0.03299816, 0.03299816, -0.012472044), (0.034831904, 0.034831904, -0.013858193), (0.036821626, 0.036821626, -0.01471178), (0.038890872, 0.038890872, -0.015), (0.04096012, 0.04096012, -0.01471178), (0.042949844, 0.042949844, -0.013858193), (0.044783585, 0.044783585, -0.012472044), (0.046390872, 0.046390872, -0.010606602), (0.04770994, 0.04770994, -0.008333554), (0.048690096, 0.048690096, -0.0057402514), (0.04929367, 0.04929367, -0.0029263548), (0.047009125, 0.05186658, 0), (0.04681557, 0.05165302, 0.0029263548), (0.046242338, 0.051020555, 0.0057402514), (0.045311455, 0.049993485, 0.008333554), (0.0440587, 0.048611287, 0.010606602), (0.042532217, 0.04692707, 0.012472044), (0.04079066, 0.045005556, 0.013858193), (0.038900964, 0.042920597, 0.01471178), (0.036935743, 0.04075231, 0.015), (0.034970522, 0.038584027, 0.01471178), (0.033080824, 0.036499064, 0.013858193), (0.03133927, 0.034577556, 0.012472044), (0.029812785, 0.032893337, 0.010606602), (0.02856003, 0.031511135, 0.008333554), (0.027629148, 0.030484067, 0.0057402514), (0.027055915, 0.029851602, 0.0029263548), (0.026862359, 0.029638045, 1.8369702e-18), (0.027055915, 0.029851602, -0.0029263548), (0.027629148, 0.030484067, -0.0057402514), (0.02856003, 0.031511135, -0.008333554), (0.029812785, 0.032893337, -0.010606602), (0.03133927, 0.034577556, -0.012472044), (0.033080824, 0.036499064, -0.013858193), (0.034970522, 0.038584027, -0.01471178), (0.036935743, 0.04075231, -0.015), (0.038900964, 0.042920597, -0.01471178), (0.04079066, 0.045005556, -0.013858193), (0.042532217, 0.04692707, -0.012472044), (0.0440587, 0.048611287, -0.010606602), (0.045311455, 0.049993485, -0.008333554), (0.046242338, 0.051020555, -0.0057402514), (0.04681557, 0.05165302, -0.0029263548), (0.04440753, 0.054110732, 0), (0.044224683, 0.053887933, 0.0029263548), (0.043683175, 0.053228103, 0.0057402514), (0.042803813, 0.052156594, 0.008333554), (0.04162039, 0.05071459, 0.010606602), (0.04017838, 0.0489575, 0.012472044), (0.038533207, 0.04695285, 0.013858193), (0.03674809, 0.044777676, 0.01471178), (0.03489163, 0.042515576, 0.015), (0.03303517, 0.04025347, 0.01471178), (0.031250052, 0.0380783, 0.013858193), (0.02960488, 0.03607365, 0.012472044), (0.028162874, 0.034316562, 0.010606602), (0.02697945, 0.032874554, 0.008333554), (0.026100086, 0.031803045, 0.0057402514), (0.025558576, 0.031143216, 0.0029263548), (0.025375731, 0.030920418, 1.8369702e-18), (0.025558576, 0.031143216, -0.0029263548), (0.026100086, 0.031803045, -0.0057402514), (0.02697945, 0.032874554, -0.008333554), (0.028162874, 0.034316562, -0.010606602), (0.02960488, 0.03607365, -0.012472044), (0.031250052, 0.0380783, -0.013858193), (0.03303517, 0.04025347, -0.01471178), (0.03489163, 0.042515576, -0.015), (0.03674809, 0.044777676, -0.01471178), (0.038533207, 0.04695285, -0.013858193), (0.04017838, 0.0489575, -0.012472044), (0.04162039, 0.05071459, -0.010606602), (0.042803813, 0.052156594, -0.008333554), (0.043683175, 0.053228103, -0.0057402514), (0.044224683, 0.053887933, -0.0029263548), (0.04169895, 0.05622453, 0), (0.04152726, 0.055993024, 0.0029263548), (0.041018777, 0.055307418, 0.0057402514), (0.04019305, 0.054194055, 0.008333554), (0.03908181, 0.052695718, 0.010606602), (0.037727755, 0.050869986, 0.012472044), (0.036182925, 0.048787028, 0.013858193), (0.03450669, 0.046526883, 0.01471178), (0.032763463, 0.044176415, 0.015), (0.031020233, 0.041825943, 0.01471178), (0.029343998, 0.0395658, 0.013858193), (0.02779917, 0.037482843, 0.012472044), (0.026445117, 0.03565711, 0.010606602), (0.025333874, 0.034158774, 0.008333554), (0.024508147, 0.03304541, 0.0057402514), (0.023999665, 0.0323598, 0.0029263548), (0.023827972, 0.0321283, 1.8369702e-18), (0.023999665, 0.0323598, -0.0029263548), (0.024508147, 0.03304541, -0.0057402514), (0.025333874, 0.034158774, -0.008333554), (0.026445117, 0.03565711, -0.010606602), (0.02779917, 0.037482843, -0.012472044), (0.029343998, 0.0395658, -0.013858193), (0.031020233, 0.041825943, -0.01471178), (0.032763463, 0.044176415, -0.015), (0.03450669, 0.046526883, -0.01471178), (0.036182925, 0.048787028, -0.013858193), (0.037727755, 0.050869986, -0.012472044), (0.03908181, 0.052695718, -0.010606602), (0.04019305, 0.054194055, -0.008333554), (0.041018777, 0.055307418, -0.0057402514), (0.04152726, 0.055993024, -0.0029263548), (0.038889915, 0.058202874, 0), (0.03872979, 0.057963226, 0.0029263548), (0.03825556, 0.057253495, 0.0057402514), (0.037485458, 0.056100953, 0.008333554), (0.036449075, 0.054549895, 0.010606602), (0.03518624, 0.052659925, 0.012472044), (0.033745475, 0.050503675, 0.013858193), (0.032182157, 0.048164003, 0.01471178), (0.030556362, 0.04573083, 0.015), (0.028930567, 0.043297652, 0.01471178), (0.02736725, 0.040957984, 0.013858193), (0.02592649, 0.038801733, 0.012472044), (0.024663651, 0.036911763, 0.010606602), (0.023627266, 0.0353607, 0.008333554), (0.022857163, 0.034208164, 0.0057402514), (0.022382936, 0.033498432, 0.0029263548), (0.02222281, 0.033258785, 1.8369702e-18), (0.022382936, 0.033498432, -0.0029263548), (0.022857163, 0.034208164, -0.0057402514), (0.023627266, 0.0353607, -0.008333554), (0.024663651, 0.036911763, -0.010606602), (0.02592649, 0.038801733, -0.012472044), (0.02736725, 0.040957984, -0.013858193), (0.028930567, 0.043297652, -0.01471178), (0.030556362, 0.04573083, -0.015), (0.032182157, 0.048164003, -0.01471178), (0.033745475, 0.050503675, -0.013858193), (0.03518624, 0.052659925, -0.012472044), (0.036449075, 0.054549895, -0.010606602), (0.037485458, 0.056100953, -0.008333554), (0.03825556, 0.057253495, -0.0057402514), (0.03872979, 0.057963226, -0.0029263548), (0.03598719, 0.060041003, 0), (0.035839017, 0.05979379, 0.0029263548), (0.035400186, 0.059061643, 0.0057402514), (0.034687564, 0.0578727, 0.008333554), (0.033728532, 0.05627266, 0.010606602), (0.032559954, 0.054323, 0.012472044), (0.03122673, 0.05209865, 0.013858193), (0.029780097, 0.04968509, 0.01471178), (0.028275652, 0.047175072, 0.015), (0.026771205, 0.044665053, 0.01471178), (0.025324572, 0.042251494, 0.013858193), (0.023991348, 0.040027145, 0.012472044), (0.022822767, 0.03807749, 0.010606602), (0.021863738, 0.036477443, 0.008333554), (0.021151116, 0.035288505, 0.0057402514), (0.020712284, 0.03455636, 0.0029263548), (0.02056411, 0.034309145, 1.8369702e-18), (0.020712284, 0.03455636, -0.0029263548), (0.021151116, 0.035288505, -0.0057402514), (0.021863738, 0.036477443, -0.008333554), (0.022822767, 0.03807749, -0.010606602), (0.023991348, 0.040027145, -0.012472044), (0.025324572, 0.042251494, -0.013858193), (0.026771205, 0.044665053, -0.01471178), (0.028275652, 0.047175072, -0.015), (0.029780097, 0.04968509, -0.01471178), (0.03122673, 0.05209865, -0.013858193), (0.032559954, 0.054323, -0.012472044), (0.033728532, 0.05627266, -0.010606602), (0.034687564, 0.0578727, -0.008333554), (0.035400186, 0.059061643, -0.0057402514), (0.035839017, 0.05979379, -0.0029263548), (0.032997772, 0.06173449, 0), (0.032861907, 0.0614803, 0.0029263548), (0.032459527, 0.060727503, 0.0057402514), (0.0318061, 0.05950503, 0.008333554), (0.030926738, 0.057859857, 0.010606602), (0.02985523, 0.055855207, 0.012472044), (0.028632756, 0.05356812, 0.013858193), (0.027306294, 0.051086485, 0.01471178), (0.025926821, 0.04850567, 0.015), (0.024547346, 0.045924854, 0.01471178), (0.023220886, 0.043443218, 0.013858193), (0.021998411, 0.04115613, 0.012472044), (0.020926904, 0.039151482, 0.010606602), (0.02004754, 0.03750631, 0.008333554), (0.019394113, 0.036283836, 0.0057402514), (0.018991737, 0.03553104, 0.0029263548), (0.01885587, 0.03527685, 1.8369702e-18), (0.018991737, 0.03553104, -0.0029263548), (0.019394113, 0.036283836, -0.0057402514), (0.02004754, 0.03750631, -0.008333554), (0.020926904, 0.039151482, -0.010606602), (0.021998411, 0.04115613, -0.012472044), (0.023220886, 0.043443218, -0.013858193), (0.024547346, 0.045924854, -0.01471178), (0.025926821, 0.04850567, -0.015), (0.027306294, 0.051086485, -0.01471178), (0.028632756, 0.05356812, -0.013858193), (0.02985523, 0.055855207, -0.012472044), (0.030926738, 0.057859857, -0.010606602), (0.0318061, 0.05950503, -0.008333554), (0.032459527, 0.060727503, -0.0057402514), (0.032861907, 0.0614803, -0.0029263548), (0.029928857, 0.06327925, 0), (0.029805627, 0.0630187, 0.0029263548), (0.029440671, 0.062247068, 0.0057402514), (0.028848017, 0.060994007, 0.008333554), (0.028050438, 0.059307665, 0.010606602), (0.027078584, 0.057252854, 0.012472044), (0.025969803, 0.054908536, 0.013858193), (0.024766708, 0.052364804, 0.01471178), (0.02351553, 0.049719412, 0.015), (0.022264352, 0.047074016, 0.01471178), (0.021061257, 0.044530284, 0.013858193), (0.019952476, 0.04218597, 0.012472044), (0.018980624, 0.040131155, 0.010606602), (0.018183043, 0.038444817, 0.008333554), (0.017590389, 0.037191752, 0.0057402514), (0.017225433, 0.03642012, 0.0029263548), (0.017102204, 0.03615957, 1.8369702e-18), (0.017225433, 0.03642012, -0.0029263548), (0.017590389, 0.037191752, -0.0057402514), (0.018183043, 0.038444817, -0.008333554), (0.018980624, 0.040131155, -0.010606602), (0.019952476, 0.04218597, -0.012472044), (0.021061257, 0.044530284, -0.013858193), (0.022264352, 0.047074016, -0.01471178), (0.02351553, 0.049719412, -0.015), (0.024766708, 0.052364804, -0.01471178), (0.025969803, 0.054908536, -0.013858193), (0.027078584, 0.057252854, -0.012472044), (0.028050438, 0.059307665, -0.010606602), (0.028848017, 0.060994007, -0.008333554), (0.029440671, 0.062247068, -0.0057402514), (0.029805627, 0.0630187, -0.0029263548), (0.02678784, 0.06467157, 0), (0.026677543, 0.064405285, 0.0029263548), (0.02635089, 0.06361668, 0.0057402514), (0.025820434, 0.06233604, 0.008333554), (0.02510656, 0.060612597, 0.010606602), (0.024236701, 0.058512572, 0.012472044), (0.023244288, 0.056116674, 0.013858193), (0.022167455, 0.053516973, 0.01471178), (0.021047588, 0.050813373, 0.015), (0.019927721, 0.048109774, 0.01471178), (0.018850889, 0.045510072, 0.013858193), (0.017858475, 0.043114174, 0.012472044), (0.016988618, 0.041014154, 0.010606602), (0.016274745, 0.039290708, 0.008333554), (0.015744288, 0.038010072, 0.0057402514), (0.0154176345, 0.03722146, 0.0029263548), (0.015307337, 0.03695518, 1.8369702e-18), (0.0154176345, 0.03722146, -0.0029263548), (0.015744288, 0.038010072, -0.0057402514), (0.016274745, 0.039290708, -0.008333554), (0.016988618, 0.041014154, -0.010606602), (0.017858475, 0.043114174, -0.012472044), (0.018850889, 0.045510072, -0.013858193), (0.019927721, 0.048109774, -0.01471178), (0.021047588, 0.050813373, -0.015), (0.022167455, 0.053516973, -0.01471178), (0.023244288, 0.056116674, -0.013858193), (0.024236701, 0.058512572, -0.012472044), (0.02510656, 0.060612597, -0.010606602), (0.025820434, 0.06233604, -0.008333554), (0.02635089, 0.06361668, -0.0057402514), (0.026677543, 0.064405285, -0.0029263548), (0.023582289, 0.06590808, 0), (0.023485191, 0.06563671, 0.0029263548), (0.023197627, 0.06483302, 0.0057402514), (0.022730647, 0.063527904, 0.008333554), (0.022102198, 0.06177151, 0.010606602), (0.02133643, 0.059631333, 0.012472044), (0.020462774, 0.057189625, 0.013858193), (0.019514801, 0.054540217, 0.01471178), (0.018528942, 0.051784925, 0.015), (0.017543083, 0.049029633, 0.01471178), (0.01659511, 0.046380226, 0.013858193), (0.015721451, 0.043938518, 0.012472044), (0.0149556855, 0.041798342, 0.010606602), (0.014327236, 0.040041946, 0.008333554), (0.013860257, 0.038736824, 0.0057402514), (0.013572693, 0.037933134, 0.0029263548), (0.013475594, 0.03766176, 1.8369702e-18), (0.013572693, 0.037933134, -0.0029263548), (0.013860257, 0.038736824, -0.0057402514), (0.014327236, 0.040041946, -0.008333554), (0.0149556855, 0.041798342, -0.010606602), (0.015721451, 0.043938518, -0.012472044), (0.01659511, 0.046380226, -0.013858193), (0.017543083, 0.049029633, -0.01471178), (0.018528942, 0.051784925, -0.015), (0.019514801, 0.054540217, -0.01471178), (0.020462774, 0.057189625, -0.013858193), (0.02133643, 0.059631333, -0.012472044), (0.022102198, 0.06177151, -0.010606602), (0.022730647, 0.063527904, -0.008333554), (0.023197627, 0.06483302, -0.0057402514), (0.023485191, 0.06563671, -0.0029263548), (0.020319927, 0.06698582, 0), (0.020236261, 0.06671001, 0.0029263548), (0.01998848, 0.06589318, 0.0057402514), (0.019586101, 0.064566724, 0.008333554), (0.019044591, 0.0627816, 0.010606602), (0.01838476, 0.06060643, 0.012472044), (0.017631965, 0.058124796, 0.013858193), (0.016815133, 0.055432066, 0.01471178), (0.015965657, 0.052631717, 0.015), (0.015116181, 0.04983137, 0.01471178), (0.01429935, 0.04713864, 0.013858193), (0.013546554, 0.044657003, 0.012472044), (0.0128867235, 0.042481832, 0.010606602), (0.012345214, 0.040696718, 0.008333554), (0.011942836, 0.039370254, 0.0057402514), (0.011695053, 0.038553424, 0.0029263548), (0.011611387, 0.038277615, 1.8369702e-18), (0.011695053, 0.038553424, -0.0029263548), (0.011942836, 0.039370254, -0.0057402514), (0.012345214, 0.040696718, -0.008333554), (0.0128867235, 0.042481832, -0.010606602), (0.013546554, 0.044657003, -0.012472044), (0.01429935, 0.04713864, -0.013858193), (0.015116181, 0.04983137, -0.01471178), (0.015965657, 0.052631717, -0.015), (0.016815133, 0.055432066, -0.01471178), (0.017631965, 0.058124796, -0.013858193), (0.01838476, 0.06060643, -0.012472044), (0.019044591, 0.0627816, -0.010606602), (0.019586101, 0.064566724, -0.008333554), (0.01998848, 0.06589318, -0.0057402514), (0.020236261, 0.06671001, -0.0029263548), (0.017008612, 0.067902185, 0), (0.01693858, 0.0676226, 0.0029263548), (0.016731177, 0.0667946, 0.0057402514), (0.01639437, 0.06544999, 0.008333554), (0.015941104, 0.06364045, 0.010606602), (0.015388798, 0.061435528, 0.012472044), (0.014758677, 0.058919944, 0.013858193), (0.014074956, 0.056190375, 0.01471178), (0.01336391, 0.05335172, 0.015), (0.012652864, 0.050513063, 0.01471178), (0.011969143, 0.047783494, 0.013858193), (0.011339022, 0.04526791, 0.012472044), (0.010786716, 0.043062985, 0.010606602), (0.0103334505, 0.041253448, 0.008333554), (0.009996643, 0.039908838, 0.0057402514), (0.009789239, 0.039080832, 0.0029263548), (0.009719207, 0.03880125, 1.8369702e-18), (0.009789239, 0.039080832, -0.0029263548), (0.009996643, 0.039908838, -0.0057402514), (0.0103334505, 0.041253448, -0.008333554), (0.010786716, 0.043062985, -0.010606602), (0.011339022, 0.04526791, -0.012472044), (0.011969143, 0.047783494, -0.013858193), (0.012652864, 0.050513063, -0.01471178), (0.01336391, 0.05335172, -0.015), (0.014074956, 0.056190375, -0.01471178), (0.014758677, 0.058919944, -0.013858193), (0.015388798, 0.061435528, -0.012472044), (0.015941104, 0.06364045, -0.010606602), (0.01639437, 0.06544999, -0.008333554), (0.016731177, 0.0667946, -0.0057402514), (0.01693858, 0.0676226, -0.0029263548), (0.013656323, 0.06865497, 0), (0.013600093, 0.06837229, 0.0029263548), (0.013433567, 0.0675351, 0.0057402514), (0.013163143, 0.06617559, 0.008333554), (0.012799213, 0.064345986, 0.010606602), (0.012355763, 0.062116615, 0.012472044), (0.0118498355, 0.059573144, 0.013858193), (0.011300871, 0.056813315, 0.01471178), (0.010729968, 0.05394319, 0.015), (0.010159064, 0.051073063, 0.01471178), (0.009610101, 0.048313238, 0.013858193), (0.009104172, 0.045769762, 0.012472044), (0.0086607225, 0.043540392, 0.010606602), (0.008296792, 0.041710794, 0.008333554), (0.008026368, 0.04035128, 0.0057402514), (0.007859842, 0.039514095, 0.0029263548), (0.007803613, 0.039231412, 1.8369702e-18), (0.007859842, 0.039514095, -0.0029263548), (0.008026368, 0.04035128, -0.0057402514), (0.008296792, 0.041710794, -0.008333554), (0.0086607225, 0.043540392, -0.010606602), (0.009104172, 0.045769762, -0.012472044), (0.009610101, 0.048313238, -0.013858193), (0.010159064, 0.051073063, -0.01471178), (0.010729968, 0.05394319, -0.015), (0.011300871, 0.056813315, -0.01471178), (0.0118498355, 0.059573144, -0.013858193), (0.012355763, 0.062116615, -0.012472044), (0.012799213, 0.064345986, -0.010606602), (0.013163143, 0.06617559, -0.008333554), (0.013433567, 0.0675351, -0.0057402514), (0.013600093, 0.06837229, -0.0029263548), (0.010271133, 0.06924236, 0), (0.0102288425, 0.068957254, 0.0029263548), (0.010103595, 0.06811291, 0.0057402514), (0.009900205, 0.066741765, 0.008333554), (0.009626488, 0.06489651, 0.010606602), (0.009292962, 0.062648065, 0.012472044), (0.008912446, 0.06008283, 0.013858193), (0.008499562, 0.05729939, 0.01471178), (0.0080701765, 0.05440471, 0.015), (0.0076407907, 0.051510025, 0.01471178), (0.0072279065, 0.048726585, 0.013858193), (0.00684739, 0.046161354, 0.012472044), (0.0065138643, 0.043912906, 0.010606602), (0.006240147, 0.042067654, 0.008333554), (0.006036757, 0.04069651, 0.0057402514), (0.00591151, 0.03985216, 0.0029263548), (0.005869219, 0.03956706, 1.8369702e-18), (0.00591151, 0.03985216, -0.0029263548), (0.006036757, 0.04069651, -0.0057402514), (0.006240147, 0.042067654, -0.008333554), (0.0065138643, 0.043912906, -0.010606602), (0.00684739, 0.046161354, -0.012472044), (0.0072279065, 0.048726585, -0.013858193), (0.0076407907, 0.051510025, -0.01471178), (0.0080701765, 0.05440471, -0.015), (0.008499562, 0.05729939, -0.01471178), (0.008912446, 0.06008283, -0.013858193), (0.009292962, 0.062648065, -0.012472044), (0.009626488, 0.06489651, -0.010606602), (0.009900205, 0.066741765, -0.008333554), (0.010103595, 0.06811291, -0.0057402514), (0.0102288425, 0.068957254, -0.0029263548), (0.0068611996, 0.06966293, 0), (0.0068329494, 0.069376096, 0.0029263548), (0.006749283, 0.068526626, 0.0057402514), (0.0066134166, 0.06714715, 0.008333554), (0.0064305714, 0.06529069, 0.010606602), (0.006207774, 0.06302858, 0.012472044), (0.0059535857, 0.06044777, 0.013858193), (0.0056777755, 0.057647422, 0.01471178), (0.0053909426, 0.05473516, 0.015), (0.0051041096, 0.051822897, 0.01471178), (0.0048283, 0.049022548, 0.013858193), (0.0045741117, 0.046441734, 0.012472044), (0.004351314, 0.044179633, 0.010606602), (0.0041684685, 0.042323172, 0.008333554), (0.004032602, 0.040943697, 0.0057402514), (0.0039489362, 0.040094223, 0.0029263548), (0.0039206855, 0.03980739, 1.8369702e-18), (0.0039489362, 0.040094223, -0.0029263548), (0.004032602, 0.040943697, -0.0057402514), (0.0041684685, 0.042323172, -0.008333554), (0.004351314, 0.044179633, -0.010606602), (0.0045741117, 0.046441734, -0.012472044), (0.0048283, 0.049022548, -0.013858193), (0.0051041096, 0.051822897, -0.01471178), (0.0053909426, 0.05473516, -0.015), (0.0056777755, 0.057647422, -0.01471178), (0.0059535857, 0.06044777, -0.013858193), (0.006207774, 0.06302858, -0.012472044), (0.0064305714, 0.06529069, -0.010606602), (0.0066134166, 0.06714715, -0.008333554), (0.006749283, 0.068526626, -0.0057402514), (0.0068329494, 0.069376096, -0.0029263548), (0.0034347372, 0.06991568, 0), (0.0034205948, 0.06962781, 0.0029263548), (0.0033787114, 0.06877525, 0.0057402514), (0.0033106962, 0.06739077, 0.008333554), (0.0032191633, 0.06552757, 0.010606602), (0.0031076302, 0.06325726, 0.012472044), (0.0029803829, 0.060667086, 0.013858193), (0.0028423115, 0.05785658, 0.01471178), (0.002698722, 0.05493375, 0.015), (0.0025551326, 0.05201092, 0.01471178), (0.0024170612, 0.049200412, 0.013858193), (0.002289814, 0.046610236, 0.012472044), (0.0021782808, 0.044339925, 0.010606602), (0.002086748, 0.04247673, 0.008333554), (0.0020187327, 0.04109225, 0.0057402514), (0.0019768493, 0.04023969, 0.0029263548), (0.001962707, 0.03995182, 1.8369702e-18), (0.0019768493, 0.04023969, -0.0029263548), (0.0020187327, 0.04109225, -0.0057402514), (0.002086748, 0.04247673, -0.008333554), (0.0021782808, 0.044339925, -0.010606602), (0.002289814, 0.046610236, -0.012472044), (0.0024170612, 0.049200412, -0.013858193), (0.0025551326, 0.05201092, -0.01471178), (0.002698722, 0.05493375, -0.015), (0.0028423115, 0.05785658, -0.01471178), (0.0029803829, 0.060667086, -0.013858193), (0.0031076302, 0.06325726, -0.012472044), (0.0032191633, 0.06552757, -0.010606602), (0.0033106962, 0.06739077, -0.008333554), (0.0033787114, 0.06877525, -0.0057402514), (0.0034205948, 0.06962781, -0.0029263548), (4.286264e-18, 0.07, 0), (4.2686155e-18, 0.06971178, 0.0029263548), (4.2163484e-18, 0.06885819, 0.0057402514), (4.131471e-18, 0.06747204, 0.008333554), (4.0172457e-18, 0.0656066, 0.010606602), (3.8780618e-18, 0.063333556, 0.012472044), (3.719268e-18, 0.06074025, 0.013858193), (3.546966e-18, 0.057926353, 0.01471178), (3.3677786e-18, 0.055, 0.015), (3.1885912e-18, 0.052073646, 0.01471178), (3.0162897e-18, 0.04925975, 0.013858193), (2.8574956e-18, 0.046666447, 0.012472044), (2.7183117e-18, 0.044393398, 0.010606602), (2.6040862e-18, 0.042527955, 0.008333554), (2.5192092e-18, 0.041141808, 0.0057402514), (2.466942e-18, 0.04028822, 0.0029263548), (2.4492936e-18, 0.04, 1.8369702e-18), (2.466942e-18, 0.04028822, -0.0029263548), (2.5192092e-18, 0.041141808, -0.0057402514), (2.6040862e-18, 0.042527955, -0.008333554), (2.7183117e-18, 0.044393398, -0.010606602), (2.8574956e-18, 0.046666447, -0.012472044), (3.0162897e-18, 0.04925975, -0.013858193), (3.1885912e-18, 0.052073646, -0.01471178), (3.3677786e-18, 0.055, -0.015), (3.546966e-18, 0.057926353, -0.01471178), (3.719268e-18, 0.06074025, -0.013858193), (3.8780618e-18, 0.063333556, -0.012472044), (4.0172457e-18, 0.0656066, -0.010606602), (4.131471e-18, 0.06747204, -0.008333554), (4.2163484e-18, 0.06885819, -0.0057402514), (4.2686155e-18, 0.06971178, -0.0029263548), (-0.0034347372, 0.06991568, 0), (-0.0034205948, 0.06962781, 0.0029263548), (-0.0033787114, 0.06877525, 0.0057402514), (-0.0033106962, 0.06739077, 0.008333554), (-0.0032191633, 0.06552757, 0.010606602), (-0.0031076302, 0.06325726, 0.012472044), (-0.0029803829, 0.060667086, 0.013858193), (-0.0028423115, 0.05785658, 0.01471178), (-0.002698722, 0.05493375, 0.015), (-0.0025551326, 0.05201092, 0.01471178), (-0.0024170612, 0.049200412, 0.013858193), (-0.002289814, 0.046610236, 0.012472044), (-0.0021782808, 0.044339925, 0.010606602), (-0.002086748, 0.04247673, 0.008333554), (-0.0020187327, 0.04109225, 0.0057402514), (-0.0019768493, 0.04023969, 0.0029263548), (-0.001962707, 0.03995182, 1.8369702e-18), (-0.0019768493, 0.04023969, -0.0029263548), (-0.0020187327, 0.04109225, -0.0057402514), (-0.002086748, 0.04247673, -0.008333554), (-0.0021782808, 0.044339925, -0.010606602), (-0.002289814, 0.046610236, -0.012472044), (-0.0024170612, 0.049200412, -0.013858193), (-0.0025551326, 0.05201092, -0.01471178), (-0.002698722, 0.05493375, -0.015), (-0.0028423115, 0.05785658, -0.01471178), (-0.0029803829, 0.060667086, -0.013858193), (-0.0031076302, 0.06325726, -0.012472044), (-0.0032191633, 0.06552757, -0.010606602), (-0.0033106962, 0.06739077, -0.008333554), (-0.0033787114, 0.06877525, -0.0057402514), (-0.0034205948, 0.06962781, -0.0029263548), (-0.0068611996, 0.06966293, 0), (-0.0068329494, 0.069376096, 0.0029263548), (-0.006749283, 0.068526626, 0.0057402514), (-0.0066134166, 0.06714715, 0.008333554), (-0.0064305714, 0.06529069, 0.010606602), (-0.006207774, 0.06302858, 0.012472044), (-0.0059535857, 0.06044777, 0.013858193), (-0.0056777755, 0.057647422, 0.01471178), (-0.0053909426, 0.05473516, 0.015), (-0.0051041096, 0.051822897, 0.01471178), (-0.0048283, 0.049022548, 0.013858193), (-0.0045741117, 0.046441734, 0.012472044), (-0.004351314, 0.044179633, 0.010606602), (-0.0041684685, 0.042323172, 0.008333554), (-0.004032602, 0.040943697, 0.0057402514), (-0.0039489362, 0.040094223, 0.0029263548), (-0.0039206855, 0.03980739, 1.8369702e-18), (-0.0039489362, 0.040094223, -0.0029263548), (-0.004032602, 0.040943697, -0.0057402514), (-0.0041684685, 0.042323172, -0.008333554), (-0.004351314, 0.044179633, -0.010606602), (-0.0045741117, 0.046441734, -0.012472044), (-0.0048283, 0.049022548, -0.013858193), (-0.0051041096, 0.051822897, -0.01471178), (-0.0053909426, 0.05473516, -0.015), (-0.0056777755, 0.057647422, -0.01471178), (-0.0059535857, 0.06044777, -0.013858193), (-0.006207774, 0.06302858, -0.012472044), (-0.0064305714, 0.06529069, -0.010606602), (-0.0066134166, 0.06714715, -0.008333554), (-0.006749283, 0.068526626, -0.0057402514), (-0.0068329494, 0.069376096, -0.0029263548), (-0.010271133, 0.06924236, 0), (-0.0102288425, 0.068957254, 0.0029263548), (-0.010103595, 0.06811291, 0.0057402514), (-0.009900205, 0.066741765, 0.008333554), (-0.009626488, 0.06489651, 0.010606602), (-0.009292962, 0.062648065, 0.012472044), (-0.008912446, 0.06008283, 0.013858193), (-0.008499562, 0.05729939, 0.01471178), (-0.0080701765, 0.05440471, 0.015), (-0.0076407907, 0.051510025, 0.01471178), (-0.0072279065, 0.048726585, 0.013858193), (-0.00684739, 0.046161354, 0.012472044), (-0.0065138643, 0.043912906, 0.010606602), (-0.006240147, 0.042067654, 0.008333554), (-0.006036757, 0.04069651, 0.0057402514), (-0.00591151, 0.03985216, 0.0029263548), (-0.005869219, 0.03956706, 1.8369702e-18), (-0.00591151, 0.03985216, -0.0029263548), (-0.006036757, 0.04069651, -0.0057402514), (-0.006240147, 0.042067654, -0.008333554), (-0.0065138643, 0.043912906, -0.010606602), (-0.00684739, 0.046161354, -0.012472044), (-0.0072279065, 0.048726585, -0.013858193), (-0.0076407907, 0.051510025, -0.01471178), (-0.0080701765, 0.05440471, -0.015), (-0.008499562, 0.05729939, -0.01471178), (-0.008912446, 0.06008283, -0.013858193), (-0.009292962, 0.062648065, -0.012472044), (-0.009626488, 0.06489651, -0.010606602), (-0.009900205, 0.066741765, -0.008333554), (-0.010103595, 0.06811291, -0.0057402514), (-0.0102288425, 0.068957254, -0.0029263548), (-0.013656323, 0.06865497, 0), (-0.013600093, 0.06837229, 0.0029263548), (-0.013433567, 0.0675351, 0.0057402514), (-0.013163143, 0.06617559, 0.008333554), (-0.012799213, 0.064345986, 0.010606602), (-0.012355763, 0.062116615, 0.012472044), (-0.0118498355, 0.059573144, 0.013858193), (-0.011300871, 0.056813315, 0.01471178), (-0.010729968, 0.05394319, 0.015), (-0.010159064, 0.051073063, 0.01471178), (-0.009610101, 0.048313238, 0.013858193), (-0.009104172, 0.045769762, 0.012472044), (-0.0086607225, 0.043540392, 0.010606602), (-0.008296792, 0.041710794, 0.008333554), (-0.008026368, 0.04035128, 0.0057402514), (-0.007859842, 0.039514095, 0.0029263548), (-0.007803613, 0.039231412, 1.8369702e-18), (-0.007859842, 0.039514095, -0.0029263548), (-0.008026368, 0.04035128, -0.0057402514), (-0.008296792, 0.041710794, -0.008333554), (-0.0086607225, 0.043540392, -0.010606602), (-0.009104172, 0.045769762, -0.012472044), (-0.009610101, 0.048313238, -0.013858193), (-0.010159064, 0.051073063, -0.01471178), (-0.010729968, 0.05394319, -0.015), (-0.011300871, 0.056813315, -0.01471178), (-0.0118498355, 0.059573144, -0.013858193), (-0.012355763, 0.062116615, -0.012472044), (-0.012799213, 0.064345986, -0.010606602), (-0.013163143, 0.06617559, -0.008333554), (-0.013433567, 0.0675351, -0.0057402514), (-0.013600093, 0.06837229, -0.0029263548), (-0.017008612, 0.067902185, 0), (-0.01693858, 0.0676226, 0.0029263548), (-0.016731177, 0.0667946, 0.0057402514), (-0.01639437, 0.06544999, 0.008333554), (-0.015941104, 0.06364045, 0.010606602), (-0.015388798, 0.061435528, 0.012472044), (-0.014758677, 0.058919944, 0.013858193), (-0.014074956, 0.056190375, 0.01471178), (-0.01336391, 0.05335172, 0.015), (-0.012652864, 0.050513063, 0.01471178), (-0.011969143, 0.047783494, 0.013858193), (-0.011339022, 0.04526791, 0.012472044), (-0.010786716, 0.043062985, 0.010606602), (-0.0103334505, 0.041253448, 0.008333554), (-0.009996643, 0.039908838, 0.0057402514), (-0.009789239, 0.039080832, 0.0029263548), (-0.009719207, 0.03880125, 1.8369702e-18), (-0.009789239, 0.039080832, -0.0029263548), (-0.009996643, 0.039908838, -0.0057402514), (-0.0103334505, 0.041253448, -0.008333554), (-0.010786716, 0.043062985, -0.010606602), (-0.011339022, 0.04526791, -0.012472044), (-0.011969143, 0.047783494, -0.013858193), (-0.012652864, 0.050513063, -0.01471178), (-0.01336391, 0.05335172, -0.015), (-0.014074956, 0.056190375, -0.01471178), (-0.014758677, 0.058919944, -0.013858193), (-0.015388798, 0.061435528, -0.012472044), (-0.015941104, 0.06364045, -0.010606602), (-0.01639437, 0.06544999, -0.008333554), (-0.016731177, 0.0667946, -0.0057402514), (-0.01693858, 0.0676226, -0.0029263548), (-0.020319927, 0.06698582, 0), (-0.020236261, 0.06671001, 0.0029263548), (-0.01998848, 0.06589318, 0.0057402514), (-0.019586101, 0.064566724, 0.008333554), (-0.019044591, 0.0627816, 0.010606602), (-0.01838476, 0.06060643, 0.012472044), (-0.017631965, 0.058124796, 0.013858193), (-0.016815133, 0.055432066, 0.01471178), (-0.015965657, 0.052631717, 0.015), (-0.015116181, 0.04983137, 0.01471178), (-0.01429935, 0.04713864, 0.013858193), (-0.013546554, 0.044657003, 0.012472044), (-0.0128867235, 0.042481832, 0.010606602), (-0.012345214, 0.040696718, 0.008333554), (-0.011942836, 0.039370254, 0.0057402514), (-0.011695053, 0.038553424, 0.0029263548), (-0.011611387, 0.038277615, 1.8369702e-18), (-0.011695053, 0.038553424, -0.0029263548), (-0.011942836, 0.039370254, -0.0057402514), (-0.012345214, 0.040696718, -0.008333554), (-0.0128867235, 0.042481832, -0.010606602), (-0.013546554, 0.044657003, -0.012472044), (-0.01429935, 0.04713864, -0.013858193), (-0.015116181, 0.04983137, -0.01471178), (-0.015965657, 0.052631717, -0.015), (-0.016815133, 0.055432066, -0.01471178), (-0.017631965, 0.058124796, -0.013858193), (-0.01838476, 0.06060643, -0.012472044), (-0.019044591, 0.0627816, -0.010606602), (-0.019586101, 0.064566724, -0.008333554), (-0.01998848, 0.06589318, -0.0057402514), (-0.020236261, 0.06671001, -0.0029263548), (-0.023582289, 0.06590808, 0), (-0.023485191, 0.06563671, 0.0029263548), (-0.023197627, 0.06483302, 0.0057402514), (-0.022730647, 0.063527904, 0.008333554), (-0.022102198, 0.06177151, 0.010606602), (-0.02133643, 0.059631333, 0.012472044), (-0.020462774, 0.057189625, 0.013858193), (-0.019514801, 0.054540217, 0.01471178), (-0.018528942, 0.051784925, 0.015), (-0.017543083, 0.049029633, 0.01471178), (-0.01659511, 0.046380226, 0.013858193), (-0.015721451, 0.043938518, 0.012472044), (-0.0149556855, 0.041798342, 0.010606602), (-0.014327236, 0.040041946, 0.008333554), (-0.013860257, 0.038736824, 0.0057402514), (-0.013572693, 0.037933134, 0.0029263548), (-0.013475594, 0.03766176, 1.8369702e-18), (-0.013572693, 0.037933134, -0.0029263548), (-0.013860257, 0.038736824, -0.0057402514), (-0.014327236, 0.040041946, -0.008333554), (-0.0149556855, 0.041798342, -0.010606602), (-0.015721451, 0.043938518, -0.012472044), (-0.01659511, 0.046380226, -0.013858193), (-0.017543083, 0.049029633, -0.01471178), (-0.018528942, 0.051784925, -0.015), (-0.019514801, 0.054540217, -0.01471178), (-0.020462774, 0.057189625, -0.013858193), (-0.02133643, 0.059631333, -0.012472044), (-0.022102198, 0.06177151, -0.010606602), (-0.022730647, 0.063527904, -0.008333554), (-0.023197627, 0.06483302, -0.0057402514), (-0.023485191, 0.06563671, -0.0029263548), (-0.02678784, 0.06467157, 0), (-0.026677543, 0.064405285, 0.0029263548), (-0.02635089, 0.06361668, 0.0057402514), (-0.025820434, 0.06233604, 0.008333554), (-0.02510656, 0.060612597, 0.010606602), (-0.024236701, 0.058512572, 0.012472044), (-0.023244288, 0.056116674, 0.013858193), (-0.022167455, 0.053516973, 0.01471178), (-0.021047588, 0.050813373, 0.015), (-0.019927721, 0.048109774, 0.01471178), (-0.018850889, 0.045510072, 0.013858193), (-0.017858475, 0.043114174, 0.012472044), (-0.016988618, 0.041014154, 0.010606602), (-0.016274745, 0.039290708, 0.008333554), (-0.015744288, 0.038010072, 0.0057402514), (-0.0154176345, 0.03722146, 0.0029263548), (-0.015307337, 0.03695518, 1.8369702e-18), (-0.0154176345, 0.03722146, -0.0029263548), (-0.015744288, 0.038010072, -0.0057402514), (-0.016274745, 0.039290708, -0.008333554), (-0.016988618, 0.041014154, -0.010606602), (-0.017858475, 0.043114174, -0.012472044), (-0.018850889, 0.045510072, -0.013858193), (-0.019927721, 0.048109774, -0.01471178), (-0.021047588, 0.050813373, -0.015), (-0.022167455, 0.053516973, -0.01471178), (-0.023244288, 0.056116674, -0.013858193), (-0.024236701, 0.058512572, -0.012472044), (-0.02510656, 0.060612597, -0.010606602), (-0.025820434, 0.06233604, -0.008333554), (-0.02635089, 0.06361668, -0.0057402514), (-0.026677543, 0.064405285, -0.0029263548), (-0.029928857, 0.06327925, 0), (-0.029805627, 0.0630187, 0.0029263548), (-0.029440671, 0.062247068, 0.0057402514), (-0.028848017, 0.060994007, 0.008333554), (-0.028050438, 0.059307665, 0.010606602), (-0.027078584, 0.057252854, 0.012472044), (-0.025969803, 0.054908536, 0.013858193), (-0.024766708, 0.052364804, 0.01471178), (-0.02351553, 0.049719412, 0.015), (-0.022264352, 0.047074016, 0.01471178), (-0.021061257, 0.044530284, 0.013858193), (-0.019952476, 0.04218597, 0.012472044), (-0.018980624, 0.040131155, 0.010606602), (-0.018183043, 0.038444817, 0.008333554), (-0.017590389, 0.037191752, 0.0057402514), (-0.017225433, 0.03642012, 0.0029263548), (-0.017102204, 0.03615957, 1.8369702e-18), (-0.017225433, 0.03642012, -0.0029263548), (-0.017590389, 0.037191752, -0.0057402514), (-0.018183043, 0.038444817, -0.008333554), (-0.018980624, 0.040131155, -0.010606602), (-0.019952476, 0.04218597, -0.012472044), (-0.021061257, 0.044530284, -0.013858193), (-0.022264352, 0.047074016, -0.01471178), (-0.02351553, 0.049719412, -0.015), (-0.024766708, 0.052364804, -0.01471178), (-0.025969803, 0.054908536, -0.013858193), (-0.027078584, 0.057252854, -0.012472044), (-0.028050438, 0.059307665, -0.010606602), (-0.028848017, 0.060994007, -0.008333554), (-0.029440671, 0.062247068, -0.0057402514), (-0.029805627, 0.0630187, -0.0029263548), (-0.032997772, 0.06173449, 0), (-0.032861907, 0.0614803, 0.0029263548), (-0.032459527, 0.060727503, 0.0057402514), (-0.0318061, 0.05950503, 0.008333554), (-0.030926738, 0.057859857, 0.010606602), (-0.02985523, 0.055855207, 0.012472044), (-0.028632756, 0.05356812, 0.013858193), (-0.027306294, 0.051086485, 0.01471178), (-0.025926821, 0.04850567, 0.015), (-0.024547346, 0.045924854, 0.01471178), (-0.023220886, 0.043443218, 0.013858193), (-0.021998411, 0.04115613, 0.012472044), (-0.020926904, 0.039151482, 0.010606602), (-0.02004754, 0.03750631, 0.008333554), (-0.019394113, 0.036283836, 0.0057402514), (-0.018991737, 0.03553104, 0.0029263548), (-0.01885587, 0.03527685, 1.8369702e-18), (-0.018991737, 0.03553104, -0.0029263548), (-0.019394113, 0.036283836, -0.0057402514), (-0.02004754, 0.03750631, -0.008333554), (-0.020926904, 0.039151482, -0.010606602), (-0.021998411, 0.04115613, -0.012472044), (-0.023220886, 0.043443218, -0.013858193), (-0.024547346, 0.045924854, -0.01471178), (-0.025926821, 0.04850567, -0.015), (-0.027306294, 0.051086485, -0.01471178), (-0.028632756, 0.05356812, -0.013858193), (-0.02985523, 0.055855207, -0.012472044), (-0.030926738, 0.057859857, -0.010606602), (-0.0318061, 0.05950503, -0.008333554), (-0.032459527, 0.060727503, -0.0057402514), (-0.032861907, 0.0614803, -0.0029263548), (-0.03598719, 0.060041003, 0), (-0.035839017, 0.05979379, 0.0029263548), (-0.035400186, 0.059061643, 0.0057402514), (-0.034687564, 0.0578727, 0.008333554), (-0.033728532, 0.05627266, 0.010606602), (-0.032559954, 0.054323, 0.012472044), (-0.03122673, 0.05209865, 0.013858193), (-0.029780097, 0.04968509, 0.01471178), (-0.028275652, 0.047175072, 0.015), (-0.026771205, 0.044665053, 0.01471178), (-0.025324572, 0.042251494, 0.013858193), (-0.023991348, 0.040027145, 0.012472044), (-0.022822767, 0.03807749, 0.010606602), (-0.021863738, 0.036477443, 0.008333554), (-0.021151116, 0.035288505, 0.0057402514), (-0.020712284, 0.03455636, 0.0029263548), (-0.02056411, 0.034309145, 1.8369702e-18), (-0.020712284, 0.03455636, -0.0029263548), (-0.021151116, 0.035288505, -0.0057402514), (-0.021863738, 0.036477443, -0.008333554), (-0.022822767, 0.03807749, -0.010606602), (-0.023991348, 0.040027145, -0.012472044), (-0.025324572, 0.042251494, -0.013858193), (-0.026771205, 0.044665053, -0.01471178), (-0.028275652, 0.047175072, -0.015), (-0.029780097, 0.04968509, -0.01471178), (-0.03122673, 0.05209865, -0.013858193), (-0.032559954, 0.054323, -0.012472044), (-0.033728532, 0.05627266, -0.010606602), (-0.034687564, 0.0578727, -0.008333554), (-0.035400186, 0.059061643, -0.0057402514), (-0.035839017, 0.05979379, -0.0029263548), (-0.038889915, 0.058202874, 0), (-0.03872979, 0.057963226, 0.0029263548), (-0.03825556, 0.057253495, 0.0057402514), (-0.037485458, 0.056100953, 0.008333554), (-0.036449075, 0.054549895, 0.010606602), (-0.03518624, 0.052659925, 0.012472044), (-0.033745475, 0.050503675, 0.013858193), (-0.032182157, 0.048164003, 0.01471178), (-0.030556362, 0.04573083, 0.015), (-0.028930567, 0.043297652, 0.01471178), (-0.02736725, 0.040957984, 0.013858193), (-0.02592649, 0.038801733, 0.012472044), (-0.024663651, 0.036911763, 0.010606602), (-0.023627266, 0.0353607, 0.008333554), (-0.022857163, 0.034208164, 0.0057402514), (-0.022382936, 0.033498432, 0.0029263548), (-0.02222281, 0.033258785, 1.8369702e-18), (-0.022382936, 0.033498432, -0.0029263548), (-0.022857163, 0.034208164, -0.0057402514), (-0.023627266, 0.0353607, -0.008333554), (-0.024663651, 0.036911763, -0.010606602), (-0.02592649, 0.038801733, -0.012472044), (-0.02736725, 0.040957984, -0.013858193), (-0.028930567, 0.043297652, -0.01471178), (-0.030556362, 0.04573083, -0.015), (-0.032182157, 0.048164003, -0.01471178), (-0.033745475, 0.050503675, -0.013858193), (-0.03518624, 0.052659925, -0.012472044), (-0.036449075, 0.054549895, -0.010606602), (-0.037485458, 0.056100953, -0.008333554), (-0.03825556, 0.057253495, -0.0057402514), (-0.03872979, 0.057963226, -0.0029263548), (-0.04169895, 0.05622453, 0), (-0.04152726, 0.055993024, 0.0029263548), (-0.041018777, 0.055307418, 0.0057402514), (-0.04019305, 0.054194055, 0.008333554), (-0.03908181, 0.052695718, 0.010606602), (-0.037727755, 0.050869986, 0.012472044), (-0.036182925, 0.048787028, 0.013858193), (-0.03450669, 0.046526883, 0.01471178), (-0.032763463, 0.044176415, 0.015), (-0.031020233, 0.041825943, 0.01471178), (-0.029343998, 0.0395658, 0.013858193), (-0.02779917, 0.037482843, 0.012472044), (-0.026445117, 0.03565711, 0.010606602), (-0.025333874, 0.034158774, 0.008333554), (-0.024508147, 0.03304541, 0.0057402514), (-0.023999665, 0.0323598, 0.0029263548), (-0.023827972, 0.0321283, 1.8369702e-18), (-0.023999665, 0.0323598, -0.0029263548), (-0.024508147, 0.03304541, -0.0057402514), (-0.025333874, 0.034158774, -0.008333554), (-0.026445117, 0.03565711, -0.010606602), (-0.02779917, 0.037482843, -0.012472044), (-0.029343998, 0.0395658, -0.013858193), (-0.031020233, 0.041825943, -0.01471178), (-0.032763463, 0.044176415, -0.015), (-0.03450669, 0.046526883, -0.01471178), (-0.036182925, 0.048787028, -0.013858193), (-0.037727755, 0.050869986, -0.012472044), (-0.03908181, 0.052695718, -0.010606602), (-0.04019305, 0.054194055, -0.008333554), (-0.041018777, 0.055307418, -0.0057402514), (-0.04152726, 0.055993024, -0.0029263548), (-0.04440753, 0.054110732, 0), (-0.044224683, 0.053887933, 0.0029263548), (-0.043683175, 0.053228103, 0.0057402514), (-0.042803813, 0.052156594, 0.008333554), (-0.04162039, 0.05071459, 0.010606602), (-0.04017838, 0.0489575, 0.012472044), (-0.038533207, 0.04695285, 0.013858193), (-0.03674809, 0.044777676, 0.01471178), (-0.03489163, 0.042515576, 0.015), (-0.03303517, 0.04025347, 0.01471178), (-0.031250052, 0.0380783, 0.013858193), (-0.02960488, 0.03607365, 0.012472044), (-0.028162874, 0.034316562, 0.010606602), (-0.02697945, 0.032874554, 0.008333554), (-0.026100086, 0.031803045, 0.0057402514), (-0.025558576, 0.031143216, 0.0029263548), (-0.025375731, 0.030920418, 1.8369702e-18), (-0.025558576, 0.031143216, -0.0029263548), (-0.026100086, 0.031803045, -0.0057402514), (-0.02697945, 0.032874554, -0.008333554), (-0.028162874, 0.034316562, -0.010606602), (-0.02960488, 0.03607365, -0.012472044), (-0.031250052, 0.0380783, -0.013858193), (-0.03303517, 0.04025347, -0.01471178), (-0.03489163, 0.042515576, -0.015), (-0.03674809, 0.044777676, -0.01471178), (-0.038533207, 0.04695285, -0.013858193), (-0.04017838, 0.0489575, -0.012472044), (-0.04162039, 0.05071459, -0.010606602), (-0.042803813, 0.052156594, -0.008333554), (-0.043683175, 0.053228103, -0.0057402514), (-0.044224683, 0.053887933, -0.0029263548), (-0.047009125, 0.05186658, 0), (-0.04681557, 0.05165302, 0.0029263548), (-0.046242338, 0.051020555, 0.0057402514), (-0.045311455, 0.049993485, 0.008333554), (-0.0440587, 0.048611287, 0.010606602), (-0.042532217, 0.04692707, 0.012472044), (-0.04079066, 0.045005556, 0.013858193), (-0.038900964, 0.042920597, 0.01471178), (-0.036935743, 0.04075231, 0.015), (-0.034970522, 0.038584027, 0.01471178), (-0.033080824, 0.036499064, 0.013858193), (-0.03133927, 0.034577556, 0.012472044), (-0.029812785, 0.032893337, 0.010606602), (-0.02856003, 0.031511135, 0.008333554), (-0.027629148, 0.030484067, 0.0057402514), (-0.027055915, 0.029851602, 0.0029263548), (-0.026862359, 0.029638045, 1.8369702e-18), (-0.027055915, 0.029851602, -0.0029263548), (-0.027629148, 0.030484067, -0.0057402514), (-0.02856003, 0.031511135, -0.008333554), (-0.029812785, 0.032893337, -0.010606602), (-0.03133927, 0.034577556, -0.012472044), (-0.033080824, 0.036499064, -0.013858193), (-0.034970522, 0.038584027, -0.01471178), (-0.036935743, 0.04075231, -0.015), (-0.038900964, 0.042920597, -0.01471178), (-0.04079066, 0.045005556, -0.013858193), (-0.042532217, 0.04692707, -0.012472044), (-0.0440587, 0.048611287, -0.010606602), (-0.045311455, 0.049993485, -0.008333554), (-0.046242338, 0.051020555, -0.0057402514), (-0.04681557, 0.05165302, -0.0029263548), (-0.049497474, 0.049497474, 0), (-0.04929367, 0.04929367, 0.0029263548), (-0.048690096, 0.048690096, 0.0057402514), (-0.04770994, 0.04770994, 0.008333554), (-0.046390872, 0.046390872, 0.010606602), (-0.044783585, 0.044783585, 0.012472044), (-0.042949844, 0.042949844, 0.013858193), (-0.04096012, 0.04096012, 0.01471178), (-0.038890872, 0.038890872, 0.015), (-0.036821626, 0.036821626, 0.01471178), (-0.034831904, 0.034831904, 0.013858193), (-0.03299816, 0.03299816, 0.012472044), (-0.03139087, 0.03139087, 0.010606602), (-0.030071806, 0.030071806, 0.008333554), (-0.02909165, 0.02909165, 0.0057402514), (-0.028488073, 0.028488073, 0.0029263548), (-0.02828427, 0.02828427, 1.8369702e-18), (-0.028488073, 0.028488073, -0.0029263548), (-0.02909165, 0.02909165, -0.0057402514), (-0.030071806, 0.030071806, -0.008333554), (-0.03139087, 0.03139087, -0.010606602), (-0.03299816, 0.03299816, -0.012472044), (-0.034831904, 0.034831904, -0.013858193), (-0.036821626, 0.036821626, -0.01471178), (-0.038890872, 0.038890872, -0.015), (-0.04096012, 0.04096012, -0.01471178), (-0.042949844, 0.042949844, -0.013858193), (-0.044783585, 0.044783585, -0.012472044), (-0.046390872, 0.046390872, -0.010606602), (-0.04770994, 0.04770994, -0.008333554), (-0.048690096, 0.048690096, -0.0057402514), (-0.04929367, 0.04929367, -0.0029263548), (-0.05186658, 0.047009125, 0), (-0.05165302, 0.04681557, 0.0029263548), (-0.051020555, 0.046242338, 0.0057402514), (-0.049993485, 0.045311455, 0.008333554), (-0.048611287, 0.0440587, 0.010606602), (-0.04692707, 0.042532217, 0.012472044), (-0.045005556, 0.04079066, 0.013858193), (-0.042920597, 0.038900964, 0.01471178), (-0.04075231, 0.036935743, 0.015), (-0.038584027, 0.034970522, 0.01471178), (-0.036499064, 0.033080824, 0.013858193), (-0.034577556, 0.03133927, 0.012472044), (-0.032893337, 0.029812785, 0.010606602), (-0.031511135, 0.02856003, 0.008333554), (-0.030484067, 0.027629148, 0.0057402514), (-0.029851602, 0.027055915, 0.0029263548), (-0.029638045, 0.026862359, 1.8369702e-18), (-0.029851602, 0.027055915, -0.0029263548), (-0.030484067, 0.027629148, -0.0057402514), (-0.031511135, 0.02856003, -0.008333554), (-0.032893337, 0.029812785, -0.010606602), (-0.034577556, 0.03133927, -0.012472044), (-0.036499064, 0.033080824, -0.013858193), (-0.038584027, 0.034970522, -0.01471178), (-0.04075231, 0.036935743, -0.015), (-0.042920597, 0.038900964, -0.01471178), (-0.045005556, 0.04079066, -0.013858193), (-0.04692707, 0.042532217, -0.012472044), (-0.048611287, 0.0440587, -0.010606602), (-0.049993485, 0.045311455, -0.008333554), (-0.051020555, 0.046242338, -0.0057402514), (-0.05165302, 0.04681557, -0.0029263548), (-0.054110732, 0.04440753, 0), (-0.053887933, 0.044224683, 0.0029263548), (-0.053228103, 0.043683175, 0.0057402514), (-0.052156594, 0.042803813, 0.008333554), (-0.05071459, 0.04162039, 0.010606602), (-0.0489575, 0.04017838, 0.012472044), (-0.04695285, 0.038533207, 0.013858193), (-0.044777676, 0.03674809, 0.01471178), (-0.042515576, 0.03489163, 0.015), (-0.04025347, 0.03303517, 0.01471178), (-0.0380783, 0.031250052, 0.013858193), (-0.03607365, 0.02960488, 0.012472044), (-0.034316562, 0.028162874, 0.010606602), (-0.032874554, 0.02697945, 0.008333554), (-0.031803045, 0.026100086, 0.0057402514), (-0.031143216, 0.025558576, 0.0029263548), (-0.030920418, 0.025375731, 1.8369702e-18), (-0.031143216, 0.025558576, -0.0029263548), (-0.031803045, 0.026100086, -0.0057402514), (-0.032874554, 0.02697945, -0.008333554), (-0.034316562, 0.028162874, -0.010606602), (-0.03607365, 0.02960488, -0.012472044), (-0.0380783, 0.031250052, -0.013858193), (-0.04025347, 0.03303517, -0.01471178), (-0.042515576, 0.03489163, -0.015), (-0.044777676, 0.03674809, -0.01471178), (-0.04695285, 0.038533207, -0.013858193), (-0.0489575, 0.04017838, -0.012472044), (-0.05071459, 0.04162039, -0.010606602), (-0.052156594, 0.042803813, -0.008333554), (-0.053228103, 0.043683175, -0.0057402514), (-0.053887933, 0.044224683, -0.0029263548), (-0.05622453, 0.04169895, 0), (-0.055993024, 0.04152726, 0.0029263548), (-0.055307418, 0.041018777, 0.0057402514), (-0.054194055, 0.04019305, 0.008333554), (-0.052695718, 0.03908181, 0.010606602), (-0.050869986, 0.037727755, 0.012472044), (-0.048787028, 0.036182925, 0.013858193), (-0.046526883, 0.03450669, 0.01471178), (-0.044176415, 0.032763463, 0.015), (-0.041825943, 0.031020233, 0.01471178), (-0.0395658, 0.029343998, 0.013858193), (-0.037482843, 0.02779917, 0.012472044), (-0.03565711, 0.026445117, 0.010606602), (-0.034158774, 0.025333874, 0.008333554), (-0.03304541, 0.024508147, 0.0057402514), (-0.0323598, 0.023999665, 0.0029263548), (-0.0321283, 0.023827972, 1.8369702e-18), (-0.0323598, 0.023999665, -0.0029263548), (-0.03304541, 0.024508147, -0.0057402514), (-0.034158774, 0.025333874, -0.008333554), (-0.03565711, 0.026445117, -0.010606602), (-0.037482843, 0.02779917, -0.012472044), (-0.0395658, 0.029343998, -0.013858193), (-0.041825943, 0.031020233, -0.01471178), (-0.044176415, 0.032763463, -0.015), (-0.046526883, 0.03450669, -0.01471178), (-0.048787028, 0.036182925, -0.013858193), (-0.050869986, 0.037727755, -0.012472044), (-0.052695718, 0.03908181, -0.010606602), (-0.054194055, 0.04019305, -0.008333554), (-0.055307418, 0.041018777, -0.0057402514), (-0.055993024, 0.04152726, -0.0029263548), (-0.058202874, 0.038889915, 0), (-0.057963226, 0.03872979, 0.0029263548), (-0.057253495, 0.03825556, 0.0057402514), (-0.056100953, 0.037485458, 0.008333554), (-0.054549895, 0.036449075, 0.010606602), (-0.052659925, 0.03518624, 0.012472044), (-0.050503675, 0.033745475, 0.013858193), (-0.048164003, 0.032182157, 0.01471178), (-0.04573083, 0.030556362, 0.015), (-0.043297652, 0.028930567, 0.01471178), (-0.040957984, 0.02736725, 0.013858193), (-0.038801733, 0.02592649, 0.012472044), (-0.036911763, 0.024663651, 0.010606602), (-0.0353607, 0.023627266, 0.008333554), (-0.034208164, 0.022857163, 0.0057402514), (-0.033498432, 0.022382936, 0.0029263548), (-0.033258785, 0.02222281, 1.8369702e-18), (-0.033498432, 0.022382936, -0.0029263548), (-0.034208164, 0.022857163, -0.0057402514), (-0.0353607, 0.023627266, -0.008333554), (-0.036911763, 0.024663651, -0.010606602), (-0.038801733, 0.02592649, -0.012472044), (-0.040957984, 0.02736725, -0.013858193), (-0.043297652, 0.028930567, -0.01471178), (-0.04573083, 0.030556362, -0.015), (-0.048164003, 0.032182157, -0.01471178), (-0.050503675, 0.033745475, -0.013858193), (-0.052659925, 0.03518624, -0.012472044), (-0.054549895, 0.036449075, -0.010606602), (-0.056100953, 0.037485458, -0.008333554), (-0.057253495, 0.03825556, -0.0057402514), (-0.057963226, 0.03872979, -0.0029263548), (-0.060041003, 0.03598719, 0), (-0.05979379, 0.035839017, 0.0029263548), (-0.059061643, 0.035400186, 0.0057402514), (-0.0578727, 0.034687564, 0.008333554), (-0.05627266, 0.033728532, 0.010606602), (-0.054323, 0.032559954, 0.012472044), (-0.05209865, 0.03122673, 0.013858193), (-0.04968509, 0.029780097, 0.01471178), (-0.047175072, 0.028275652, 0.015), (-0.044665053, 0.026771205, 0.01471178), (-0.042251494, 0.025324572, 0.013858193), (-0.040027145, 0.023991348, 0.012472044), (-0.03807749, 0.022822767, 0.010606602), (-0.036477443, 0.021863738, 0.008333554), (-0.035288505, 0.021151116, 0.0057402514), (-0.03455636, 0.020712284, 0.0029263548), (-0.034309145, 0.02056411, 1.8369702e-18), (-0.03455636, 0.020712284, -0.0029263548), (-0.035288505, 0.021151116, -0.0057402514), (-0.036477443, 0.021863738, -0.008333554), (-0.03807749, 0.022822767, -0.010606602), (-0.040027145, 0.023991348, -0.012472044), (-0.042251494, 0.025324572, -0.013858193), (-0.044665053, 0.026771205, -0.01471178), (-0.047175072, 0.028275652, -0.015), (-0.04968509, 0.029780097, -0.01471178), (-0.05209865, 0.03122673, -0.013858193), (-0.054323, 0.032559954, -0.012472044), (-0.05627266, 0.033728532, -0.010606602), (-0.0578727, 0.034687564, -0.008333554), (-0.059061643, 0.035400186, -0.0057402514), (-0.05979379, 0.035839017, -0.0029263548), (-0.06173449, 0.032997772, 0), (-0.0614803, 0.032861907, 0.0029263548), (-0.060727503, 0.032459527, 0.0057402514), (-0.05950503, 0.0318061, 0.008333554), (-0.057859857, 0.030926738, 0.010606602), (-0.055855207, 0.02985523, 0.012472044), (-0.05356812, 0.028632756, 0.013858193), (-0.051086485, 0.027306294, 0.01471178), (-0.04850567, 0.025926821, 0.015), (-0.045924854, 0.024547346, 0.01471178), (-0.043443218, 0.023220886, 0.013858193), (-0.04115613, 0.021998411, 0.012472044), (-0.039151482, 0.020926904, 0.010606602), (-0.03750631, 0.02004754, 0.008333554), (-0.036283836, 0.019394113, 0.0057402514), (-0.03553104, 0.018991737, 0.0029263548), (-0.03527685, 0.01885587, 1.8369702e-18), (-0.03553104, 0.018991737, -0.0029263548), (-0.036283836, 0.019394113, -0.0057402514), (-0.03750631, 0.02004754, -0.008333554), (-0.039151482, 0.020926904, -0.010606602), (-0.04115613, 0.021998411, -0.012472044), (-0.043443218, 0.023220886, -0.013858193), (-0.045924854, 0.024547346, -0.01471178), (-0.04850567, 0.025926821, -0.015), (-0.051086485, 0.027306294, -0.01471178), (-0.05356812, 0.028632756, -0.013858193), (-0.055855207, 0.02985523, -0.012472044), (-0.057859857, 0.030926738, -0.010606602), (-0.05950503, 0.0318061, -0.008333554), (-0.060727503, 0.032459527, -0.0057402514), (-0.0614803, 0.032861907, -0.0029263548), (-0.06327925, 0.029928857, 0), (-0.0630187, 0.029805627, 0.0029263548), (-0.062247068, 0.029440671, 0.0057402514), (-0.060994007, 0.028848017, 0.008333554), (-0.059307665, 0.028050438, 0.010606602), (-0.057252854, 0.027078584, 0.012472044), (-0.054908536, 0.025969803, 0.013858193), (-0.052364804, 0.024766708, 0.01471178), (-0.049719412, 0.02351553, 0.015), (-0.047074016, 0.022264352, 0.01471178), (-0.044530284, 0.021061257, 0.013858193), (-0.04218597, 0.019952476, 0.012472044), (-0.040131155, 0.018980624, 0.010606602), (-0.038444817, 0.018183043, 0.008333554), (-0.037191752, 0.017590389, 0.0057402514), (-0.03642012, 0.017225433, 0.0029263548), (-0.03615957, 0.017102204, 1.8369702e-18), (-0.03642012, 0.017225433, -0.0029263548), (-0.037191752, 0.017590389, -0.0057402514), (-0.038444817, 0.018183043, -0.008333554), (-0.040131155, 0.018980624, -0.010606602), (-0.04218597, 0.019952476, -0.012472044), (-0.044530284, 0.021061257, -0.013858193), (-0.047074016, 0.022264352, -0.01471178), (-0.049719412, 0.02351553, -0.015), (-0.052364804, 0.024766708, -0.01471178), (-0.054908536, 0.025969803, -0.013858193), (-0.057252854, 0.027078584, -0.012472044), (-0.059307665, 0.028050438, -0.010606602), (-0.060994007, 0.028848017, -0.008333554), (-0.062247068, 0.029440671, -0.0057402514), (-0.0630187, 0.029805627, -0.0029263548), (-0.06467157, 0.02678784, 0), (-0.064405285, 0.026677543, 0.0029263548), (-0.06361668, 0.02635089, 0.0057402514), (-0.06233604, 0.025820434, 0.008333554), (-0.060612597, 0.02510656, 0.010606602), (-0.058512572, 0.024236701, 0.012472044), (-0.056116674, 0.023244288, 0.013858193), (-0.053516973, 0.022167455, 0.01471178), (-0.050813373, 0.021047588, 0.015), (-0.048109774, 0.019927721, 0.01471178), (-0.045510072, 0.018850889, 0.013858193), (-0.043114174, 0.017858475, 0.012472044), (-0.041014154, 0.016988618, 0.010606602), (-0.039290708, 0.016274745, 0.008333554), (-0.038010072, 0.015744288, 0.0057402514), (-0.03722146, 0.0154176345, 0.0029263548), (-0.03695518, 0.015307337, 1.8369702e-18), (-0.03722146, 0.0154176345, -0.0029263548), (-0.038010072, 0.015744288, -0.0057402514), (-0.039290708, 0.016274745, -0.008333554), (-0.041014154, 0.016988618, -0.010606602), (-0.043114174, 0.017858475, -0.012472044), (-0.045510072, 0.018850889, -0.013858193), (-0.048109774, 0.019927721, -0.01471178), (-0.050813373, 0.021047588, -0.015), (-0.053516973, 0.022167455, -0.01471178), (-0.056116674, 0.023244288, -0.013858193), (-0.058512572, 0.024236701, -0.012472044), (-0.060612597, 0.02510656, -0.010606602), (-0.06233604, 0.025820434, -0.008333554), (-0.06361668, 0.02635089, -0.0057402514), (-0.064405285, 0.026677543, -0.0029263548), (-0.06590808, 0.023582289, 0), (-0.06563671, 0.023485191, 0.0029263548), (-0.06483302, 0.023197627, 0.0057402514), (-0.063527904, 0.022730647, 0.008333554), (-0.06177151, 0.022102198, 0.010606602), (-0.059631333, 0.02133643, 0.012472044), (-0.057189625, 0.020462774, 0.013858193), (-0.054540217, 0.019514801, 0.01471178), (-0.051784925, 0.018528942, 0.015), (-0.049029633, 0.017543083, 0.01471178), (-0.046380226, 0.01659511, 0.013858193), (-0.043938518, 0.015721451, 0.012472044), (-0.041798342, 0.0149556855, 0.010606602), (-0.040041946, 0.014327236, 0.008333554), (-0.038736824, 0.013860257, 0.0057402514), (-0.037933134, 0.013572693, 0.0029263548), (-0.03766176, 0.013475594, 1.8369702e-18), (-0.037933134, 0.013572693, -0.0029263548), (-0.038736824, 0.013860257, -0.0057402514), (-0.040041946, 0.014327236, -0.008333554), (-0.041798342, 0.0149556855, -0.010606602), (-0.043938518, 0.015721451, -0.012472044), (-0.046380226, 0.01659511, -0.013858193), (-0.049029633, 0.017543083, -0.01471178), (-0.051784925, 0.018528942, -0.015), (-0.054540217, 0.019514801, -0.01471178), (-0.057189625, 0.020462774, -0.013858193), (-0.059631333, 0.02133643, -0.012472044), (-0.06177151, 0.022102198, -0.010606602), (-0.063527904, 0.022730647, -0.008333554), (-0.06483302, 0.023197627, -0.0057402514), (-0.06563671, 0.023485191, -0.0029263548), (-0.06698582, 0.020319927, 0), (-0.06671001, 0.020236261, 0.0029263548), (-0.06589318, 0.01998848, 0.0057402514), (-0.064566724, 0.019586101, 0.008333554), (-0.0627816, 0.019044591, 0.010606602), (-0.06060643, 0.01838476, 0.012472044), (-0.058124796, 0.017631965, 0.013858193), (-0.055432066, 0.016815133, 0.01471178), (-0.052631717, 0.015965657, 0.015), (-0.04983137, 0.015116181, 0.01471178), (-0.04713864, 0.01429935, 0.013858193), (-0.044657003, 0.013546554, 0.012472044), (-0.042481832, 0.0128867235, 0.010606602), (-0.040696718, 0.012345214, 0.008333554), (-0.039370254, 0.011942836, 0.0057402514), (-0.038553424, 0.011695053, 0.0029263548), (-0.038277615, 0.011611387, 1.8369702e-18), (-0.038553424, 0.011695053, -0.0029263548), (-0.039370254, 0.011942836, -0.0057402514), (-0.040696718, 0.012345214, -0.008333554), (-0.042481832, 0.0128867235, -0.010606602), (-0.044657003, 0.013546554, -0.012472044), (-0.04713864, 0.01429935, -0.013858193), (-0.04983137, 0.015116181, -0.01471178), (-0.052631717, 0.015965657, -0.015), (-0.055432066, 0.016815133, -0.01471178), (-0.058124796, 0.017631965, -0.013858193), (-0.06060643, 0.01838476, -0.012472044), (-0.0627816, 0.019044591, -0.010606602), (-0.064566724, 0.019586101, -0.008333554), (-0.06589318, 0.01998848, -0.0057402514), (-0.06671001, 0.020236261, -0.0029263548), (-0.067902185, 0.017008612, 0), (-0.0676226, 0.01693858, 0.0029263548), (-0.0667946, 0.016731177, 0.0057402514), (-0.06544999, 0.01639437, 0.008333554), (-0.06364045, 0.015941104, 0.010606602), (-0.061435528, 0.015388798, 0.012472044), (-0.058919944, 0.014758677, 0.013858193), (-0.056190375, 0.014074956, 0.01471178), (-0.05335172, 0.01336391, 0.015), (-0.050513063, 0.012652864, 0.01471178), (-0.047783494, 0.011969143, 0.013858193), (-0.04526791, 0.011339022, 0.012472044), (-0.043062985, 0.010786716, 0.010606602), (-0.041253448, 0.0103334505, 0.008333554), (-0.039908838, 0.009996643, 0.0057402514), (-0.039080832, 0.009789239, 0.0029263548), (-0.03880125, 0.009719207, 1.8369702e-18), (-0.039080832, 0.009789239, -0.0029263548), (-0.039908838, 0.009996643, -0.0057402514), (-0.041253448, 0.0103334505, -0.008333554), (-0.043062985, 0.010786716, -0.010606602), (-0.04526791, 0.011339022, -0.012472044), (-0.047783494, 0.011969143, -0.013858193), (-0.050513063, 0.012652864, -0.01471178), (-0.05335172, 0.01336391, -0.015), (-0.056190375, 0.014074956, -0.01471178), (-0.058919944, 0.014758677, -0.013858193), (-0.061435528, 0.015388798, -0.012472044), (-0.06364045, 0.015941104, -0.010606602), (-0.06544999, 0.01639437, -0.008333554), (-0.0667946, 0.016731177, -0.0057402514), (-0.0676226, 0.01693858, -0.0029263548), (-0.06865497, 0.013656323, 0), (-0.06837229, 0.013600093, 0.0029263548), (-0.0675351, 0.013433567, 0.0057402514), (-0.06617559, 0.013163143, 0.008333554), (-0.064345986, 0.012799213, 0.010606602), (-0.062116615, 0.012355763, 0.012472044), (-0.059573144, 0.0118498355, 0.013858193), (-0.056813315, 0.011300871, 0.01471178), (-0.05394319, 0.010729968, 0.015), (-0.051073063, 0.010159064, 0.01471178), (-0.048313238, 0.009610101, 0.013858193), (-0.045769762, 0.009104172, 0.012472044), (-0.043540392, 0.0086607225, 0.010606602), (-0.041710794, 0.008296792, 0.008333554), (-0.04035128, 0.008026368, 0.0057402514), (-0.039514095, 0.007859842, 0.0029263548), (-0.039231412, 0.007803613, 1.8369702e-18), (-0.039514095, 0.007859842, -0.0029263548), (-0.04035128, 0.008026368, -0.0057402514), (-0.041710794, 0.008296792, -0.008333554), (-0.043540392, 0.0086607225, -0.010606602), (-0.045769762, 0.009104172, -0.012472044), (-0.048313238, 0.009610101, -0.013858193), (-0.051073063, 0.010159064, -0.01471178), (-0.05394319, 0.010729968, -0.015), (-0.056813315, 0.011300871, -0.01471178), (-0.059573144, 0.0118498355, -0.013858193), (-0.062116615, 0.012355763, -0.012472044), (-0.064345986, 0.012799213, -0.010606602), (-0.06617559, 0.013163143, -0.008333554), (-0.0675351, 0.013433567, -0.0057402514), (-0.06837229, 0.013600093, -0.0029263548), (-0.06924236, 0.010271133, 0), (-0.068957254, 0.0102288425, 0.0029263548), (-0.06811291, 0.010103595, 0.0057402514), (-0.066741765, 0.009900205, 0.008333554), (-0.06489651, 0.009626488, 0.010606602), (-0.062648065, 0.009292962, 0.012472044), (-0.06008283, 0.008912446, 0.013858193), (-0.05729939, 0.008499562, 0.01471178), (-0.05440471, 0.0080701765, 0.015), (-0.051510025, 0.0076407907, 0.01471178), (-0.048726585, 0.0072279065, 0.013858193), (-0.046161354, 0.00684739, 0.012472044), (-0.043912906, 0.0065138643, 0.010606602), (-0.042067654, 0.006240147, 0.008333554), (-0.04069651, 0.006036757, 0.0057402514), (-0.03985216, 0.00591151, 0.0029263548), (-0.03956706, 0.005869219, 1.8369702e-18), (-0.03985216, 0.00591151, -0.0029263548), (-0.04069651, 0.006036757, -0.0057402514), (-0.042067654, 0.006240147, -0.008333554), (-0.043912906, 0.0065138643, -0.010606602), (-0.046161354, 0.00684739, -0.012472044), (-0.048726585, 0.0072279065, -0.013858193), (-0.051510025, 0.0076407907, -0.01471178), (-0.05440471, 0.0080701765, -0.015), (-0.05729939, 0.008499562, -0.01471178), (-0.06008283, 0.008912446, -0.013858193), (-0.062648065, 0.009292962, -0.012472044), (-0.06489651, 0.009626488, -0.010606602), (-0.066741765, 0.009900205, -0.008333554), (-0.06811291, 0.010103595, -0.0057402514), (-0.068957254, 0.0102288425, -0.0029263548), (-0.06966293, 0.0068611996, 0), (-0.069376096, 0.0068329494, 0.0029263548), (-0.068526626, 0.006749283, 0.0057402514), (-0.06714715, 0.0066134166, 0.008333554), (-0.06529069, 0.0064305714, 0.010606602), (-0.06302858, 0.006207774, 0.012472044), (-0.06044777, 0.0059535857, 0.013858193), (-0.057647422, 0.0056777755, 0.01471178), (-0.05473516, 0.0053909426, 0.015), (-0.051822897, 0.0051041096, 0.01471178), (-0.049022548, 0.0048283, 0.013858193), (-0.046441734, 0.0045741117, 0.012472044), (-0.044179633, 0.004351314, 0.010606602), (-0.042323172, 0.0041684685, 0.008333554), (-0.040943697, 0.004032602, 0.0057402514), (-0.040094223, 0.0039489362, 0.0029263548), (-0.03980739, 0.0039206855, 1.8369702e-18), (-0.040094223, 0.0039489362, -0.0029263548), (-0.040943697, 0.004032602, -0.0057402514), (-0.042323172, 0.0041684685, -0.008333554), (-0.044179633, 0.004351314, -0.010606602), (-0.046441734, 0.0045741117, -0.012472044), (-0.049022548, 0.0048283, -0.013858193), (-0.051822897, 0.0051041096, -0.01471178), (-0.05473516, 0.0053909426, -0.015), (-0.057647422, 0.0056777755, -0.01471178), (-0.06044777, 0.0059535857, -0.013858193), (-0.06302858, 0.006207774, -0.012472044), (-0.06529069, 0.0064305714, -0.010606602), (-0.06714715, 0.0066134166, -0.008333554), (-0.068526626, 0.006749283, -0.0057402514), (-0.069376096, 0.0068329494, -0.0029263548), (-0.06991568, 0.0034347372, 0), (-0.06962781, 0.0034205948, 0.0029263548), (-0.06877525, 0.0033787114, 0.0057402514), (-0.06739077, 0.0033106962, 0.008333554), (-0.06552757, 0.0032191633, 0.010606602), (-0.06325726, 0.0031076302, 0.012472044), (-0.060667086, 0.0029803829, 0.013858193), (-0.05785658, 0.0028423115, 0.01471178), (-0.05493375, 0.002698722, 0.015), (-0.05201092, 0.0025551326, 0.01471178), (-0.049200412, 0.0024170612, 0.013858193), (-0.046610236, 0.002289814, 0.012472044), (-0.044339925, 0.0021782808, 0.010606602), (-0.04247673, 0.002086748, 0.008333554), (-0.04109225, 0.0020187327, 0.0057402514), (-0.04023969, 0.0019768493, 0.0029263548), (-0.03995182, 0.001962707, 1.8369702e-18), (-0.04023969, 0.0019768493, -0.0029263548), (-0.04109225, 0.0020187327, -0.0057402514), (-0.04247673, 0.002086748, -0.008333554), (-0.044339925, 0.0021782808, -0.010606602), (-0.046610236, 0.002289814, -0.012472044), (-0.049200412, 0.0024170612, -0.013858193), (-0.05201092, 0.0025551326, -0.01471178), (-0.05493375, 0.002698722, -0.015), (-0.05785658, 0.0028423115, -0.01471178), (-0.060667086, 0.0029803829, -0.013858193), (-0.06325726, 0.0031076302, -0.012472044), (-0.06552757, 0.0032191633, -0.010606602), (-0.06739077, 0.0033106962, -0.008333554), (-0.06877525, 0.0033787114, -0.0057402514), (-0.06962781, 0.0034205948, -0.0029263548), (-0.07, 8.572528e-18, 0), (-0.06971178, 8.537231e-18, 0.0029263548), (-0.06885819, 8.432697e-18, 0.0057402514), (-0.06747204, 8.262942e-18, 0.008333554), (-0.0656066, 8.034491e-18, 0.010606602), (-0.063333556, 7.7561235e-18, 0.012472044), (-0.06074025, 7.438536e-18, 0.013858193), (-0.057926353, 7.093932e-18, 0.01471178), (-0.055, 6.735557e-18, 0.015), (-0.052073646, 6.3771824e-18, 0.01471178), (-0.04925975, 6.0325794e-18, 0.013858193), (-0.046666447, 5.7149913e-18, 0.012472044), (-0.044393398, 5.4366235e-18, 0.010606602), (-0.042527955, 5.2081723e-18, 0.008333554), (-0.041141808, 5.0384183e-18, 0.0057402514), (-0.04028822, 4.933884e-18, 0.0029263548), (-0.04, 4.898587e-18, 1.8369702e-18), (-0.04028822, 4.933884e-18, -0.0029263548), (-0.041141808, 5.0384183e-18, -0.0057402514), (-0.042527955, 5.2081723e-18, -0.008333554), (-0.044393398, 5.4366235e-18, -0.010606602), (-0.046666447, 5.7149913e-18, -0.012472044), (-0.04925975, 6.0325794e-18, -0.013858193), (-0.052073646, 6.3771824e-18, -0.01471178), (-0.055, 6.735557e-18, -0.015), (-0.057926353, 7.093932e-18, -0.01471178), (-0.06074025, 7.438536e-18, -0.013858193), (-0.063333556, 7.7561235e-18, -0.012472044), (-0.0656066, 8.034491e-18, -0.010606602), (-0.06747204, 8.262942e-18, -0.008333554), (-0.06885819, 8.432697e-18, -0.0057402514), (-0.06971178, 8.537231e-18, -0.0029263548), (-0.06991568, -0.0034347372, 0), (-0.06962781, -0.0034205948, 0.0029263548), (-0.06877525, -0.0033787114, 0.0057402514), (-0.06739077, -0.0033106962, 0.008333554), (-0.06552757, -0.0032191633, 0.010606602), (-0.06325726, -0.0031076302, 0.012472044), (-0.060667086, -0.0029803829, 0.013858193), (-0.05785658, -0.0028423115, 0.01471178), (-0.05493375, -0.002698722, 0.015), (-0.05201092, -0.0025551326, 0.01471178), (-0.049200412, -0.0024170612, 0.013858193), (-0.046610236, -0.002289814, 0.012472044), (-0.044339925, -0.0021782808, 0.010606602), (-0.04247673, -0.002086748, 0.008333554), (-0.04109225, -0.0020187327, 0.0057402514), (-0.04023969, -0.0019768493, 0.0029263548), (-0.03995182, -0.001962707, 1.8369702e-18), (-0.04023969, -0.0019768493, -0.0029263548), (-0.04109225, -0.0020187327, -0.0057402514), (-0.04247673, -0.002086748, -0.008333554), (-0.044339925, -0.0021782808, -0.010606602), (-0.046610236, -0.002289814, -0.012472044), (-0.049200412, -0.0024170612, -0.013858193), (-0.05201092, -0.0025551326, -0.01471178), (-0.05493375, -0.002698722, -0.015), (-0.05785658, -0.0028423115, -0.01471178), (-0.060667086, -0.0029803829, -0.013858193), (-0.06325726, -0.0031076302, -0.012472044), (-0.06552757, -0.0032191633, -0.010606602), (-0.06739077, -0.0033106962, -0.008333554), (-0.06877525, -0.0033787114, -0.0057402514), (-0.06962781, -0.0034205948, -0.0029263548), (-0.06966293, -0.0068611996, 0), (-0.069376096, -0.0068329494, 0.0029263548), (-0.068526626, -0.006749283, 0.0057402514), (-0.06714715, -0.0066134166, 0.008333554), (-0.06529069, -0.0064305714, 0.010606602), (-0.06302858, -0.006207774, 0.012472044), (-0.06044777, -0.0059535857, 0.013858193), (-0.057647422, -0.0056777755, 0.01471178), (-0.05473516, -0.0053909426, 0.015), (-0.051822897, -0.0051041096, 0.01471178), (-0.049022548, -0.0048283, 0.013858193), (-0.046441734, -0.0045741117, 0.012472044), (-0.044179633, -0.004351314, 0.010606602), (-0.042323172, -0.0041684685, 0.008333554), (-0.040943697, -0.004032602, 0.0057402514), (-0.040094223, -0.0039489362, 0.0029263548), (-0.03980739, -0.0039206855, 1.8369702e-18), (-0.040094223, -0.0039489362, -0.0029263548), (-0.040943697, -0.004032602, -0.0057402514), (-0.042323172, -0.0041684685, -0.008333554), (-0.044179633, -0.004351314, -0.010606602), (-0.046441734, -0.0045741117, -0.012472044), (-0.049022548, -0.0048283, -0.013858193), (-0.051822897, -0.0051041096, -0.01471178), (-0.05473516, -0.0053909426, -0.015), (-0.057647422, -0.0056777755, -0.01471178), (-0.06044777, -0.0059535857, -0.013858193), (-0.06302858, -0.006207774, -0.012472044), (-0.06529069, -0.0064305714, -0.010606602), (-0.06714715, -0.0066134166, -0.008333554), (-0.068526626, -0.006749283, -0.0057402514), (-0.069376096, -0.0068329494, -0.0029263548), (-0.06924236, -0.010271133, 0), (-0.068957254, -0.0102288425, 0.0029263548), (-0.06811291, -0.010103595, 0.0057402514), (-0.066741765, -0.009900205, 0.008333554), (-0.06489651, -0.009626488, 0.010606602), (-0.062648065, -0.009292962, 0.012472044), (-0.06008283, -0.008912446, 0.013858193), (-0.05729939, -0.008499562, 0.01471178), (-0.05440471, -0.0080701765, 0.015), (-0.051510025, -0.0076407907, 0.01471178), (-0.048726585, -0.0072279065, 0.013858193), (-0.046161354, -0.00684739, 0.012472044), (-0.043912906, -0.0065138643, 0.010606602), (-0.042067654, -0.006240147, 0.008333554), (-0.04069651, -0.006036757, 0.0057402514), (-0.03985216, -0.00591151, 0.0029263548), (-0.03956706, -0.005869219, 1.8369702e-18), (-0.03985216, -0.00591151, -0.0029263548), (-0.04069651, -0.006036757, -0.0057402514), (-0.042067654, -0.006240147, -0.008333554), (-0.043912906, -0.0065138643, -0.010606602), (-0.046161354, -0.00684739, -0.012472044), (-0.048726585, -0.0072279065, -0.013858193), (-0.051510025, -0.0076407907, -0.01471178), (-0.05440471, -0.0080701765, -0.015), (-0.05729939, -0.008499562, -0.01471178), (-0.06008283, -0.008912446, -0.013858193), (-0.062648065, -0.009292962, -0.012472044), (-0.06489651, -0.009626488, -0.010606602), (-0.066741765, -0.009900205, -0.008333554), (-0.06811291, -0.010103595, -0.0057402514), (-0.068957254, -0.0102288425, -0.0029263548), (-0.06865497, -0.013656323, 0), (-0.06837229, -0.013600093, 0.0029263548), (-0.0675351, -0.013433567, 0.0057402514), (-0.06617559, -0.013163143, 0.008333554), (-0.064345986, -0.012799213, 0.010606602), (-0.062116615, -0.012355763, 0.012472044), (-0.059573144, -0.0118498355, 0.013858193), (-0.056813315, -0.011300871, 0.01471178), (-0.05394319, -0.010729968, 0.015), (-0.051073063, -0.010159064, 0.01471178), (-0.048313238, -0.009610101, 0.013858193), (-0.045769762, -0.009104172, 0.012472044), (-0.043540392, -0.0086607225, 0.010606602), (-0.041710794, -0.008296792, 0.008333554), (-0.04035128, -0.008026368, 0.0057402514), (-0.039514095, -0.007859842, 0.0029263548), (-0.039231412, -0.007803613, 1.8369702e-18), (-0.039514095, -0.007859842, -0.0029263548), (-0.04035128, -0.008026368, -0.0057402514), (-0.041710794, -0.008296792, -0.008333554), (-0.043540392, -0.0086607225, -0.010606602), (-0.045769762, -0.009104172, -0.012472044), (-0.048313238, -0.009610101, -0.013858193), (-0.051073063, -0.010159064, -0.01471178), (-0.05394319, -0.010729968, -0.015), (-0.056813315, -0.011300871, -0.01471178), (-0.059573144, -0.0118498355, -0.013858193), (-0.062116615, -0.012355763, -0.012472044), (-0.064345986, -0.012799213, -0.010606602), (-0.06617559, -0.013163143, -0.008333554), (-0.0675351, -0.013433567, -0.0057402514), (-0.06837229, -0.013600093, -0.0029263548), (-0.067902185, -0.017008612, 0), (-0.0676226, -0.01693858, 0.0029263548), (-0.0667946, -0.016731177, 0.0057402514), (-0.06544999, -0.01639437, 0.008333554), (-0.06364045, -0.015941104, 0.010606602), (-0.061435528, -0.015388798, 0.012472044), (-0.058919944, -0.014758677, 0.013858193), (-0.056190375, -0.014074956, 0.01471178), (-0.05335172, -0.01336391, 0.015), (-0.050513063, -0.012652864, 0.01471178), (-0.047783494, -0.011969143, 0.013858193), (-0.04526791, -0.011339022, 0.012472044), (-0.043062985, -0.010786716, 0.010606602), (-0.041253448, -0.0103334505, 0.008333554), (-0.039908838, -0.009996643, 0.0057402514), (-0.039080832, -0.009789239, 0.0029263548), (-0.03880125, -0.009719207, 1.8369702e-18), (-0.039080832, -0.009789239, -0.0029263548), (-0.039908838, -0.009996643, -0.0057402514), (-0.041253448, -0.0103334505, -0.008333554), (-0.043062985, -0.010786716, -0.010606602), (-0.04526791, -0.011339022, -0.012472044), (-0.047783494, -0.011969143, -0.013858193), (-0.050513063, -0.012652864, -0.01471178), (-0.05335172, -0.01336391, -0.015), (-0.056190375, -0.014074956, -0.01471178), (-0.058919944, -0.014758677, -0.013858193), (-0.061435528, -0.015388798, -0.012472044), (-0.06364045, -0.015941104, -0.010606602), (-0.06544999, -0.01639437, -0.008333554), (-0.0667946, -0.016731177, -0.0057402514), (-0.0676226, -0.01693858, -0.0029263548), (-0.06698582, -0.020319927, 0), (-0.06671001, -0.020236261, 0.0029263548), (-0.06589318, -0.01998848, 0.0057402514), (-0.064566724, -0.019586101, 0.008333554), (-0.0627816, -0.019044591, 0.010606602), (-0.06060643, -0.01838476, 0.012472044), (-0.058124796, -0.017631965, 0.013858193), (-0.055432066, -0.016815133, 0.01471178), (-0.052631717, -0.015965657, 0.015), (-0.04983137, -0.015116181, 0.01471178), (-0.04713864, -0.01429935, 0.013858193), (-0.044657003, -0.013546554, 0.012472044), (-0.042481832, -0.0128867235, 0.010606602), (-0.040696718, -0.012345214, 0.008333554), (-0.039370254, -0.011942836, 0.0057402514), (-0.038553424, -0.011695053, 0.0029263548), (-0.038277615, -0.011611387, 1.8369702e-18), (-0.038553424, -0.011695053, -0.0029263548), (-0.039370254, -0.011942836, -0.0057402514), (-0.040696718, -0.012345214, -0.008333554), (-0.042481832, -0.0128867235, -0.010606602), (-0.044657003, -0.013546554, -0.012472044), (-0.04713864, -0.01429935, -0.013858193), (-0.04983137, -0.015116181, -0.01471178), (-0.052631717, -0.015965657, -0.015), (-0.055432066, -0.016815133, -0.01471178), (-0.058124796, -0.017631965, -0.013858193), (-0.06060643, -0.01838476, -0.012472044), (-0.0627816, -0.019044591, -0.010606602), (-0.064566724, -0.019586101, -0.008333554), (-0.06589318, -0.01998848, -0.0057402514), (-0.06671001, -0.020236261, -0.0029263548), (-0.06590808, -0.023582289, 0), (-0.06563671, -0.023485191, 0.0029263548), (-0.06483302, -0.023197627, 0.0057402514), (-0.063527904, -0.022730647, 0.008333554), (-0.06177151, -0.022102198, 0.010606602), (-0.059631333, -0.02133643, 0.012472044), (-0.057189625, -0.020462774, 0.013858193), (-0.054540217, -0.019514801, 0.01471178), (-0.051784925, -0.018528942, 0.015), (-0.049029633, -0.017543083, 0.01471178), (-0.046380226, -0.01659511, 0.013858193), (-0.043938518, -0.015721451, 0.012472044), (-0.041798342, -0.0149556855, 0.010606602), (-0.040041946, -0.014327236, 0.008333554), (-0.038736824, -0.013860257, 0.0057402514), (-0.037933134, -0.013572693, 0.0029263548), (-0.03766176, -0.013475594, 1.8369702e-18), (-0.037933134, -0.013572693, -0.0029263548), (-0.038736824, -0.013860257, -0.0057402514), (-0.040041946, -0.014327236, -0.008333554), (-0.041798342, -0.0149556855, -0.010606602), (-0.043938518, -0.015721451, -0.012472044), (-0.046380226, -0.01659511, -0.013858193), (-0.049029633, -0.017543083, -0.01471178), (-0.051784925, -0.018528942, -0.015), (-0.054540217, -0.019514801, -0.01471178), (-0.057189625, -0.020462774, -0.013858193), (-0.059631333, -0.02133643, -0.012472044), (-0.06177151, -0.022102198, -0.010606602), (-0.063527904, -0.022730647, -0.008333554), (-0.06483302, -0.023197627, -0.0057402514), (-0.06563671, -0.023485191, -0.0029263548), (-0.06467157, -0.02678784, 0), (-0.064405285, -0.026677543, 0.0029263548), (-0.06361668, -0.02635089, 0.0057402514), (-0.06233604, -0.025820434, 0.008333554), (-0.060612597, -0.02510656, 0.010606602), (-0.058512572, -0.024236701, 0.012472044), (-0.056116674, -0.023244288, 0.013858193), (-0.053516973, -0.022167455, 0.01471178), (-0.050813373, -0.021047588, 0.015), (-0.048109774, -0.019927721, 0.01471178), (-0.045510072, -0.018850889, 0.013858193), (-0.043114174, -0.017858475, 0.012472044), (-0.041014154, -0.016988618, 0.010606602), (-0.039290708, -0.016274745, 0.008333554), (-0.038010072, -0.015744288, 0.0057402514), (-0.03722146, -0.0154176345, 0.0029263548), (-0.03695518, -0.015307337, 1.8369702e-18), (-0.03722146, -0.0154176345, -0.0029263548), (-0.038010072, -0.015744288, -0.0057402514), (-0.039290708, -0.016274745, -0.008333554), (-0.041014154, -0.016988618, -0.010606602), (-0.043114174, -0.017858475, -0.012472044), (-0.045510072, -0.018850889, -0.013858193), (-0.048109774, -0.019927721, -0.01471178), (-0.050813373, -0.021047588, -0.015), (-0.053516973, -0.022167455, -0.01471178), (-0.056116674, -0.023244288, -0.013858193), (-0.058512572, -0.024236701, -0.012472044), (-0.060612597, -0.02510656, -0.010606602), (-0.06233604, -0.025820434, -0.008333554), (-0.06361668, -0.02635089, -0.0057402514), (-0.064405285, -0.026677543, -0.0029263548), (-0.06327925, -0.029928857, 0), (-0.0630187, -0.029805627, 0.0029263548), (-0.062247068, -0.029440671, 0.0057402514), (-0.060994007, -0.028848017, 0.008333554), (-0.059307665, -0.028050438, 0.010606602), (-0.057252854, -0.027078584, 0.012472044), (-0.054908536, -0.025969803, 0.013858193), (-0.052364804, -0.024766708, 0.01471178), (-0.049719412, -0.02351553, 0.015), (-0.047074016, -0.022264352, 0.01471178), (-0.044530284, -0.021061257, 0.013858193), (-0.04218597, -0.019952476, 0.012472044), (-0.040131155, -0.018980624, 0.010606602), (-0.038444817, -0.018183043, 0.008333554), (-0.037191752, -0.017590389, 0.0057402514), (-0.03642012, -0.017225433, 0.0029263548), (-0.03615957, -0.017102204, 1.8369702e-18), (-0.03642012, -0.017225433, -0.0029263548), (-0.037191752, -0.017590389, -0.0057402514), (-0.038444817, -0.018183043, -0.008333554), (-0.040131155, -0.018980624, -0.010606602), (-0.04218597, -0.019952476, -0.012472044), (-0.044530284, -0.021061257, -0.013858193), (-0.047074016, -0.022264352, -0.01471178), (-0.049719412, -0.02351553, -0.015), (-0.052364804, -0.024766708, -0.01471178), (-0.054908536, -0.025969803, -0.013858193), (-0.057252854, -0.027078584, -0.012472044), (-0.059307665, -0.028050438, -0.010606602), (-0.060994007, -0.028848017, -0.008333554), (-0.062247068, -0.029440671, -0.0057402514), (-0.0630187, -0.029805627, -0.0029263548), (-0.06173449, -0.032997772, 0), (-0.0614803, -0.032861907, 0.0029263548), (-0.060727503, -0.032459527, 0.0057402514), (-0.05950503, -0.0318061, 0.008333554), (-0.057859857, -0.030926738, 0.010606602), (-0.055855207, -0.02985523, 0.012472044), (-0.05356812, -0.028632756, 0.013858193), (-0.051086485, -0.027306294, 0.01471178), (-0.04850567, -0.025926821, 0.015), (-0.045924854, -0.024547346, 0.01471178), (-0.043443218, -0.023220886, 0.013858193), (-0.04115613, -0.021998411, 0.012472044), (-0.039151482, -0.020926904, 0.010606602), (-0.03750631, -0.02004754, 0.008333554), (-0.036283836, -0.019394113, 0.0057402514), (-0.03553104, -0.018991737, 0.0029263548), (-0.03527685, -0.01885587, 1.8369702e-18), (-0.03553104, -0.018991737, -0.0029263548), (-0.036283836, -0.019394113, -0.0057402514), (-0.03750631, -0.02004754, -0.008333554), (-0.039151482, -0.020926904, -0.010606602), (-0.04115613, -0.021998411, -0.012472044), (-0.043443218, -0.023220886, -0.013858193), (-0.045924854, -0.024547346, -0.01471178), (-0.04850567, -0.025926821, -0.015), (-0.051086485, -0.027306294, -0.01471178), (-0.05356812, -0.028632756, -0.013858193), (-0.055855207, -0.02985523, -0.012472044), (-0.057859857, -0.030926738, -0.010606602), (-0.05950503, -0.0318061, -0.008333554), (-0.060727503, -0.032459527, -0.0057402514), (-0.0614803, -0.032861907, -0.0029263548), (-0.060041003, -0.03598719, 0), (-0.05979379, -0.035839017, 0.0029263548), (-0.059061643, -0.035400186, 0.0057402514), (-0.0578727, -0.034687564, 0.008333554), (-0.05627266, -0.033728532, 0.010606602), (-0.054323, -0.032559954, 0.012472044), (-0.05209865, -0.03122673, 0.013858193), (-0.04968509, -0.029780097, 0.01471178), (-0.047175072, -0.028275652, 0.015), (-0.044665053, -0.026771205, 0.01471178), (-0.042251494, -0.025324572, 0.013858193), (-0.040027145, -0.023991348, 0.012472044), (-0.03807749, -0.022822767, 0.010606602), (-0.036477443, -0.021863738, 0.008333554), (-0.035288505, -0.021151116, 0.0057402514), (-0.03455636, -0.020712284, 0.0029263548), (-0.034309145, -0.02056411, 1.8369702e-18), (-0.03455636, -0.020712284, -0.0029263548), (-0.035288505, -0.021151116, -0.0057402514), (-0.036477443, -0.021863738, -0.008333554), (-0.03807749, -0.022822767, -0.010606602), (-0.040027145, -0.023991348, -0.012472044), (-0.042251494, -0.025324572, -0.013858193), (-0.044665053, -0.026771205, -0.01471178), (-0.047175072, -0.028275652, -0.015), (-0.04968509, -0.029780097, -0.01471178), (-0.05209865, -0.03122673, -0.013858193), (-0.054323, -0.032559954, -0.012472044), (-0.05627266, -0.033728532, -0.010606602), (-0.0578727, -0.034687564, -0.008333554), (-0.059061643, -0.035400186, -0.0057402514), (-0.05979379, -0.035839017, -0.0029263548), (-0.058202874, -0.038889915, 0), (-0.057963226, -0.03872979, 0.0029263548), (-0.057253495, -0.03825556, 0.0057402514), (-0.056100953, -0.037485458, 0.008333554), (-0.054549895, -0.036449075, 0.010606602), (-0.052659925, -0.03518624, 0.012472044), (-0.050503675, -0.033745475, 0.013858193), (-0.048164003, -0.032182157, 0.01471178), (-0.04573083, -0.030556362, 0.015), (-0.043297652, -0.028930567, 0.01471178), (-0.040957984, -0.02736725, 0.013858193), (-0.038801733, -0.02592649, 0.012472044), (-0.036911763, -0.024663651, 0.010606602), (-0.0353607, -0.023627266, 0.008333554), (-0.034208164, -0.022857163, 0.0057402514), (-0.033498432, -0.022382936, 0.0029263548), (-0.033258785, -0.02222281, 1.8369702e-18), (-0.033498432, -0.022382936, -0.0029263548), (-0.034208164, -0.022857163, -0.0057402514), (-0.0353607, -0.023627266, -0.008333554), (-0.036911763, -0.024663651, -0.010606602), (-0.038801733, -0.02592649, -0.012472044), (-0.040957984, -0.02736725, -0.013858193), (-0.043297652, -0.028930567, -0.01471178), (-0.04573083, -0.030556362, -0.015), (-0.048164003, -0.032182157, -0.01471178), (-0.050503675, -0.033745475, -0.013858193), (-0.052659925, -0.03518624, -0.012472044), (-0.054549895, -0.036449075, -0.010606602), (-0.056100953, -0.037485458, -0.008333554), (-0.057253495, -0.03825556, -0.0057402514), (-0.057963226, -0.03872979, -0.0029263548), (-0.05622453, -0.04169895, 0), (-0.055993024, -0.04152726, 0.0029263548), (-0.055307418, -0.041018777, 0.0057402514), (-0.054194055, -0.04019305, 0.008333554), (-0.052695718, -0.03908181, 0.010606602), (-0.050869986, -0.037727755, 0.012472044), (-0.048787028, -0.036182925, 0.013858193), (-0.046526883, -0.03450669, 0.01471178), (-0.044176415, -0.032763463, 0.015), (-0.041825943, -0.031020233, 0.01471178), (-0.0395658, -0.029343998, 0.013858193), (-0.037482843, -0.02779917, 0.012472044), (-0.03565711, -0.026445117, 0.010606602), (-0.034158774, -0.025333874, 0.008333554), (-0.03304541, -0.024508147, 0.0057402514), (-0.0323598, -0.023999665, 0.0029263548), (-0.0321283, -0.023827972, 1.8369702e-18), (-0.0323598, -0.023999665, -0.0029263548), (-0.03304541, -0.024508147, -0.0057402514), (-0.034158774, -0.025333874, -0.008333554), (-0.03565711, -0.026445117, -0.010606602), (-0.037482843, -0.02779917, -0.012472044), (-0.0395658, -0.029343998, -0.013858193), (-0.041825943, -0.031020233, -0.01471178), (-0.044176415, -0.032763463, -0.015), (-0.046526883, -0.03450669, -0.01471178), (-0.048787028, -0.036182925, -0.013858193), (-0.050869986, -0.037727755, -0.012472044), (-0.052695718, -0.03908181, -0.010606602), (-0.054194055, -0.04019305, -0.008333554), (-0.055307418, -0.041018777, -0.0057402514), (-0.055993024, -0.04152726, -0.0029263548), (-0.054110732, -0.04440753, 0), (-0.053887933, -0.044224683, 0.0029263548), (-0.053228103, -0.043683175, 0.0057402514), (-0.052156594, -0.042803813, 0.008333554), (-0.05071459, -0.04162039, 0.010606602), (-0.0489575, -0.04017838, 0.012472044), (-0.04695285, -0.038533207, 0.013858193), (-0.044777676, -0.03674809, 0.01471178), (-0.042515576, -0.03489163, 0.015), (-0.04025347, -0.03303517, 0.01471178), (-0.0380783, -0.031250052, 0.013858193), (-0.03607365, -0.02960488, 0.012472044), (-0.034316562, -0.028162874, 0.010606602), (-0.032874554, -0.02697945, 0.008333554), (-0.031803045, -0.026100086, 0.0057402514), (-0.031143216, -0.025558576, 0.0029263548), (-0.030920418, -0.025375731, 1.8369702e-18), (-0.031143216, -0.025558576, -0.0029263548), (-0.031803045, -0.026100086, -0.0057402514), (-0.032874554, -0.02697945, -0.008333554), (-0.034316562, -0.028162874, -0.010606602), (-0.03607365, -0.02960488, -0.012472044), (-0.0380783, -0.031250052, -0.013858193), (-0.04025347, -0.03303517, -0.01471178), (-0.042515576, -0.03489163, -0.015), (-0.044777676, -0.03674809, -0.01471178), (-0.04695285, -0.038533207, -0.013858193), (-0.0489575, -0.04017838, -0.012472044), (-0.05071459, -0.04162039, -0.010606602), (-0.052156594, -0.042803813, -0.008333554), (-0.053228103, -0.043683175, -0.0057402514), (-0.053887933, -0.044224683, -0.0029263548), (-0.05186658, -0.047009125, 0), (-0.05165302, -0.04681557, 0.0029263548), (-0.051020555, -0.046242338, 0.0057402514), (-0.049993485, -0.045311455, 0.008333554), (-0.048611287, -0.0440587, 0.010606602), (-0.04692707, -0.042532217, 0.012472044), (-0.045005556, -0.04079066, 0.013858193), (-0.042920597, -0.038900964, 0.01471178), (-0.04075231, -0.036935743, 0.015), (-0.038584027, -0.034970522, 0.01471178), (-0.036499064, -0.033080824, 0.013858193), (-0.034577556, -0.03133927, 0.012472044), (-0.032893337, -0.029812785, 0.010606602), (-0.031511135, -0.02856003, 0.008333554), (-0.030484067, -0.027629148, 0.0057402514), (-0.029851602, -0.027055915, 0.0029263548), (-0.029638045, -0.026862359, 1.8369702e-18), (-0.029851602, -0.027055915, -0.0029263548), (-0.030484067, -0.027629148, -0.0057402514), (-0.031511135, -0.02856003, -0.008333554), (-0.032893337, -0.029812785, -0.010606602), (-0.034577556, -0.03133927, -0.012472044), (-0.036499064, -0.033080824, -0.013858193), (-0.038584027, -0.034970522, -0.01471178), (-0.04075231, -0.036935743, -0.015), (-0.042920597, -0.038900964, -0.01471178), (-0.045005556, -0.04079066, -0.013858193), (-0.04692707, -0.042532217, -0.012472044), (-0.048611287, -0.0440587, -0.010606602), (-0.049993485, -0.045311455, -0.008333554), (-0.051020555, -0.046242338, -0.0057402514), (-0.05165302, -0.04681557, -0.0029263548), (-0.049497474, -0.049497474, 0), (-0.04929367, -0.04929367, 0.0029263548), (-0.048690096, -0.048690096, 0.0057402514), (-0.04770994, -0.04770994, 0.008333554), (-0.046390872, -0.046390872, 0.010606602), (-0.044783585, -0.044783585, 0.012472044), (-0.042949844, -0.042949844, 0.013858193), (-0.04096012, -0.04096012, 0.01471178), (-0.038890872, -0.038890872, 0.015), (-0.036821626, -0.036821626, 0.01471178), (-0.034831904, -0.034831904, 0.013858193), (-0.03299816, -0.03299816, 0.012472044), (-0.03139087, -0.03139087, 0.010606602), (-0.030071806, -0.030071806, 0.008333554), (-0.02909165, -0.02909165, 0.0057402514), (-0.028488073, -0.028488073, 0.0029263548), (-0.02828427, -0.02828427, 1.8369702e-18), (-0.028488073, -0.028488073, -0.0029263548), (-0.02909165, -0.02909165, -0.0057402514), (-0.030071806, -0.030071806, -0.008333554), (-0.03139087, -0.03139087, -0.010606602), (-0.03299816, -0.03299816, -0.012472044), (-0.034831904, -0.034831904, -0.013858193), (-0.036821626, -0.036821626, -0.01471178), (-0.038890872, -0.038890872, -0.015), (-0.04096012, -0.04096012, -0.01471178), (-0.042949844, -0.042949844, -0.013858193), (-0.044783585, -0.044783585, -0.012472044), (-0.046390872, -0.046390872, -0.010606602), (-0.04770994, -0.04770994, -0.008333554), (-0.048690096, -0.048690096, -0.0057402514), (-0.04929367, -0.04929367, -0.0029263548), (-0.047009125, -0.05186658, 0), (-0.04681557, -0.05165302, 0.0029263548), (-0.046242338, -0.051020555, 0.0057402514), (-0.045311455, -0.049993485, 0.008333554), (-0.0440587, -0.048611287, 0.010606602), (-0.042532217, -0.04692707, 0.012472044), (-0.04079066, -0.045005556, 0.013858193), (-0.038900964, -0.042920597, 0.01471178), (-0.036935743, -0.04075231, 0.015), (-0.034970522, -0.038584027, 0.01471178), (-0.033080824, -0.036499064, 0.013858193), (-0.03133927, -0.034577556, 0.012472044), (-0.029812785, -0.032893337, 0.010606602), (-0.02856003, -0.031511135, 0.008333554), (-0.027629148, -0.030484067, 0.0057402514), (-0.027055915, -0.029851602, 0.0029263548), (-0.026862359, -0.029638045, 1.8369702e-18), (-0.027055915, -0.029851602, -0.0029263548), (-0.027629148, -0.030484067, -0.0057402514), (-0.02856003, -0.031511135, -0.008333554), (-0.029812785, -0.032893337, -0.010606602), (-0.03133927, -0.034577556, -0.012472044), (-0.033080824, -0.036499064, -0.013858193), (-0.034970522, -0.038584027, -0.01471178), (-0.036935743, -0.04075231, -0.015), (-0.038900964, -0.042920597, -0.01471178), (-0.04079066, -0.045005556, -0.013858193), (-0.042532217, -0.04692707, -0.012472044), (-0.0440587, -0.048611287, -0.010606602), (-0.045311455, -0.049993485, -0.008333554), (-0.046242338, -0.051020555, -0.0057402514), (-0.04681557, -0.05165302, -0.0029263548), (-0.04440753, -0.054110732, 0), (-0.044224683, -0.053887933, 0.0029263548), (-0.043683175, -0.053228103, 0.0057402514), (-0.042803813, -0.052156594, 0.008333554), (-0.04162039, -0.05071459, 0.010606602), (-0.04017838, -0.0489575, 0.012472044), (-0.038533207, -0.04695285, 0.013858193), (-0.03674809, -0.044777676, 0.01471178), (-0.03489163, -0.042515576, 0.015), (-0.03303517, -0.04025347, 0.01471178), (-0.031250052, -0.0380783, 0.013858193), (-0.02960488, -0.03607365, 0.012472044), (-0.028162874, -0.034316562, 0.010606602), (-0.02697945, -0.032874554, 0.008333554), (-0.026100086, -0.031803045, 0.0057402514), (-0.025558576, -0.031143216, 0.0029263548), (-0.025375731, -0.030920418, 1.8369702e-18), (-0.025558576, -0.031143216, -0.0029263548), (-0.026100086, -0.031803045, -0.0057402514), (-0.02697945, -0.032874554, -0.008333554), (-0.028162874, -0.034316562, -0.010606602), (-0.02960488, -0.03607365, -0.012472044), (-0.031250052, -0.0380783, -0.013858193), (-0.03303517, -0.04025347, -0.01471178), (-0.03489163, -0.042515576, -0.015), (-0.03674809, -0.044777676, -0.01471178), (-0.038533207, -0.04695285, -0.013858193), (-0.04017838, -0.0489575, -0.012472044), (-0.04162039, -0.05071459, -0.010606602), (-0.042803813, -0.052156594, -0.008333554), (-0.043683175, -0.053228103, -0.0057402514), (-0.044224683, -0.053887933, -0.0029263548), (-0.04169895, -0.05622453, 0), (-0.04152726, -0.055993024, 0.0029263548), (-0.041018777, -0.055307418, 0.0057402514), (-0.04019305, -0.054194055, 0.008333554), (-0.03908181, -0.052695718, 0.010606602), (-0.037727755, -0.050869986, 0.012472044), (-0.036182925, -0.048787028, 0.013858193), (-0.03450669, -0.046526883, 0.01471178), (-0.032763463, -0.044176415, 0.015), (-0.031020233, -0.041825943, 0.01471178), (-0.029343998, -0.0395658, 0.013858193), (-0.02779917, -0.037482843, 0.012472044), (-0.026445117, -0.03565711, 0.010606602), (-0.025333874, -0.034158774, 0.008333554), (-0.024508147, -0.03304541, 0.0057402514), (-0.023999665, -0.0323598, 0.0029263548), (-0.023827972, -0.0321283, 1.8369702e-18), (-0.023999665, -0.0323598, -0.0029263548), (-0.024508147, -0.03304541, -0.0057402514), (-0.025333874, -0.034158774, -0.008333554), (-0.026445117, -0.03565711, -0.010606602), (-0.02779917, -0.037482843, -0.012472044), (-0.029343998, -0.0395658, -0.013858193), (-0.031020233, -0.041825943, -0.01471178), (-0.032763463, -0.044176415, -0.015), (-0.03450669, -0.046526883, -0.01471178), (-0.036182925, -0.048787028, -0.013858193), (-0.037727755, -0.050869986, -0.012472044), (-0.03908181, -0.052695718, -0.010606602), (-0.04019305, -0.054194055, -0.008333554), (-0.041018777, -0.055307418, -0.0057402514), (-0.04152726, -0.055993024, -0.0029263548), (-0.038889915, -0.058202874, 0), (-0.03872979, -0.057963226, 0.0029263548), (-0.03825556, -0.057253495, 0.0057402514), (-0.037485458, -0.056100953, 0.008333554), (-0.036449075, -0.054549895, 0.010606602), (-0.03518624, -0.052659925, 0.012472044), (-0.033745475, -0.050503675, 0.013858193), (-0.032182157, -0.048164003, 0.01471178), (-0.030556362, -0.04573083, 0.015), (-0.028930567, -0.043297652, 0.01471178), (-0.02736725, -0.040957984, 0.013858193), (-0.02592649, -0.038801733, 0.012472044), (-0.024663651, -0.036911763, 0.010606602), (-0.023627266, -0.0353607, 0.008333554), (-0.022857163, -0.034208164, 0.0057402514), (-0.022382936, -0.033498432, 0.0029263548), (-0.02222281, -0.033258785, 1.8369702e-18), (-0.022382936, -0.033498432, -0.0029263548), (-0.022857163, -0.034208164, -0.0057402514), (-0.023627266, -0.0353607, -0.008333554), (-0.024663651, -0.036911763, -0.010606602), (-0.02592649, -0.038801733, -0.012472044), (-0.02736725, -0.040957984, -0.013858193), (-0.028930567, -0.043297652, -0.01471178), (-0.030556362, -0.04573083, -0.015), (-0.032182157, -0.048164003, -0.01471178), (-0.033745475, -0.050503675, -0.013858193), (-0.03518624, -0.052659925, -0.012472044), (-0.036449075, -0.054549895, -0.010606602), (-0.037485458, -0.056100953, -0.008333554), (-0.03825556, -0.057253495, -0.0057402514), (-0.03872979, -0.057963226, -0.0029263548), (-0.03598719, -0.060041003, 0), (-0.035839017, -0.05979379, 0.0029263548), (-0.035400186, -0.059061643, 0.0057402514), (-0.034687564, -0.0578727, 0.008333554), (-0.033728532, -0.05627266, 0.010606602), (-0.032559954, -0.054323, 0.012472044), (-0.03122673, -0.05209865, 0.013858193), (-0.029780097, -0.04968509, 0.01471178), (-0.028275652, -0.047175072, 0.015), (-0.026771205, -0.044665053, 0.01471178), (-0.025324572, -0.042251494, 0.013858193), (-0.023991348, -0.040027145, 0.012472044), (-0.022822767, -0.03807749, 0.010606602), (-0.021863738, -0.036477443, 0.008333554), (-0.021151116, -0.035288505, 0.0057402514), (-0.020712284, -0.03455636, 0.0029263548), (-0.02056411, -0.034309145, 1.8369702e-18), (-0.020712284, -0.03455636, -0.0029263548), (-0.021151116, -0.035288505, -0.0057402514), (-0.021863738, -0.036477443, -0.008333554), (-0.022822767, -0.03807749, -0.010606602), (-0.023991348, -0.040027145, -0.012472044), (-0.025324572, -0.042251494, -0.013858193), (-0.026771205, -0.044665053, -0.01471178), (-0.028275652, -0.047175072, -0.015), (-0.029780097, -0.04968509, -0.01471178), (-0.03122673, -0.05209865, -0.013858193), (-0.032559954, -0.054323, -0.012472044), (-0.033728532, -0.05627266, -0.010606602), (-0.034687564, -0.0578727, -0.008333554), (-0.035400186, -0.059061643, -0.0057402514), (-0.035839017, -0.05979379, -0.0029263548), (-0.032997772, -0.06173449, 0), (-0.032861907, -0.0614803, 0.0029263548), (-0.032459527, -0.060727503, 0.0057402514), (-0.0318061, -0.05950503, 0.008333554), (-0.030926738, -0.057859857, 0.010606602), (-0.02985523, -0.055855207, 0.012472044), (-0.028632756, -0.05356812, 0.013858193), (-0.027306294, -0.051086485, 0.01471178), (-0.025926821, -0.04850567, 0.015), (-0.024547346, -0.045924854, 0.01471178), (-0.023220886, -0.043443218, 0.013858193), (-0.021998411, -0.04115613, 0.012472044), (-0.020926904, -0.039151482, 0.010606602), (-0.02004754, -0.03750631, 0.008333554), (-0.019394113, -0.036283836, 0.0057402514), (-0.018991737, -0.03553104, 0.0029263548), (-0.01885587, -0.03527685, 1.8369702e-18), (-0.018991737, -0.03553104, -0.0029263548), (-0.019394113, -0.036283836, -0.0057402514), (-0.02004754, -0.03750631, -0.008333554), (-0.020926904, -0.039151482, -0.010606602), (-0.021998411, -0.04115613, -0.012472044), (-0.023220886, -0.043443218, -0.013858193), (-0.024547346, -0.045924854, -0.01471178), (-0.025926821, -0.04850567, -0.015), (-0.027306294, -0.051086485, -0.01471178), (-0.028632756, -0.05356812, -0.013858193), (-0.02985523, -0.055855207, -0.012472044), (-0.030926738, -0.057859857, -0.010606602), (-0.0318061, -0.05950503, -0.008333554), (-0.032459527, -0.060727503, -0.0057402514), (-0.032861907, -0.0614803, -0.0029263548), (-0.029928857, -0.06327925, 0), (-0.029805627, -0.0630187, 0.0029263548), (-0.029440671, -0.062247068, 0.0057402514), (-0.028848017, -0.060994007, 0.008333554), (-0.028050438, -0.059307665, 0.010606602), (-0.027078584, -0.057252854, 0.012472044), (-0.025969803, -0.054908536, 0.013858193), (-0.024766708, -0.052364804, 0.01471178), (-0.02351553, -0.049719412, 0.015), (-0.022264352, -0.047074016, 0.01471178), (-0.021061257, -0.044530284, 0.013858193), (-0.019952476, -0.04218597, 0.012472044), (-0.018980624, -0.040131155, 0.010606602), (-0.018183043, -0.038444817, 0.008333554), (-0.017590389, -0.037191752, 0.0057402514), (-0.017225433, -0.03642012, 0.0029263548), (-0.017102204, -0.03615957, 1.8369702e-18), (-0.017225433, -0.03642012, -0.0029263548), (-0.017590389, -0.037191752, -0.0057402514), (-0.018183043, -0.038444817, -0.008333554), (-0.018980624, -0.040131155, -0.010606602), (-0.019952476, -0.04218597, -0.012472044), (-0.021061257, -0.044530284, -0.013858193), (-0.022264352, -0.047074016, -0.01471178), (-0.02351553, -0.049719412, -0.015), (-0.024766708, -0.052364804, -0.01471178), (-0.025969803, -0.054908536, -0.013858193), (-0.027078584, -0.057252854, -0.012472044), (-0.028050438, -0.059307665, -0.010606602), (-0.028848017, -0.060994007, -0.008333554), (-0.029440671, -0.062247068, -0.0057402514), (-0.029805627, -0.0630187, -0.0029263548), (-0.02678784, -0.06467157, 0), (-0.026677543, -0.064405285, 0.0029263548), (-0.02635089, -0.06361668, 0.0057402514), (-0.025820434, -0.06233604, 0.008333554), (-0.02510656, -0.060612597, 0.010606602), (-0.024236701, -0.058512572, 0.012472044), (-0.023244288, -0.056116674, 0.013858193), (-0.022167455, -0.053516973, 0.01471178), (-0.021047588, -0.050813373, 0.015), (-0.019927721, -0.048109774, 0.01471178), (-0.018850889, -0.045510072, 0.013858193), (-0.017858475, -0.043114174, 0.012472044), (-0.016988618, -0.041014154, 0.010606602), (-0.016274745, -0.039290708, 0.008333554), (-0.015744288, -0.038010072, 0.0057402514), (-0.0154176345, -0.03722146, 0.0029263548), (-0.015307337, -0.03695518, 1.8369702e-18), (-0.0154176345, -0.03722146, -0.0029263548), (-0.015744288, -0.038010072, -0.0057402514), (-0.016274745, -0.039290708, -0.008333554), (-0.016988618, -0.041014154, -0.010606602), (-0.017858475, -0.043114174, -0.012472044), (-0.018850889, -0.045510072, -0.013858193), (-0.019927721, -0.048109774, -0.01471178), (-0.021047588, -0.050813373, -0.015), (-0.022167455, -0.053516973, -0.01471178), (-0.023244288, -0.056116674, -0.013858193), (-0.024236701, -0.058512572, -0.012472044), (-0.02510656, -0.060612597, -0.010606602), (-0.025820434, -0.06233604, -0.008333554), (-0.02635089, -0.06361668, -0.0057402514), (-0.026677543, -0.064405285, -0.0029263548), (-0.023582289, -0.06590808, 0), (-0.023485191, -0.06563671, 0.0029263548), (-0.023197627, -0.06483302, 0.0057402514), (-0.022730647, -0.063527904, 0.008333554), (-0.022102198, -0.06177151, 0.010606602), (-0.02133643, -0.059631333, 0.012472044), (-0.020462774, -0.057189625, 0.013858193), (-0.019514801, -0.054540217, 0.01471178), (-0.018528942, -0.051784925, 0.015), (-0.017543083, -0.049029633, 0.01471178), (-0.01659511, -0.046380226, 0.013858193), (-0.015721451, -0.043938518, 0.012472044), (-0.0149556855, -0.041798342, 0.010606602), (-0.014327236, -0.040041946, 0.008333554), (-0.013860257, -0.038736824, 0.0057402514), (-0.013572693, -0.037933134, 0.0029263548), (-0.013475594, -0.03766176, 1.8369702e-18), (-0.013572693, -0.037933134, -0.0029263548), (-0.013860257, -0.038736824, -0.0057402514), (-0.014327236, -0.040041946, -0.008333554), (-0.0149556855, -0.041798342, -0.010606602), (-0.015721451, -0.043938518, -0.012472044), (-0.01659511, -0.046380226, -0.013858193), (-0.017543083, -0.049029633, -0.01471178), (-0.018528942, -0.051784925, -0.015), (-0.019514801, -0.054540217, -0.01471178), (-0.020462774, -0.057189625, -0.013858193), (-0.02133643, -0.059631333, -0.012472044), (-0.022102198, -0.06177151, -0.010606602), (-0.022730647, -0.063527904, -0.008333554), (-0.023197627, -0.06483302, -0.0057402514), (-0.023485191, -0.06563671, -0.0029263548), (-0.020319927, -0.06698582, 0), (-0.020236261, -0.06671001, 0.0029263548), (-0.01998848, -0.06589318, 0.0057402514), (-0.019586101, -0.064566724, 0.008333554), (-0.019044591, -0.0627816, 0.010606602), (-0.01838476, -0.06060643, 0.012472044), (-0.017631965, -0.058124796, 0.013858193), (-0.016815133, -0.055432066, 0.01471178), (-0.015965657, -0.052631717, 0.015), (-0.015116181, -0.04983137, 0.01471178), (-0.01429935, -0.04713864, 0.013858193), (-0.013546554, -0.044657003, 0.012472044), (-0.0128867235, -0.042481832, 0.010606602), (-0.012345214, -0.040696718, 0.008333554), (-0.011942836, -0.039370254, 0.0057402514), (-0.011695053, -0.038553424, 0.0029263548), (-0.011611387, -0.038277615, 1.8369702e-18), (-0.011695053, -0.038553424, -0.0029263548), (-0.011942836, -0.039370254, -0.0057402514), (-0.012345214, -0.040696718, -0.008333554), (-0.0128867235, -0.042481832, -0.010606602), (-0.013546554, -0.044657003, -0.012472044), (-0.01429935, -0.04713864, -0.013858193), (-0.015116181, -0.04983137, -0.01471178), (-0.015965657, -0.052631717, -0.015), (-0.016815133, -0.055432066, -0.01471178), (-0.017631965, -0.058124796, -0.013858193), (-0.01838476, -0.06060643, -0.012472044), (-0.019044591, -0.0627816, -0.010606602), (-0.019586101, -0.064566724, -0.008333554), (-0.01998848, -0.06589318, -0.0057402514), (-0.020236261, -0.06671001, -0.0029263548), (-0.017008612, -0.067902185, 0), (-0.01693858, -0.0676226, 0.0029263548), (-0.016731177, -0.0667946, 0.0057402514), (-0.01639437, -0.06544999, 0.008333554), (-0.015941104, -0.06364045, 0.010606602), (-0.015388798, -0.061435528, 0.012472044), (-0.014758677, -0.058919944, 0.013858193), (-0.014074956, -0.056190375, 0.01471178), (-0.01336391, -0.05335172, 0.015), (-0.012652864, -0.050513063, 0.01471178), (-0.011969143, -0.047783494, 0.013858193), (-0.011339022, -0.04526791, 0.012472044), (-0.010786716, -0.043062985, 0.010606602), (-0.0103334505, -0.041253448, 0.008333554), (-0.009996643, -0.039908838, 0.0057402514), (-0.009789239, -0.039080832, 0.0029263548), (-0.009719207, -0.03880125, 1.8369702e-18), (-0.009789239, -0.039080832, -0.0029263548), (-0.009996643, -0.039908838, -0.0057402514), (-0.0103334505, -0.041253448, -0.008333554), (-0.010786716, -0.043062985, -0.010606602), (-0.011339022, -0.04526791, -0.012472044), (-0.011969143, -0.047783494, -0.013858193), (-0.012652864, -0.050513063, -0.01471178), (-0.01336391, -0.05335172, -0.015), (-0.014074956, -0.056190375, -0.01471178), (-0.014758677, -0.058919944, -0.013858193), (-0.015388798, -0.061435528, -0.012472044), (-0.015941104, -0.06364045, -0.010606602), (-0.01639437, -0.06544999, -0.008333554), (-0.016731177, -0.0667946, -0.0057402514), (-0.01693858, -0.0676226, -0.0029263548), (-0.013656323, -0.06865497, 0), (-0.013600093, -0.06837229, 0.0029263548), (-0.013433567, -0.0675351, 0.0057402514), (-0.013163143, -0.06617559, 0.008333554), (-0.012799213, -0.064345986, 0.010606602), (-0.012355763, -0.062116615, 0.012472044), (-0.0118498355, -0.059573144, 0.013858193), (-0.011300871, -0.056813315, 0.01471178), (-0.010729968, -0.05394319, 0.015), (-0.010159064, -0.051073063, 0.01471178), (-0.009610101, -0.048313238, 0.013858193), (-0.009104172, -0.045769762, 0.012472044), (-0.0086607225, -0.043540392, 0.010606602), (-0.008296792, -0.041710794, 0.008333554), (-0.008026368, -0.04035128, 0.0057402514), (-0.007859842, -0.039514095, 0.0029263548), (-0.007803613, -0.039231412, 1.8369702e-18), (-0.007859842, -0.039514095, -0.0029263548), (-0.008026368, -0.04035128, -0.0057402514), (-0.008296792, -0.041710794, -0.008333554), (-0.0086607225, -0.043540392, -0.010606602), (-0.009104172, -0.045769762, -0.012472044), (-0.009610101, -0.048313238, -0.013858193), (-0.010159064, -0.051073063, -0.01471178), (-0.010729968, -0.05394319, -0.015), (-0.011300871, -0.056813315, -0.01471178), (-0.0118498355, -0.059573144, -0.013858193), (-0.012355763, -0.062116615, -0.012472044), (-0.012799213, -0.064345986, -0.010606602), (-0.013163143, -0.06617559, -0.008333554), (-0.013433567, -0.0675351, -0.0057402514), (-0.013600093, -0.06837229, -0.0029263548), (-0.010271133, -0.06924236, 0), (-0.0102288425, -0.068957254, 0.0029263548), (-0.010103595, -0.06811291, 0.0057402514), (-0.009900205, -0.066741765, 0.008333554), (-0.009626488, -0.06489651, 0.010606602), (-0.009292962, -0.062648065, 0.012472044), (-0.008912446, -0.06008283, 0.013858193), (-0.008499562, -0.05729939, 0.01471178), (-0.0080701765, -0.05440471, 0.015), (-0.0076407907, -0.051510025, 0.01471178), (-0.0072279065, -0.048726585, 0.013858193), (-0.00684739, -0.046161354, 0.012472044), (-0.0065138643, -0.043912906, 0.010606602), (-0.006240147, -0.042067654, 0.008333554), (-0.006036757, -0.04069651, 0.0057402514), (-0.00591151, -0.03985216, 0.0029263548), (-0.005869219, -0.03956706, 1.8369702e-18), (-0.00591151, -0.03985216, -0.0029263548), (-0.006036757, -0.04069651, -0.0057402514), (-0.006240147, -0.042067654, -0.008333554), (-0.0065138643, -0.043912906, -0.010606602), (-0.00684739, -0.046161354, -0.012472044), (-0.0072279065, -0.048726585, -0.013858193), (-0.0076407907, -0.051510025, -0.01471178), (-0.0080701765, -0.05440471, -0.015), (-0.008499562, -0.05729939, -0.01471178), (-0.008912446, -0.06008283, -0.013858193), (-0.009292962, -0.062648065, -0.012472044), (-0.009626488, -0.06489651, -0.010606602), (-0.009900205, -0.066741765, -0.008333554), (-0.010103595, -0.06811291, -0.0057402514), (-0.0102288425, -0.068957254, -0.0029263548), (-0.0068611996, -0.06966293, 0), (-0.0068329494, -0.069376096, 0.0029263548), (-0.006749283, -0.068526626, 0.0057402514), (-0.0066134166, -0.06714715, 0.008333554), (-0.0064305714, -0.06529069, 0.010606602), (-0.006207774, -0.06302858, 0.012472044), (-0.0059535857, -0.06044777, 0.013858193), (-0.0056777755, -0.057647422, 0.01471178), (-0.0053909426, -0.05473516, 0.015), (-0.0051041096, -0.051822897, 0.01471178), (-0.0048283, -0.049022548, 0.013858193), (-0.0045741117, -0.046441734, 0.012472044), (-0.004351314, -0.044179633, 0.010606602), (-0.0041684685, -0.042323172, 0.008333554), (-0.004032602, -0.040943697, 0.0057402514), (-0.0039489362, -0.040094223, 0.0029263548), (-0.0039206855, -0.03980739, 1.8369702e-18), (-0.0039489362, -0.040094223, -0.0029263548), (-0.004032602, -0.040943697, -0.0057402514), (-0.0041684685, -0.042323172, -0.008333554), (-0.004351314, -0.044179633, -0.010606602), (-0.0045741117, -0.046441734, -0.012472044), (-0.0048283, -0.049022548, -0.013858193), (-0.0051041096, -0.051822897, -0.01471178), (-0.0053909426, -0.05473516, -0.015), (-0.0056777755, -0.057647422, -0.01471178), (-0.0059535857, -0.06044777, -0.013858193), (-0.006207774, -0.06302858, -0.012472044), (-0.0064305714, -0.06529069, -0.010606602), (-0.0066134166, -0.06714715, -0.008333554), (-0.006749283, -0.068526626, -0.0057402514), (-0.0068329494, -0.069376096, -0.0029263548), (-0.0034347372, -0.06991568, 0), (-0.0034205948, -0.06962781, 0.0029263548), (-0.0033787114, -0.06877525, 0.0057402514), (-0.0033106962, -0.06739077, 0.008333554), (-0.0032191633, -0.06552757, 0.010606602), (-0.0031076302, -0.06325726, 0.012472044), (-0.0029803829, -0.060667086, 0.013858193), (-0.0028423115, -0.05785658, 0.01471178), (-0.002698722, -0.05493375, 0.015), (-0.0025551326, -0.05201092, 0.01471178), (-0.0024170612, -0.049200412, 0.013858193), (-0.002289814, -0.046610236, 0.012472044), (-0.0021782808, -0.044339925, 0.010606602), (-0.002086748, -0.04247673, 0.008333554), (-0.0020187327, -0.04109225, 0.0057402514), (-0.0019768493, -0.04023969, 0.0029263548), (-0.001962707, -0.03995182, 1.8369702e-18), (-0.0019768493, -0.04023969, -0.0029263548), (-0.0020187327, -0.04109225, -0.0057402514), (-0.002086748, -0.04247673, -0.008333554), (-0.0021782808, -0.044339925, -0.010606602), (-0.002289814, -0.046610236, -0.012472044), (-0.0024170612, -0.049200412, -0.013858193), (-0.0025551326, -0.05201092, -0.01471178), (-0.002698722, -0.05493375, -0.015), (-0.0028423115, -0.05785658, -0.01471178), (-0.0029803829, -0.060667086, -0.013858193), (-0.0031076302, -0.06325726, -0.012472044), (-0.0032191633, -0.06552757, -0.010606602), (-0.0033106962, -0.06739077, -0.008333554), (-0.0033787114, -0.06877525, -0.0057402514), (-0.0034205948, -0.06962781, -0.0029263548), (-1.28587915e-17, -0.07, 0), (-1.2805846e-17, -0.06971178, 0.0029263548), (-1.2649045e-17, -0.06885819, 0.0057402514), (-1.2394413e-17, -0.06747204, 0.008333554), (-1.2051737e-17, -0.0656066, 0.010606602), (-1.1634185e-17, -0.063333556, 0.012472044), (-1.1157803e-17, -0.06074025, 0.013858193), (-1.06408985e-17, -0.057926353, 0.01471178), (-1.0103336e-17, -0.055, 0.015), (-9.565773e-18, -0.052073646, 0.01471178), (-9.048869e-18, -0.04925975, 0.013858193), (-8.572487e-18, -0.046666447, 0.012472044), (-8.154935e-18, -0.044393398, 0.010606602), (-7.8122585e-18, -0.042527955, 0.008333554), (-7.5576275e-18, -0.041141808, 0.0057402514), (-7.400826e-18, -0.04028822, 0.0029263548), (-7.347881e-18, -0.04, 1.8369702e-18), (-7.400826e-18, -0.04028822, -0.0029263548), (-7.5576275e-18, -0.041141808, -0.0057402514), (-7.8122585e-18, -0.042527955, -0.008333554), (-8.154935e-18, -0.044393398, -0.010606602), (-8.572487e-18, -0.046666447, -0.012472044), (-9.048869e-18, -0.04925975, -0.013858193), (-9.565773e-18, -0.052073646, -0.01471178), (-1.0103336e-17, -0.055, -0.015), (-1.06408985e-17, -0.057926353, -0.01471178), (-1.1157803e-17, -0.06074025, -0.013858193), (-1.1634185e-17, -0.063333556, -0.012472044), (-1.2051737e-17, -0.0656066, -0.010606602), (-1.2394413e-17, -0.06747204, -0.008333554), (-1.2649045e-17, -0.06885819, -0.0057402514), (-1.2805846e-17, -0.06971178, -0.0029263548), (0.0034347372, -0.06991568, 0), (0.0034205948, -0.06962781, 0.0029263548), (0.0033787114, -0.06877525, 0.0057402514), (0.0033106962, -0.06739077, 0.008333554), (0.0032191633, -0.06552757, 0.010606602), (0.0031076302, -0.06325726, 0.012472044), (0.0029803829, -0.060667086, 0.013858193), (0.0028423115, -0.05785658, 0.01471178), (0.002698722, -0.05493375, 0.015), (0.0025551326, -0.05201092, 0.01471178), (0.0024170612, -0.049200412, 0.013858193), (0.002289814, -0.046610236, 0.012472044), (0.0021782808, -0.044339925, 0.010606602), (0.002086748, -0.04247673, 0.008333554), (0.0020187327, -0.04109225, 0.0057402514), (0.0019768493, -0.04023969, 0.0029263548), (0.001962707, -0.03995182, 1.8369702e-18), (0.0019768493, -0.04023969, -0.0029263548), (0.0020187327, -0.04109225, -0.0057402514), (0.002086748, -0.04247673, -0.008333554), (0.0021782808, -0.044339925, -0.010606602), (0.002289814, -0.046610236, -0.012472044), (0.0024170612, -0.049200412, -0.013858193), (0.0025551326, -0.05201092, -0.01471178), (0.002698722, -0.05493375, -0.015), (0.0028423115, -0.05785658, -0.01471178), (0.0029803829, -0.060667086, -0.013858193), (0.0031076302, -0.06325726, -0.012472044), (0.0032191633, -0.06552757, -0.010606602), (0.0033106962, -0.06739077, -0.008333554), (0.0033787114, -0.06877525, -0.0057402514), (0.0034205948, -0.06962781, -0.0029263548), (0.0068611996, -0.06966293, 0), (0.0068329494, -0.069376096, 0.0029263548), (0.006749283, -0.068526626, 0.0057402514), (0.0066134166, -0.06714715, 0.008333554), (0.0064305714, -0.06529069, 0.010606602), (0.006207774, -0.06302858, 0.012472044), (0.0059535857, -0.06044777, 0.013858193), (0.0056777755, -0.057647422, 0.01471178), (0.0053909426, -0.05473516, 0.015), (0.0051041096, -0.051822897, 0.01471178), (0.0048283, -0.049022548, 0.013858193), (0.0045741117, -0.046441734, 0.012472044), (0.004351314, -0.044179633, 0.010606602), (0.0041684685, -0.042323172, 0.008333554), (0.004032602, -0.040943697, 0.0057402514), (0.0039489362, -0.040094223, 0.0029263548), (0.0039206855, -0.03980739, 1.8369702e-18), (0.0039489362, -0.040094223, -0.0029263548), (0.004032602, -0.040943697, -0.0057402514), (0.0041684685, -0.042323172, -0.008333554), (0.004351314, -0.044179633, -0.010606602), (0.0045741117, -0.046441734, -0.012472044), (0.0048283, -0.049022548, -0.013858193), (0.0051041096, -0.051822897, -0.01471178), (0.0053909426, -0.05473516, -0.015), (0.0056777755, -0.057647422, -0.01471178), (0.0059535857, -0.06044777, -0.013858193), (0.006207774, -0.06302858, -0.012472044), (0.0064305714, -0.06529069, -0.010606602), (0.0066134166, -0.06714715, -0.008333554), (0.006749283, -0.068526626, -0.0057402514), (0.0068329494, -0.069376096, -0.0029263548), (0.010271133, -0.06924236, 0), (0.0102288425, -0.068957254, 0.0029263548), (0.010103595, -0.06811291, 0.0057402514), (0.009900205, -0.066741765, 0.008333554), (0.009626488, -0.06489651, 0.010606602), (0.009292962, -0.062648065, 0.012472044), (0.008912446, -0.06008283, 0.013858193), (0.008499562, -0.05729939, 0.01471178), (0.0080701765, -0.05440471, 0.015), (0.0076407907, -0.051510025, 0.01471178), (0.0072279065, -0.048726585, 0.013858193), (0.00684739, -0.046161354, 0.012472044), (0.0065138643, -0.043912906, 0.010606602), (0.006240147, -0.042067654, 0.008333554), (0.006036757, -0.04069651, 0.0057402514), (0.00591151, -0.03985216, 0.0029263548), (0.005869219, -0.03956706, 1.8369702e-18), (0.00591151, -0.03985216, -0.0029263548), (0.006036757, -0.04069651, -0.0057402514), (0.006240147, -0.042067654, -0.008333554), (0.0065138643, -0.043912906, -0.010606602), (0.00684739, -0.046161354, -0.012472044), (0.0072279065, -0.048726585, -0.013858193), (0.0076407907, -0.051510025, -0.01471178), (0.0080701765, -0.05440471, -0.015), (0.008499562, -0.05729939, -0.01471178), (0.008912446, -0.06008283, -0.013858193), (0.009292962, -0.062648065, -0.012472044), (0.009626488, -0.06489651, -0.010606602), (0.009900205, -0.066741765, -0.008333554), (0.010103595, -0.06811291, -0.0057402514), (0.0102288425, -0.068957254, -0.0029263548), (0.013656323, -0.06865497, 0), (0.013600093, -0.06837229, 0.0029263548), (0.013433567, -0.0675351, 0.0057402514), (0.013163143, -0.06617559, 0.008333554), (0.012799213, -0.064345986, 0.010606602), (0.012355763, -0.062116615, 0.012472044), (0.0118498355, -0.059573144, 0.013858193), (0.011300871, -0.056813315, 0.01471178), (0.010729968, -0.05394319, 0.015), (0.010159064, -0.051073063, 0.01471178), (0.009610101, -0.048313238, 0.013858193), (0.009104172, -0.045769762, 0.012472044), (0.0086607225, -0.043540392, 0.010606602), (0.008296792, -0.041710794, 0.008333554), (0.008026368, -0.04035128, 0.0057402514), (0.007859842, -0.039514095, 0.0029263548), (0.007803613, -0.039231412, 1.8369702e-18), (0.007859842, -0.039514095, -0.0029263548), (0.008026368, -0.04035128, -0.0057402514), (0.008296792, -0.041710794, -0.008333554), (0.0086607225, -0.043540392, -0.010606602), (0.009104172, -0.045769762, -0.012472044), (0.009610101, -0.048313238, -0.013858193), (0.010159064, -0.051073063, -0.01471178), (0.010729968, -0.05394319, -0.015), (0.011300871, -0.056813315, -0.01471178), (0.0118498355, -0.059573144, -0.013858193), (0.012355763, -0.062116615, -0.012472044), (0.012799213, -0.064345986, -0.010606602), (0.013163143, -0.06617559, -0.008333554), (0.013433567, -0.0675351, -0.0057402514), (0.013600093, -0.06837229, -0.0029263548), (0.017008612, -0.067902185, 0), (0.01693858, -0.0676226, 0.0029263548), (0.016731177, -0.0667946, 0.0057402514), (0.01639437, -0.06544999, 0.008333554), (0.015941104, -0.06364045, 0.010606602), (0.015388798, -0.061435528, 0.012472044), (0.014758677, -0.058919944, 0.013858193), (0.014074956, -0.056190375, 0.01471178), (0.01336391, -0.05335172, 0.015), (0.012652864, -0.050513063, 0.01471178), (0.011969143, -0.047783494, 0.013858193), (0.011339022, -0.04526791, 0.012472044), (0.010786716, -0.043062985, 0.010606602), (0.0103334505, -0.041253448, 0.008333554), (0.009996643, -0.039908838, 0.0057402514), (0.009789239, -0.039080832, 0.0029263548), (0.009719207, -0.03880125, 1.8369702e-18), (0.009789239, -0.039080832, -0.0029263548), (0.009996643, -0.039908838, -0.0057402514), (0.0103334505, -0.041253448, -0.008333554), (0.010786716, -0.043062985, -0.010606602), (0.011339022, -0.04526791, -0.012472044), (0.011969143, -0.047783494, -0.013858193), (0.012652864, -0.050513063, -0.01471178), (0.01336391, -0.05335172, -0.015), (0.014074956, -0.056190375, -0.01471178), (0.014758677, -0.058919944, -0.013858193), (0.015388798, -0.061435528, -0.012472044), (0.015941104, -0.06364045, -0.010606602), (0.01639437, -0.06544999, -0.008333554), (0.016731177, -0.0667946, -0.0057402514), (0.01693858, -0.0676226, -0.0029263548), (0.020319927, -0.06698582, 0), (0.020236261, -0.06671001, 0.0029263548), (0.01998848, -0.06589318, 0.0057402514), (0.019586101, -0.064566724, 0.008333554), (0.019044591, -0.0627816, 0.010606602), (0.01838476, -0.06060643, 0.012472044), (0.017631965, -0.058124796, 0.013858193), (0.016815133, -0.055432066, 0.01471178), (0.015965657, -0.052631717, 0.015), (0.015116181, -0.04983137, 0.01471178), (0.01429935, -0.04713864, 0.013858193), (0.013546554, -0.044657003, 0.012472044), (0.0128867235, -0.042481832, 0.010606602), (0.012345214, -0.040696718, 0.008333554), (0.011942836, -0.039370254, 0.0057402514), (0.011695053, -0.038553424, 0.0029263548), (0.011611387, -0.038277615, 1.8369702e-18), (0.011695053, -0.038553424, -0.0029263548), (0.011942836, -0.039370254, -0.0057402514), (0.012345214, -0.040696718, -0.008333554), (0.0128867235, -0.042481832, -0.010606602), (0.013546554, -0.044657003, -0.012472044), (0.01429935, -0.04713864, -0.013858193), (0.015116181, -0.04983137, -0.01471178), (0.015965657, -0.052631717, -0.015), (0.016815133, -0.055432066, -0.01471178), (0.017631965, -0.058124796, -0.013858193), (0.01838476, -0.06060643, -0.012472044), (0.019044591, -0.0627816, -0.010606602), (0.019586101, -0.064566724, -0.008333554), (0.01998848, -0.06589318, -0.0057402514), (0.020236261, -0.06671001, -0.0029263548), (0.023582289, -0.06590808, 0), (0.023485191, -0.06563671, 0.0029263548), (0.023197627, -0.06483302, 0.0057402514), (0.022730647, -0.063527904, 0.008333554), (0.022102198, -0.06177151, 0.010606602), (0.02133643, -0.059631333, 0.012472044), (0.020462774, -0.057189625, 0.013858193), (0.019514801, -0.054540217, 0.01471178), (0.018528942, -0.051784925, 0.015), (0.017543083, -0.049029633, 0.01471178), (0.01659511, -0.046380226, 0.013858193), (0.015721451, -0.043938518, 0.012472044), (0.0149556855, -0.041798342, 0.010606602), (0.014327236, -0.040041946, 0.008333554), (0.013860257, -0.038736824, 0.0057402514), (0.013572693, -0.037933134, 0.0029263548), (0.013475594, -0.03766176, 1.8369702e-18), (0.013572693, -0.037933134, -0.0029263548), (0.013860257, -0.038736824, -0.0057402514), (0.014327236, -0.040041946, -0.008333554), (0.0149556855, -0.041798342, -0.010606602), (0.015721451, -0.043938518, -0.012472044), (0.01659511, -0.046380226, -0.013858193), (0.017543083, -0.049029633, -0.01471178), (0.018528942, -0.051784925, -0.015), (0.019514801, -0.054540217, -0.01471178), (0.020462774, -0.057189625, -0.013858193), (0.02133643, -0.059631333, -0.012472044), (0.022102198, -0.06177151, -0.010606602), (0.022730647, -0.063527904, -0.008333554), (0.023197627, -0.06483302, -0.0057402514), (0.023485191, -0.06563671, -0.0029263548), (0.02678784, -0.06467157, 0), (0.026677543, -0.064405285, 0.0029263548), (0.02635089, -0.06361668, 0.0057402514), (0.025820434, -0.06233604, 0.008333554), (0.02510656, -0.060612597, 0.010606602), (0.024236701, -0.058512572, 0.012472044), (0.023244288, -0.056116674, 0.013858193), (0.022167455, -0.053516973, 0.01471178), (0.021047588, -0.050813373, 0.015), (0.019927721, -0.048109774, 0.01471178), (0.018850889, -0.045510072, 0.013858193), (0.017858475, -0.043114174, 0.012472044), (0.016988618, -0.041014154, 0.010606602), (0.016274745, -0.039290708, 0.008333554), (0.015744288, -0.038010072, 0.0057402514), (0.0154176345, -0.03722146, 0.0029263548), (0.015307337, -0.03695518, 1.8369702e-18), (0.0154176345, -0.03722146, -0.0029263548), (0.015744288, -0.038010072, -0.0057402514), (0.016274745, -0.039290708, -0.008333554), (0.016988618, -0.041014154, -0.010606602), (0.017858475, -0.043114174, -0.012472044), (0.018850889, -0.045510072, -0.013858193), (0.019927721, -0.048109774, -0.01471178), (0.021047588, -0.050813373, -0.015), (0.022167455, -0.053516973, -0.01471178), (0.023244288, -0.056116674, -0.013858193), (0.024236701, -0.058512572, -0.012472044), (0.02510656, -0.060612597, -0.010606602), (0.025820434, -0.06233604, -0.008333554), (0.02635089, -0.06361668, -0.0057402514), (0.026677543, -0.064405285, -0.0029263548), (0.029928857, -0.06327925, 0), (0.029805627, -0.0630187, 0.0029263548), (0.029440671, -0.062247068, 0.0057402514), (0.028848017, -0.060994007, 0.008333554), (0.028050438, -0.059307665, 0.010606602), (0.027078584, -0.057252854, 0.012472044), (0.025969803, -0.054908536, 0.013858193), (0.024766708, -0.052364804, 0.01471178), (0.02351553, -0.049719412, 0.015), (0.022264352, -0.047074016, 0.01471178), (0.021061257, -0.044530284, 0.013858193), (0.019952476, -0.04218597, 0.012472044), (0.018980624, -0.040131155, 0.010606602), (0.018183043, -0.038444817, 0.008333554), (0.017590389, -0.037191752, 0.0057402514), (0.017225433, -0.03642012, 0.0029263548), (0.017102204, -0.03615957, 1.8369702e-18), (0.017225433, -0.03642012, -0.0029263548), (0.017590389, -0.037191752, -0.0057402514), (0.018183043, -0.038444817, -0.008333554), (0.018980624, -0.040131155, -0.010606602), (0.019952476, -0.04218597, -0.012472044), (0.021061257, -0.044530284, -0.013858193), (0.022264352, -0.047074016, -0.01471178), (0.02351553, -0.049719412, -0.015), (0.024766708, -0.052364804, -0.01471178), (0.025969803, -0.054908536, -0.013858193), (0.027078584, -0.057252854, -0.012472044), (0.028050438, -0.059307665, -0.010606602), (0.028848017, -0.060994007, -0.008333554), (0.029440671, -0.062247068, -0.0057402514), (0.029805627, -0.0630187, -0.0029263548), (0.032997772, -0.06173449, 0), (0.032861907, -0.0614803, 0.0029263548), (0.032459527, -0.060727503, 0.0057402514), (0.0318061, -0.05950503, 0.008333554), (0.030926738, -0.057859857, 0.010606602), (0.02985523, -0.055855207, 0.012472044), (0.028632756, -0.05356812, 0.013858193), (0.027306294, -0.051086485, 0.01471178), (0.025926821, -0.04850567, 0.015), (0.024547346, -0.045924854, 0.01471178), (0.023220886, -0.043443218, 0.013858193), (0.021998411, -0.04115613, 0.012472044), (0.020926904, -0.039151482, 0.010606602), (0.02004754, -0.03750631, 0.008333554), (0.019394113, -0.036283836, 0.0057402514), (0.018991737, -0.03553104, 0.0029263548), (0.01885587, -0.03527685, 1.8369702e-18), (0.018991737, -0.03553104, -0.0029263548), (0.019394113, -0.036283836, -0.0057402514), (0.02004754, -0.03750631, -0.008333554), (0.020926904, -0.039151482, -0.010606602), (0.021998411, -0.04115613, -0.012472044), (0.023220886, -0.043443218, -0.013858193), (0.024547346, -0.045924854, -0.01471178), (0.025926821, -0.04850567, -0.015), (0.027306294, -0.051086485, -0.01471178), (0.028632756, -0.05356812, -0.013858193), (0.02985523, -0.055855207, -0.012472044), (0.030926738, -0.057859857, -0.010606602), (0.0318061, -0.05950503, -0.008333554), (0.032459527, -0.060727503, -0.0057402514), (0.032861907, -0.0614803, -0.0029263548), (0.03598719, -0.060041003, 0), (0.035839017, -0.05979379, 0.0029263548), (0.035400186, -0.059061643, 0.0057402514), (0.034687564, -0.0578727, 0.008333554), (0.033728532, -0.05627266, 0.010606602), (0.032559954, -0.054323, 0.012472044), (0.03122673, -0.05209865, 0.013858193), (0.029780097, -0.04968509, 0.01471178), (0.028275652, -0.047175072, 0.015), (0.026771205, -0.044665053, 0.01471178), (0.025324572, -0.042251494, 0.013858193), (0.023991348, -0.040027145, 0.012472044), (0.022822767, -0.03807749, 0.010606602), (0.021863738, -0.036477443, 0.008333554), (0.021151116, -0.035288505, 0.0057402514), (0.020712284, -0.03455636, 0.0029263548), (0.02056411, -0.034309145, 1.8369702e-18), (0.020712284, -0.03455636, -0.0029263548), (0.021151116, -0.035288505, -0.0057402514), (0.021863738, -0.036477443, -0.008333554), (0.022822767, -0.03807749, -0.010606602), (0.023991348, -0.040027145, -0.012472044), (0.025324572, -0.042251494, -0.013858193), (0.026771205, -0.044665053, -0.01471178), (0.028275652, -0.047175072, -0.015), (0.029780097, -0.04968509, -0.01471178), (0.03122673, -0.05209865, -0.013858193), (0.032559954, -0.054323, -0.012472044), (0.033728532, -0.05627266, -0.010606602), (0.034687564, -0.0578727, -0.008333554), (0.035400186, -0.059061643, -0.0057402514), (0.035839017, -0.05979379, -0.0029263548), (0.038889915, -0.058202874, 0), (0.03872979, -0.057963226, 0.0029263548), (0.03825556, -0.057253495, 0.0057402514), (0.037485458, -0.056100953, 0.008333554), (0.036449075, -0.054549895, 0.010606602), (0.03518624, -0.052659925, 0.012472044), (0.033745475, -0.050503675, 0.013858193), (0.032182157, -0.048164003, 0.01471178), (0.030556362, -0.04573083, 0.015), (0.028930567, -0.043297652, 0.01471178), (0.02736725, -0.040957984, 0.013858193), (0.02592649, -0.038801733, 0.012472044), (0.024663651, -0.036911763, 0.010606602), (0.023627266, -0.0353607, 0.008333554), (0.022857163, -0.034208164, 0.0057402514), (0.022382936, -0.033498432, 0.0029263548), (0.02222281, -0.033258785, 1.8369702e-18), (0.022382936, -0.033498432, -0.0029263548), (0.022857163, -0.034208164, -0.0057402514), (0.023627266, -0.0353607, -0.008333554), (0.024663651, -0.036911763, -0.010606602), (0.02592649, -0.038801733, -0.012472044), (0.02736725, -0.040957984, -0.013858193), (0.028930567, -0.043297652, -0.01471178), (0.030556362, -0.04573083, -0.015), (0.032182157, -0.048164003, -0.01471178), (0.033745475, -0.050503675, -0.013858193), (0.03518624, -0.052659925, -0.012472044), (0.036449075, -0.054549895, -0.010606602), (0.037485458, -0.056100953, -0.008333554), (0.03825556, -0.057253495, -0.0057402514), (0.03872979, -0.057963226, -0.0029263548), (0.04169895, -0.05622453, 0), (0.04152726, -0.055993024, 0.0029263548), (0.041018777, -0.055307418, 0.0057402514), (0.04019305, -0.054194055, 0.008333554), (0.03908181, -0.052695718, 0.010606602), (0.037727755, -0.050869986, 0.012472044), (0.036182925, -0.048787028, 0.013858193), (0.03450669, -0.046526883, 0.01471178), (0.032763463, -0.044176415, 0.015), (0.031020233, -0.041825943, 0.01471178), (0.029343998, -0.0395658, 0.013858193), (0.02779917, -0.037482843, 0.012472044), (0.026445117, -0.03565711, 0.010606602), (0.025333874, -0.034158774, 0.008333554), (0.024508147, -0.03304541, 0.0057402514), (0.023999665, -0.0323598, 0.0029263548), (0.023827972, -0.0321283, 1.8369702e-18), (0.023999665, -0.0323598, -0.0029263548), (0.024508147, -0.03304541, -0.0057402514), (0.025333874, -0.034158774, -0.008333554), (0.026445117, -0.03565711, -0.010606602), (0.02779917, -0.037482843, -0.012472044), (0.029343998, -0.0395658, -0.013858193), (0.031020233, -0.041825943, -0.01471178), (0.032763463, -0.044176415, -0.015), (0.03450669, -0.046526883, -0.01471178), (0.036182925, -0.048787028, -0.013858193), (0.037727755, -0.050869986, -0.012472044), (0.03908181, -0.052695718, -0.010606602), (0.04019305, -0.054194055, -0.008333554), (0.041018777, -0.055307418, -0.0057402514), (0.04152726, -0.055993024, -0.0029263548), (0.04440753, -0.054110732, 0), (0.044224683, -0.053887933, 0.0029263548), (0.043683175, -0.053228103, 0.0057402514), (0.042803813, -0.052156594, 0.008333554), (0.04162039, -0.05071459, 0.010606602), (0.04017838, -0.0489575, 0.012472044), (0.038533207, -0.04695285, 0.013858193), (0.03674809, -0.044777676, 0.01471178), (0.03489163, -0.042515576, 0.015), (0.03303517, -0.04025347, 0.01471178), (0.031250052, -0.0380783, 0.013858193), (0.02960488, -0.03607365, 0.012472044), (0.028162874, -0.034316562, 0.010606602), (0.02697945, -0.032874554, 0.008333554), (0.026100086, -0.031803045, 0.0057402514), (0.025558576, -0.031143216, 0.0029263548), (0.025375731, -0.030920418, 1.8369702e-18), (0.025558576, -0.031143216, -0.0029263548), (0.026100086, -0.031803045, -0.0057402514), (0.02697945, -0.032874554, -0.008333554), (0.028162874, -0.034316562, -0.010606602), (0.02960488, -0.03607365, -0.012472044), (0.031250052, -0.0380783, -0.013858193), (0.03303517, -0.04025347, -0.01471178), (0.03489163, -0.042515576, -0.015), (0.03674809, -0.044777676, -0.01471178), (0.038533207, -0.04695285, -0.013858193), (0.04017838, -0.0489575, -0.012472044), (0.04162039, -0.05071459, -0.010606602), (0.042803813, -0.052156594, -0.008333554), (0.043683175, -0.053228103, -0.0057402514), (0.044224683, -0.053887933, -0.0029263548), (0.047009125, -0.05186658, 0), (0.04681557, -0.05165302, 0.0029263548), (0.046242338, -0.051020555, 0.0057402514), (0.045311455, -0.049993485, 0.008333554), (0.0440587, -0.048611287, 0.010606602), (0.042532217, -0.04692707, 0.012472044), (0.04079066, -0.045005556, 0.013858193), (0.038900964, -0.042920597, 0.01471178), (0.036935743, -0.04075231, 0.015), (0.034970522, -0.038584027, 0.01471178), (0.033080824, -0.036499064, 0.013858193), (0.03133927, -0.034577556, 0.012472044), (0.029812785, -0.032893337, 0.010606602), (0.02856003, -0.031511135, 0.008333554), (0.027629148, -0.030484067, 0.0057402514), (0.027055915, -0.029851602, 0.0029263548), (0.026862359, -0.029638045, 1.8369702e-18), (0.027055915, -0.029851602, -0.0029263548), (0.027629148, -0.030484067, -0.0057402514), (0.02856003, -0.031511135, -0.008333554), (0.029812785, -0.032893337, -0.010606602), (0.03133927, -0.034577556, -0.012472044), (0.033080824, -0.036499064, -0.013858193), (0.034970522, -0.038584027, -0.01471178), (0.036935743, -0.04075231, -0.015), (0.038900964, -0.042920597, -0.01471178), (0.04079066, -0.045005556, -0.013858193), (0.042532217, -0.04692707, -0.012472044), (0.0440587, -0.048611287, -0.010606602), (0.045311455, -0.049993485, -0.008333554), (0.046242338, -0.051020555, -0.0057402514), (0.04681557, -0.05165302, -0.0029263548), (0.049497474, -0.049497474, 0), (0.04929367, -0.04929367, 0.0029263548), (0.048690096, -0.048690096, 0.0057402514), (0.04770994, -0.04770994, 0.008333554), (0.046390872, -0.046390872, 0.010606602), (0.044783585, -0.044783585, 0.012472044), (0.042949844, -0.042949844, 0.013858193), (0.04096012, -0.04096012, 0.01471178), (0.038890872, -0.038890872, 0.015), (0.036821626, -0.036821626, 0.01471178), (0.034831904, -0.034831904, 0.013858193), (0.03299816, -0.03299816, 0.012472044), (0.03139087, -0.03139087, 0.010606602), (0.030071806, -0.030071806, 0.008333554), (0.02909165, -0.02909165, 0.0057402514), (0.028488073, -0.028488073, 0.0029263548), (0.02828427, -0.02828427, 1.8369702e-18), (0.028488073, -0.028488073, -0.0029263548), (0.02909165, -0.02909165, -0.0057402514), (0.030071806, -0.030071806, -0.008333554), (0.03139087, -0.03139087, -0.010606602), (0.03299816, -0.03299816, -0.012472044), (0.034831904, -0.034831904, -0.013858193), (0.036821626, -0.036821626, -0.01471178), (0.038890872, -0.038890872, -0.015), (0.04096012, -0.04096012, -0.01471178), (0.042949844, -0.042949844, -0.013858193), (0.044783585, -0.044783585, -0.012472044), (0.046390872, -0.046390872, -0.010606602), (0.04770994, -0.04770994, -0.008333554), (0.048690096, -0.048690096, -0.0057402514), (0.04929367, -0.04929367, -0.0029263548), (0.05186658, -0.047009125, 0), (0.05165302, -0.04681557, 0.0029263548), (0.051020555, -0.046242338, 0.0057402514), (0.049993485, -0.045311455, 0.008333554), (0.048611287, -0.0440587, 0.010606602), (0.04692707, -0.042532217, 0.012472044), (0.045005556, -0.04079066, 0.013858193), (0.042920597, -0.038900964, 0.01471178), (0.04075231, -0.036935743, 0.015), (0.038584027, -0.034970522, 0.01471178), (0.036499064, -0.033080824, 0.013858193), (0.034577556, -0.03133927, 0.012472044), (0.032893337, -0.029812785, 0.010606602), (0.031511135, -0.02856003, 0.008333554), (0.030484067, -0.027629148, 0.0057402514), (0.029851602, -0.027055915, 0.0029263548), (0.029638045, -0.026862359, 1.8369702e-18), (0.029851602, -0.027055915, -0.0029263548), (0.030484067, -0.027629148, -0.0057402514), (0.031511135, -0.02856003, -0.008333554), (0.032893337, -0.029812785, -0.010606602), (0.034577556, -0.03133927, -0.012472044), (0.036499064, -0.033080824, -0.013858193), (0.038584027, -0.034970522, -0.01471178), (0.04075231, -0.036935743, -0.015), (0.042920597, -0.038900964, -0.01471178), (0.045005556, -0.04079066, -0.013858193), (0.04692707, -0.042532217, -0.012472044), (0.048611287, -0.0440587, -0.010606602), (0.049993485, -0.045311455, -0.008333554), (0.051020555, -0.046242338, -0.0057402514), (0.05165302, -0.04681557, -0.0029263548), (0.054110732, -0.04440753, 0), (0.053887933, -0.044224683, 0.0029263548), (0.053228103, -0.043683175, 0.0057402514), (0.052156594, -0.042803813, 0.008333554), (0.05071459, -0.04162039, 0.010606602), (0.0489575, -0.04017838, 0.012472044), (0.04695285, -0.038533207, 0.013858193), (0.044777676, -0.03674809, 0.01471178), (0.042515576, -0.03489163, 0.015), (0.04025347, -0.03303517, 0.01471178), (0.0380783, -0.031250052, 0.013858193), (0.03607365, -0.02960488, 0.012472044), (0.034316562, -0.028162874, 0.010606602), (0.032874554, -0.02697945, 0.008333554), (0.031803045, -0.026100086, 0.0057402514), (0.031143216, -0.025558576, 0.0029263548), (0.030920418, -0.025375731, 1.8369702e-18), (0.031143216, -0.025558576, -0.0029263548), (0.031803045, -0.026100086, -0.0057402514), (0.032874554, -0.02697945, -0.008333554), (0.034316562, -0.028162874, -0.010606602), (0.03607365, -0.02960488, -0.012472044), (0.0380783, -0.031250052, -0.013858193), (0.04025347, -0.03303517, -0.01471178), (0.042515576, -0.03489163, -0.015), (0.044777676, -0.03674809, -0.01471178), (0.04695285, -0.038533207, -0.013858193), (0.0489575, -0.04017838, -0.012472044), (0.05071459, -0.04162039, -0.010606602), (0.052156594, -0.042803813, -0.008333554), (0.053228103, -0.043683175, -0.0057402514), (0.053887933, -0.044224683, -0.0029263548), (0.05622453, -0.04169895, 0), (0.055993024, -0.04152726, 0.0029263548), (0.055307418, -0.041018777, 0.0057402514), (0.054194055, -0.04019305, 0.008333554), (0.052695718, -0.03908181, 0.010606602), (0.050869986, -0.037727755, 0.012472044), (0.048787028, -0.036182925, 0.013858193), (0.046526883, -0.03450669, 0.01471178), (0.044176415, -0.032763463, 0.015), (0.041825943, -0.031020233, 0.01471178), (0.0395658, -0.029343998, 0.013858193), (0.037482843, -0.02779917, 0.012472044), (0.03565711, -0.026445117, 0.010606602), (0.034158774, -0.025333874, 0.008333554), (0.03304541, -0.024508147, 0.0057402514), (0.0323598, -0.023999665, 0.0029263548), (0.0321283, -0.023827972, 1.8369702e-18), (0.0323598, -0.023999665, -0.0029263548), (0.03304541, -0.024508147, -0.0057402514), (0.034158774, -0.025333874, -0.008333554), (0.03565711, -0.026445117, -0.010606602), (0.037482843, -0.02779917, -0.012472044), (0.0395658, -0.029343998, -0.013858193), (0.041825943, -0.031020233, -0.01471178), (0.044176415, -0.032763463, -0.015), (0.046526883, -0.03450669, -0.01471178), (0.048787028, -0.036182925, -0.013858193), (0.050869986, -0.037727755, -0.012472044), (0.052695718, -0.03908181, -0.010606602), (0.054194055, -0.04019305, -0.008333554), (0.055307418, -0.041018777, -0.0057402514), (0.055993024, -0.04152726, -0.0029263548), (0.058202874, -0.038889915, 0), (0.057963226, -0.03872979, 0.0029263548), (0.057253495, -0.03825556, 0.0057402514), (0.056100953, -0.037485458, 0.008333554), (0.054549895, -0.036449075, 0.010606602), (0.052659925, -0.03518624, 0.012472044), (0.050503675, -0.033745475, 0.013858193), (0.048164003, -0.032182157, 0.01471178), (0.04573083, -0.030556362, 0.015), (0.043297652, -0.028930567, 0.01471178), (0.040957984, -0.02736725, 0.013858193), (0.038801733, -0.02592649, 0.012472044), (0.036911763, -0.024663651, 0.010606602), (0.0353607, -0.023627266, 0.008333554), (0.034208164, -0.022857163, 0.0057402514), (0.033498432, -0.022382936, 0.0029263548), (0.033258785, -0.02222281, 1.8369702e-18), (0.033498432, -0.022382936, -0.0029263548), (0.034208164, -0.022857163, -0.0057402514), (0.0353607, -0.023627266, -0.008333554), (0.036911763, -0.024663651, -0.010606602), (0.038801733, -0.02592649, -0.012472044), (0.040957984, -0.02736725, -0.013858193), (0.043297652, -0.028930567, -0.01471178), (0.04573083, -0.030556362, -0.015), (0.048164003, -0.032182157, -0.01471178), (0.050503675, -0.033745475, -0.013858193), (0.052659925, -0.03518624, -0.012472044), (0.054549895, -0.036449075, -0.010606602), (0.056100953, -0.037485458, -0.008333554), (0.057253495, -0.03825556, -0.0057402514), (0.057963226, -0.03872979, -0.0029263548), (0.060041003, -0.03598719, 0), (0.05979379, -0.035839017, 0.0029263548), (0.059061643, -0.035400186, 0.0057402514), (0.0578727, -0.034687564, 0.008333554), (0.05627266, -0.033728532, 0.010606602), (0.054323, -0.032559954, 0.012472044), (0.05209865, -0.03122673, 0.013858193), (0.04968509, -0.029780097, 0.01471178), (0.047175072, -0.028275652, 0.015), (0.044665053, -0.026771205, 0.01471178), (0.042251494, -0.025324572, 0.013858193), (0.040027145, -0.023991348, 0.012472044), (0.03807749, -0.022822767, 0.010606602), (0.036477443, -0.021863738, 0.008333554), (0.035288505, -0.021151116, 0.0057402514), (0.03455636, -0.020712284, 0.0029263548), (0.034309145, -0.02056411, 1.8369702e-18), (0.03455636, -0.020712284, -0.0029263548), (0.035288505, -0.021151116, -0.0057402514), (0.036477443, -0.021863738, -0.008333554), (0.03807749, -0.022822767, -0.010606602), (0.040027145, -0.023991348, -0.012472044), (0.042251494, -0.025324572, -0.013858193), (0.044665053, -0.026771205, -0.01471178), (0.047175072, -0.028275652, -0.015), (0.04968509, -0.029780097, -0.01471178), (0.05209865, -0.03122673, -0.013858193), (0.054323, -0.032559954, -0.012472044), (0.05627266, -0.033728532, -0.010606602), (0.0578727, -0.034687564, -0.008333554), (0.059061643, -0.035400186, -0.0057402514), (0.05979379, -0.035839017, -0.0029263548), (0.06173449, -0.032997772, 0), (0.0614803, -0.032861907, 0.0029263548), (0.060727503, -0.032459527, 0.0057402514), (0.05950503, -0.0318061, 0.008333554), (0.057859857, -0.030926738, 0.010606602), (0.055855207, -0.02985523, 0.012472044), (0.05356812, -0.028632756, 0.013858193), (0.051086485, -0.027306294, 0.01471178), (0.04850567, -0.025926821, 0.015), (0.045924854, -0.024547346, 0.01471178), (0.043443218, -0.023220886, 0.013858193), (0.04115613, -0.021998411, 0.012472044), (0.039151482, -0.020926904, 0.010606602), (0.03750631, -0.02004754, 0.008333554), (0.036283836, -0.019394113, 0.0057402514), (0.03553104, -0.018991737, 0.0029263548), (0.03527685, -0.01885587, 1.8369702e-18), (0.03553104, -0.018991737, -0.0029263548), (0.036283836, -0.019394113, -0.0057402514), (0.03750631, -0.02004754, -0.008333554), (0.039151482, -0.020926904, -0.010606602), (0.04115613, -0.021998411, -0.012472044), (0.043443218, -0.023220886, -0.013858193), (0.045924854, -0.024547346, -0.01471178), (0.04850567, -0.025926821, -0.015), (0.051086485, -0.027306294, -0.01471178), (0.05356812, -0.028632756, -0.013858193), (0.055855207, -0.02985523, -0.012472044), (0.057859857, -0.030926738, -0.010606602), (0.05950503, -0.0318061, -0.008333554), (0.060727503, -0.032459527, -0.0057402514), (0.0614803, -0.032861907, -0.0029263548), (0.06327925, -0.029928857, 0), (0.0630187, -0.029805627, 0.0029263548), (0.062247068, -0.029440671, 0.0057402514), (0.060994007, -0.028848017, 0.008333554), (0.059307665, -0.028050438, 0.010606602), (0.057252854, -0.027078584, 0.012472044), (0.054908536, -0.025969803, 0.013858193), (0.052364804, -0.024766708, 0.01471178), (0.049719412, -0.02351553, 0.015), (0.047074016, -0.022264352, 0.01471178), (0.044530284, -0.021061257, 0.013858193), (0.04218597, -0.019952476, 0.012472044), (0.040131155, -0.018980624, 0.010606602), (0.038444817, -0.018183043, 0.008333554), (0.037191752, -0.017590389, 0.0057402514), (0.03642012, -0.017225433, 0.0029263548), (0.03615957, -0.017102204, 1.8369702e-18), (0.03642012, -0.017225433, -0.0029263548), (0.037191752, -0.017590389, -0.0057402514), (0.038444817, -0.018183043, -0.008333554), (0.040131155, -0.018980624, -0.010606602), (0.04218597, -0.019952476, -0.012472044), (0.044530284, -0.021061257, -0.013858193), (0.047074016, -0.022264352, -0.01471178), (0.049719412, -0.02351553, -0.015), (0.052364804, -0.024766708, -0.01471178), (0.054908536, -0.025969803, -0.013858193), (0.057252854, -0.027078584, -0.012472044), (0.059307665, -0.028050438, -0.010606602), (0.060994007, -0.028848017, -0.008333554), (0.062247068, -0.029440671, -0.0057402514), (0.0630187, -0.029805627, -0.0029263548), (0.06467157, -0.02678784, 0), (0.064405285, -0.026677543, 0.0029263548), (0.06361668, -0.02635089, 0.0057402514), (0.06233604, -0.025820434, 0.008333554), (0.060612597, -0.02510656, 0.010606602), (0.058512572, -0.024236701, 0.012472044), (0.056116674, -0.023244288, 0.013858193), (0.053516973, -0.022167455, 0.01471178), (0.050813373, -0.021047588, 0.015), (0.048109774, -0.019927721, 0.01471178), (0.045510072, -0.018850889, 0.013858193), (0.043114174, -0.017858475, 0.012472044), (0.041014154, -0.016988618, 0.010606602), (0.039290708, -0.016274745, 0.008333554), (0.038010072, -0.015744288, 0.0057402514), (0.03722146, -0.0154176345, 0.0029263548), (0.03695518, -0.015307337, 1.8369702e-18), (0.03722146, -0.0154176345, -0.0029263548), (0.038010072, -0.015744288, -0.0057402514), (0.039290708, -0.016274745, -0.008333554), (0.041014154, -0.016988618, -0.010606602), (0.043114174, -0.017858475, -0.012472044), (0.045510072, -0.018850889, -0.013858193), (0.048109774, -0.019927721, -0.01471178), (0.050813373, -0.021047588, -0.015), (0.053516973, -0.022167455, -0.01471178), (0.056116674, -0.023244288, -0.013858193), (0.058512572, -0.024236701, -0.012472044), (0.060612597, -0.02510656, -0.010606602), (0.06233604, -0.025820434, -0.008333554), (0.06361668, -0.02635089, -0.0057402514), (0.064405285, -0.026677543, -0.0029263548), (0.06590808, -0.023582289, 0), (0.06563671, -0.023485191, 0.0029263548), (0.06483302, -0.023197627, 0.0057402514), (0.063527904, -0.022730647, 0.008333554), (0.06177151, -0.022102198, 0.010606602), (0.059631333, -0.02133643, 0.012472044), (0.057189625, -0.020462774, 0.013858193), (0.054540217, -0.019514801, 0.01471178), (0.051784925, -0.018528942, 0.015), (0.049029633, -0.017543083, 0.01471178), (0.046380226, -0.01659511, 0.013858193), (0.043938518, -0.015721451, 0.012472044), (0.041798342, -0.0149556855, 0.010606602), (0.040041946, -0.014327236, 0.008333554), (0.038736824, -0.013860257, 0.0057402514), (0.037933134, -0.013572693, 0.0029263548), (0.03766176, -0.013475594, 1.8369702e-18), (0.037933134, -0.013572693, -0.0029263548), (0.038736824, -0.013860257, -0.0057402514), (0.040041946, -0.014327236, -0.008333554), (0.041798342, -0.0149556855, -0.010606602), (0.043938518, -0.015721451, -0.012472044), (0.046380226, -0.01659511, -0.013858193), (0.049029633, -0.017543083, -0.01471178), (0.051784925, -0.018528942, -0.015), (0.054540217, -0.019514801, -0.01471178), (0.057189625, -0.020462774, -0.013858193), (0.059631333, -0.02133643, -0.012472044), (0.06177151, -0.022102198, -0.010606602), (0.063527904, -0.022730647, -0.008333554), (0.06483302, -0.023197627, -0.0057402514), (0.06563671, -0.023485191, -0.0029263548), (0.06698582, -0.020319927, 0), (0.06671001, -0.020236261, 0.0029263548), (0.06589318, -0.01998848, 0.0057402514), (0.064566724, -0.019586101, 0.008333554), (0.0627816, -0.019044591, 0.010606602), (0.06060643, -0.01838476, 0.012472044), (0.058124796, -0.017631965, 0.013858193), (0.055432066, -0.016815133, 0.01471178), (0.052631717, -0.015965657, 0.015), (0.04983137, -0.015116181, 0.01471178), (0.04713864, -0.01429935, 0.013858193), (0.044657003, -0.013546554, 0.012472044), (0.042481832, -0.0128867235, 0.010606602), (0.040696718, -0.012345214, 0.008333554), (0.039370254, -0.011942836, 0.0057402514), (0.038553424, -0.011695053, 0.0029263548), (0.038277615, -0.011611387, 1.8369702e-18), (0.038553424, -0.011695053, -0.0029263548), (0.039370254, -0.011942836, -0.0057402514), (0.040696718, -0.012345214, -0.008333554), (0.042481832, -0.0128867235, -0.010606602), (0.044657003, -0.013546554, -0.012472044), (0.04713864, -0.01429935, -0.013858193), (0.04983137, -0.015116181, -0.01471178), (0.052631717, -0.015965657, -0.015), (0.055432066, -0.016815133, -0.01471178), (0.058124796, -0.017631965, -0.013858193), (0.06060643, -0.01838476, -0.012472044), (0.0627816, -0.019044591, -0.010606602), (0.064566724, -0.019586101, -0.008333554), (0.06589318, -0.01998848, -0.0057402514), (0.06671001, -0.020236261, -0.0029263548), (0.067902185, -0.017008612, 0), (0.0676226, -0.01693858, 0.0029263548), (0.0667946, -0.016731177, 0.0057402514), (0.06544999, -0.01639437, 0.008333554), (0.06364045, -0.015941104, 0.010606602), (0.061435528, -0.015388798, 0.012472044), (0.058919944, -0.014758677, 0.013858193), (0.056190375, -0.014074956, 0.01471178), (0.05335172, -0.01336391, 0.015), (0.050513063, -0.012652864, 0.01471178), (0.047783494, -0.011969143, 0.013858193), (0.04526791, -0.011339022, 0.012472044), (0.043062985, -0.010786716, 0.010606602), (0.041253448, -0.0103334505, 0.008333554), (0.039908838, -0.009996643, 0.0057402514), (0.039080832, -0.009789239, 0.0029263548), (0.03880125, -0.009719207, 1.8369702e-18), (0.039080832, -0.009789239, -0.0029263548), (0.039908838, -0.009996643, -0.0057402514), (0.041253448, -0.0103334505, -0.008333554), (0.043062985, -0.010786716, -0.010606602), (0.04526791, -0.011339022, -0.012472044), (0.047783494, -0.011969143, -0.013858193), (0.050513063, -0.012652864, -0.01471178), (0.05335172, -0.01336391, -0.015), (0.056190375, -0.014074956, -0.01471178), (0.058919944, -0.014758677, -0.013858193), (0.061435528, -0.015388798, -0.012472044), (0.06364045, -0.015941104, -0.010606602), (0.06544999, -0.01639437, -0.008333554), (0.0667946, -0.016731177, -0.0057402514), (0.0676226, -0.01693858, -0.0029263548), (0.06865497, -0.013656323, 0), (0.06837229, -0.013600093, 0.0029263548), (0.0675351, -0.013433567, 0.0057402514), (0.06617559, -0.013163143, 0.008333554), (0.064345986, -0.012799213, 0.010606602), (0.062116615, -0.012355763, 0.012472044), (0.059573144, -0.0118498355, 0.013858193), (0.056813315, -0.011300871, 0.01471178), (0.05394319, -0.010729968, 0.015), (0.051073063, -0.010159064, 0.01471178), (0.048313238, -0.009610101, 0.013858193), (0.045769762, -0.009104172, 0.012472044), (0.043540392, -0.0086607225, 0.010606602), (0.041710794, -0.008296792, 0.008333554), (0.04035128, -0.008026368, 0.0057402514), (0.039514095, -0.007859842, 0.0029263548), (0.039231412, -0.007803613, 1.8369702e-18), (0.039514095, -0.007859842, -0.0029263548), (0.04035128, -0.008026368, -0.0057402514), (0.041710794, -0.008296792, -0.008333554), (0.043540392, -0.0086607225, -0.010606602), (0.045769762, -0.009104172, -0.012472044), (0.048313238, -0.009610101, -0.013858193), (0.051073063, -0.010159064, -0.01471178), (0.05394319, -0.010729968, -0.015), (0.056813315, -0.011300871, -0.01471178), (0.059573144, -0.0118498355, -0.013858193), (0.062116615, -0.012355763, -0.012472044), (0.064345986, -0.012799213, -0.010606602), (0.06617559, -0.013163143, -0.008333554), (0.0675351, -0.013433567, -0.0057402514), (0.06837229, -0.013600093, -0.0029263548), (0.06924236, -0.010271133, 0), (0.068957254, -0.0102288425, 0.0029263548), (0.06811291, -0.010103595, 0.0057402514), (0.066741765, -0.009900205, 0.008333554), (0.06489651, -0.009626488, 0.010606602), (0.062648065, -0.009292962, 0.012472044), (0.06008283, -0.008912446, 0.013858193), (0.05729939, -0.008499562, 0.01471178), (0.05440471, -0.0080701765, 0.015), (0.051510025, -0.0076407907, 0.01471178), (0.048726585, -0.0072279065, 0.013858193), (0.046161354, -0.00684739, 0.012472044), (0.043912906, -0.0065138643, 0.010606602), (0.042067654, -0.006240147, 0.008333554), (0.04069651, -0.006036757, 0.0057402514), (0.03985216, -0.00591151, 0.0029263548), (0.03956706, -0.005869219, 1.8369702e-18), (0.03985216, -0.00591151, -0.0029263548), (0.04069651, -0.006036757, -0.0057402514), (0.042067654, -0.006240147, -0.008333554), (0.043912906, -0.0065138643, -0.010606602), (0.046161354, -0.00684739, -0.012472044), (0.048726585, -0.0072279065, -0.013858193), (0.051510025, -0.0076407907, -0.01471178), (0.05440471, -0.0080701765, -0.015), (0.05729939, -0.008499562, -0.01471178), (0.06008283, -0.008912446, -0.013858193), (0.062648065, -0.009292962, -0.012472044), (0.06489651, -0.009626488, -0.010606602), (0.066741765, -0.009900205, -0.008333554), (0.06811291, -0.010103595, -0.0057402514), (0.068957254, -0.0102288425, -0.0029263548), (0.06966293, -0.0068611996, 0), (0.069376096, -0.0068329494, 0.0029263548), (0.068526626, -0.006749283, 0.0057402514), (0.06714715, -0.0066134166, 0.008333554), (0.06529069, -0.0064305714, 0.010606602), (0.06302858, -0.006207774, 0.012472044), (0.06044777, -0.0059535857, 0.013858193), (0.057647422, -0.0056777755, 0.01471178), (0.05473516, -0.0053909426, 0.015), (0.051822897, -0.0051041096, 0.01471178), (0.049022548, -0.0048283, 0.013858193), (0.046441734, -0.0045741117, 0.012472044), (0.044179633, -0.004351314, 0.010606602), (0.042323172, -0.0041684685, 0.008333554), (0.040943697, -0.004032602, 0.0057402514), (0.040094223, -0.0039489362, 0.0029263548), (0.03980739, -0.0039206855, 1.8369702e-18), (0.040094223, -0.0039489362, -0.0029263548), (0.040943697, -0.004032602, -0.0057402514), (0.042323172, -0.0041684685, -0.008333554), (0.044179633, -0.004351314, -0.010606602), (0.046441734, -0.0045741117, -0.012472044), (0.049022548, -0.0048283, -0.013858193), (0.051822897, -0.0051041096, -0.01471178), (0.05473516, -0.0053909426, -0.015), (0.057647422, -0.0056777755, -0.01471178), (0.06044777, -0.0059535857, -0.013858193), (0.06302858, -0.006207774, -0.012472044), (0.06529069, -0.0064305714, -0.010606602), (0.06714715, -0.0066134166, -0.008333554), (0.068526626, -0.006749283, -0.0057402514), (0.069376096, -0.0068329494, -0.0029263548), (0.06991568, -0.0034347372, 0), (0.06962781, -0.0034205948, 0.0029263548), (0.06877525, -0.0033787114, 0.0057402514), (0.06739077, -0.0033106962, 0.008333554), (0.06552757, -0.0032191633, 0.010606602), (0.06325726, -0.0031076302, 0.012472044), (0.060667086, -0.0029803829, 0.013858193), (0.05785658, -0.0028423115, 0.01471178), (0.05493375, -0.002698722, 0.015), (0.05201092, -0.0025551326, 0.01471178), (0.049200412, -0.0024170612, 0.013858193), (0.046610236, -0.002289814, 0.012472044), (0.044339925, -0.0021782808, 0.010606602), (0.04247673, -0.002086748, 0.008333554), (0.04109225, -0.0020187327, 0.0057402514), (0.04023969, -0.0019768493, 0.0029263548), (0.03995182, -0.001962707, 1.8369702e-18), (0.04023969, -0.0019768493, -0.0029263548), (0.04109225, -0.0020187327, -0.0057402514), (0.04247673, -0.002086748, -0.008333554), (0.044339925, -0.0021782808, -0.010606602), (0.046610236, -0.002289814, -0.012472044), (0.049200412, -0.0024170612, -0.013858193), (0.05201092, -0.0025551326, -0.01471178), (0.05493375, -0.002698722, -0.015), (0.05785658, -0.0028423115, -0.01471178), (0.060667086, -0.0029803829, -0.013858193), (0.06325726, -0.0031076302, -0.012472044), (0.06552757, -0.0032191633, -0.010606602), (0.06739077, -0.0033106962, -0.008333554), (0.06877525, -0.0033787114, -0.0057402514), (0.06962781, -0.0034205948, -0.0029263548)]
        uniform token subdivisionScheme = "none"
    }

    def "collisions"
    {
        def Mesh "wedge_00" (
            prepend apiSchemas = ["PhysicsCollisionAPI", "PhysicsMeshCollisionAPI", "PhysxCollisionAPI", "MaterialBindingAPI"]
        )
        {
            float3[] extent = [(0.04, -0.0068611996, -0.015), (0.07, 0.0068611996, 0.015)]
            int[] faceVertexCounts = [3, 3, 3, 3, 3, 3, 3, 3, 3, 3, 3, 3, 3, 3, 3, 3, 3, 3, 3, 3, 3, 3, 3, 3, 3, 3, 3, 3, 3, 3, 3, 3, 3, 3, 3, 3, 3, 3, 3, 3, 3, 3, 3, 3, 3, 3, 3, 3, 3, 3, 3, 3, 3, 3, 3, 3, 3, 3, 3, 3, 3, 3, 3, 3, 3, 3, 3, 3, 3, 3, 3, 3, 3, 3, 3, 3, 3, 3]
            int[] faceVertexIndices = [36, 4, 20, 28, 12, 44, 44, 12, 11, 44, 11, 43, 3, 20, 4, 3, 19, 20, 3, 18, 19, 3, 2, 18, 9, 40, 41, 9, 8, 40, 42, 11, 10, 42, 43, 11, 42, 10, 9, 42, 9, 41, 7, 0, 1, 7, 8, 9, 7, 4, 5, 7, 15, 0, 7, 11, 12, 7, 12, 13, 7, 3, 4, 7, 10, 11, 7, 5, 6, 7, 13, 14, 7, 14, 15, 7, 2, 3, 7, 1, 2, 7, 9, 10, 7, 39, 40, 7, 40, 8, 38, 6, 5, 38, 5, 37, 38, 7, 6, 38, 39, 7, 36, 20, 19, 36, 19, 35, 36, 5, 4, 36, 37, 5, 34, 33, 32, 34, 47, 46, 34, 32, 47, 34, 44, 43, 34, 38, 37, 34, 43, 42, 34, 45, 44, 34, 46, 45, 34, 41, 40, 34, 40, 39, 34, 37, 36, 34, 42, 41, 34, 39, 38, 34, 36, 35, 34, 19, 18, 34, 35, 19, 29, 45, 46, 29, 46, 30, 29, 14, 13, 29, 30, 14, 31, 47, 32, 31, 32, 16, 31, 0, 15, 31, 16, 0, 31, 46, 47, 31, 30, 46, 31, 15, 14, 31, 14, 30, 17, 33, 34, 17, 34, 18, 17, 18, 2, 17, 2, 1, 17, 32, 33, 17, 16, 32, 17, 1, 0, 17, 0, 16, 28, 13, 12, 28, 29, 13, 28, 44, 45, 28, 45, 29]
            rel material:binding:physics = </Ring/Looks/Material>
            uniform token physics:approximation = "convexHull"
            bool physics:collisionEnabled = 1
            float physxCollision:contactOffset = 0.0005
            float physxCollision:restOffset = 0
            point3f[] points = [(0.06966293, -0.0068611996, 0), (0.068526626, -0.006749283, 0.0057402514), (0.06529069, -0.0064305714, 0.010606602), (0.06044777, -0.0059535857, 0.013858193), (0.05473516, -0.0053909426, 0.015), (0.049022548, -0.0048283, 0.013858193), (0.044179633, -0.004351314, 0.010606602), (0.040943697, -0.004032602, 0.0057402514), (0.04, -0.003939656, 1.8369702e-18), (0.040943697, -0.004032602, -0.0057402514), (0.044179633, -0.004351314, -0.010606602), (0.049022548, -0.0048283, -0.013858193), (0.05473516, -0.0053909426, -0.015), (0.06044777, -0.0059535857, -0.013858193), (0.06529069, -0.0064305714, -0.010606602), (0.068526626, -0.006749283, -0.0057402514), (0.07, 0, 0), (0.06885819, 0, 0.0057402514), (0.0656066, 0, 0.010606602), (0.06074025, 0, 0.013858193), (0.055, 0, 0.015), (0.04925975, 0, 0.013858193), (0.044393398, 0, 0.010606602), (0.041141808, 0, 0.0057402514), (0.04, 0, 1.8369702e-18), (0.041141808, 0, -0.0057402514), (0.044393398, 0, -0.010606602), (0.04925975, 0, -0.013858193), (0.055, 0, -0.015), (0.06074025, 0, -0.013858193), (0.0656066, 0, -0.010606602), (0.06885819, 0, -0.0057402514), (0.06966293, 0.0068611996, 0), (0.068526626, 0.006749283, 0.0057402514), (0.06529069, 0.0064305714, 0.010606602), (0.06044777, 0.0059535857, 0.013858193), (0.05473516, 0.0053909426, 0.015), (0.049022548, 0.0048283, 0.013858193), (0.044179633, 0.004351314, 0.010606602), (0.040943697, 0.004032602, 0.0057402514), (0.04, 0.003939656, 1.8369702e-18), (0.040943697, 0.004032602, -0.0057402514), (0.044179633, 0.004351314, -0.010606602), (0.049022548, 0.0048283, -0.013858193), (0.05473516, 0.0053909426, -0.015), (0.06044777, 0.0059535857, -0.013858193), (0.06529069, 0.0064305714, -0.010606602), (0.068526626, 0.006749283, -0.0057402514)]
            uniform token purpose = "guide"
            uniform token subdivisionScheme = "none"
        }

        def Mesh "wedge_01" (
            prepend apiSchemas = ["PhysicsCollisionAPI", "PhysicsMeshCollisionAPI", "PhysxCollisionAPI", "MaterialBindingAPI"]
        )
        {
            float3[] extent = [(0.03846282, 0.003939656, -0.015), (0.06966293, 0.020319927, 0.015)]
            int[] faceVertexCounts = [3, 3, 3, 3, 3, 3, 3, 3, 3, 3, 3, 3, 3, 3, 3, 3, 3, 3, 3, 3, 3, 3, 3, 3, 3, 3, 3, 3, 3, 3, 3, 3, 3, 3, 3, 3, 3, 3, 3, 3, 3, 3, 3, 3, 3, 3, 3, 3, 3, 3, 3, 3, 3, 3, 3, 3, 3, 3, 3, 3, 3, 3, 3, 3, 3, 3, 3, 3, 3, 3, 3, 3, 3, 3, 3, 3, 3, 3]
            int[] faceVertexIndices = [28, 12, 44, 20, 36, 4, 15, 16, 0, 15, 31, 16, 15, 14, 30, 15, 30, 31, 13, 12, 28, 13, 28, 29, 13, 30, 14, 13, 29, 30, 47, 16, 31, 47, 32, 16, 47, 31, 30, 47, 30, 46, 45, 29, 28, 45, 28, 44, 45, 30, 29, 45, 46, 30, 33, 16, 32, 33, 17, 16, 33, 18, 17, 33, 34, 18, 1, 0, 16, 1, 16, 17, 1, 17, 18, 1, 18, 2, 3, 20, 4, 3, 19, 20, 3, 2, 18, 3, 18, 19, 35, 20, 19, 35, 36, 20, 35, 18, 34, 35, 19, 18, 11, 43, 44, 11, 44, 12, 11, 42, 43, 11, 10, 42, 5, 36, 37, 5, 4, 36, 5, 37, 38, 5, 38, 6, 7, 12, 13, 7, 8, 9, 7, 3, 4, 7, 15, 0, 7, 0, 1, 7, 11, 12, 7, 4, 5, 7, 14, 15, 7, 13, 14, 7, 1, 2, 7, 2, 3, 7, 10, 11, 7, 9, 10, 7, 5, 6, 7, 39, 40, 7, 40, 8, 7, 38, 39, 7, 6, 38, 41, 37, 36, 41, 36, 35, 41, 40, 39, 41, 45, 44, 41, 44, 43, 41, 32, 47, 41, 33, 32, 41, 43, 42, 41, 38, 37, 41, 39, 38, 41, 47, 46, 41, 46, 45, 41, 34, 33, 41, 35, 34, 41, 9, 8, 41, 8, 40, 41, 42, 10, 41, 10, 9]
            rel material:binding:physics = </Ring/Looks/Material>
            uniform token physics:approximation = "convexHull"
            bool physics:collisionEnabled = 1
            float physxCollision:contactOffset = 0.0005
            float physxCollision:restOffset = 0
            point3f[] points = [(0.06966293, 0.0068611996, 0), (0.068526626, 0.006749283, 0.0057402514), (0.06529069, 0.0064305714, 0.010606602), (0.06044777, 0.0059535857, 0.013858193), (0.05473516, 0.0053909426, 0.015), (0.049022548, 0.0048283, 0.013858193), (0.044179633, 0.004351314, 0.010606602), (0.040943697, 0.004032602, 0.0057402514), (0.04, 0.003939656, 1.8369702e-18), (0.040943697, 0.004032602, -0.0057402514), (0.044179633, 0.004351314, -0.010606602), (0.049022548, 0.0048283, -0.013858193), (0.05473516, 0.0053909426, -0.015), (0.06044777, 0.0059535857, -0.013858193), (0.06529069, 0.0064305714, -0.010606602), (0.068526626, 0.006749283, -0.0057402514), (0.06865497, 0.013656323, 0), (0.0675351, 0.013433567, 0.0057402514), (0.064345986, 0.012799213, 0.010606602), (0.059573144, 0.0118498355, 0.013858193), (0.05394319, 0.010729968, 0.015), (0.048313238, 0.009610101, 0.013858193), (0.043540392, 0.0086607225, 0.010606602), (0.04035128, 0.008026368, 0.0057402514), (0.039231412, 0.007803613, 1.8369702e-18), (0.04035128, 0.008026368, -0.0057402514), (0.043540392, 0.0086607225, -0.010606602), (0.048313238, 0.009610101, -0.013858193), (0.05394319, 0.010729968, -0.015), (0.059573144, 0.0118498355, -0.013858193), (0.064345986, 0.012799213, -0.010606602), (0.0675351, 0.013433567, -0.0057402514), (0.06698582, 0.020319927, 0), (0.06589318, 0.01998848, 0.0057402514), (0.0627816, 0.019044591, 0.010606602), (0.058124796, 0.017631965, 0.013858193), (0.052631717, 0.015965657, 0.015), (0.04713864, 0.01429935, 0.013858193), (0.042481832, 0.0128867235, 0.010606602), (0.039370254, 0.011942836, 0.0057402514), (0.03846282, 0.011667569, 1.8369702e-18), (0.039370254, 0.011942836, -0.0057402514), (0.042481832, 0.0128867235, -0.010606602), (0.04713864, 0.01429935, -0.013858193), (0.052631717, 0.015965657, -0.015), (0.058124796, 0.017631965, -0.013858193), (0.0627816, 0.019044591, -0.010606602), (0.06589318, 0.01998848, -0.0057402514)]
            uniform token purpose = "guide"
            uniform token subdivisionScheme = "none"
        }

        def Mesh "wedge_02" (
            prepend apiSchemas = ["PhysicsCollisionAPI", "PhysicsMeshCollisionAPI", "PhysxCollisionAPI", "MaterialBindingAPI"]
        )
        {
            float3[] extent = [(0.03544754, 0.011667569, -0.015), (0.06698582, 0.032997772, 0.015)]
            int[] faceVertexCounts = [3, 3, 3, 3, 3, 3, 3, 3, 3, 3, 3, 3, 3, 3, 3, 3, 3, 3, 3, 3, 3, 3, 3, 3, 3, 3, 3, 3, 3, 3, 3, 3, 3, 3, 3, 3, 3, 3, 3, 3, 3, 3, 3, 3, 3, 3, 3, 3, 3, 3, 3, 3, 3, 3, 3, 3, 3, 3, 3, 3, 3, 3, 3, 3, 3, 3, 3, 3, 3, 3, 3, 3, 3, 3, 3, 3, 3, 3]
            int[] faceVertexIndices = [28, 12, 44, 20, 36, 4, 15, 16, 0, 15, 31, 16, 15, 14, 30, 15, 30, 31, 13, 12, 28, 13, 28, 29, 13, 30, 14, 13, 29, 30, 47, 16, 31, 47, 32, 16, 47, 31, 30, 47, 30, 46, 45, 29, 28, 45, 28, 44, 45, 30, 29, 45, 46, 30, 33, 16, 32, 33, 17, 16, 33, 18, 17, 33, 34, 18, 1, 0, 16, 1, 16, 17, 1, 17, 18, 1, 18, 2, 3, 20, 4, 3, 19, 20, 3, 2, 18, 3, 18, 19, 35, 20, 19, 35, 36, 20, 35, 18, 34, 35, 19, 18, 11, 43, 44, 11, 44, 12, 9, 40, 41, 9, 8, 40, 42, 11, 10, 42, 43, 11, 42, 10, 9, 42, 9, 41, 5, 7, 8, 5, 12, 13, 5, 3, 4, 5, 11, 12, 5, 8, 9, 5, 15, 0, 5, 0, 1, 5, 14, 15, 5, 13, 14, 5, 1, 2, 5, 2, 3, 5, 10, 11, 5, 9, 10, 5, 6, 7, 39, 40, 8, 39, 8, 7, 39, 7, 6, 39, 6, 38, 37, 41, 40, 37, 45, 44, 37, 43, 42, 37, 32, 47, 37, 33, 32, 37, 44, 43, 37, 36, 35, 37, 40, 39, 37, 47, 46, 37, 46, 45, 37, 34, 33, 37, 35, 34, 37, 42, 41, 37, 39, 38, 37, 5, 4, 37, 4, 36, 37, 6, 5, 37, 38, 6]
            rel material:binding:physics = </Ring/Looks/Material>
            uniform token physics:approximation = "convexHull"
            bool physics:collisionEnabled = 1
            float physxCollision:contactOffset = 0.0005
            float physxCollision:restOffset = 0
            point3f[] points = [(0.06698582, 0.020319927, 0), (0.06589318, 0.01998848, 0.0057402514), (0.0627816, 0.019044591, 0.010606602), (0.058124796, 0.017631965, 0.013858193), (0.052631717, 0.015965657, 0.015), (0.04713864, 0.01429935, 0.013858193), (0.042481832, 0.0128867235, 0.010606602), (0.039370254, 0.011942836, 0.0057402514), (0.03846282, 0.011667569, 1.8369702e-18), (0.039370254, 0.011942836, -0.0057402514), (0.042481832, 0.0128867235, -0.010606602), (0.04713864, 0.01429935, -0.013858193), (0.052631717, 0.015965657, -0.015), (0.058124796, 0.017631965, -0.013858193), (0.0627816, 0.019044591, -0.010606602), (0.06589318, 0.01998848, -0.0057402514), (0.06467157, 0.02678784, 0), (0.06361668, 0.02635089, 0.0057402514), (0.060612597, 0.02510656, 0.010606602), (0.056116674, 0.023244288, 0.013858193), (0.050813373, 0.021047588, 0.015), (0.045510072, 0.018850889, 0.013858193), (0.041014154, 0.016988618, 0.010606602), (0.038010072, 0.015744288, 0.0057402514), (0.03695518, 0.015307337, 1.8369702e-18), (0.038010072, 0.015744288, -0.0057402514), (0.041014154, 0.016988618, -0.010606602), (0.045510072, 0.018850889, -0.013858193), (0.050813373, 0.021047588, -0.015), (0.056116674, 0.023244288, -0.013858193), (0.060612597, 0.02510656, -0.010606602), (0.06361668, 0.02635089, -0.0057402514), (0.06173449, 0.032997772, 0), (0.060727503, 0.032459527, 0.0057402514), (0.057859857, 0.030926738, 0.010606602), (0.05356812, 0.028632756, 0.013858193), (0.04850567, 0.025926821, 0.015), (0.043443218, 0.023220886, 0.013858193), (0.039151482, 0.020926904, 0.010606602), (0.036283836, 0.019394113, 0.0057402514), (0.03544754, 0.018947106, 1.8369702e-18), (0.036283836, 0.019394113, -0.0057402514), (0.039151482, 0.020926904, -0.010606602), (0.043443218, 0.023220886, -0.013858193), (0.04850567, 0.025926821, -0.015), (0.05356812, 0.028632756, -0.013858193), (0.057859857, 0.030926738, -0.010606602), (0.060727503, 0.032459527, -0.0057402514)]
            uniform token purpose = "guide"
            uniform token subdivisionScheme = "none"
        }

        def Mesh "wedge_03" (
            prepend apiSchemas = ["PhysicsCollisionAPI", "PhysicsMeshCollisionAPI", "PhysxCollisionAPI", "MaterialBindingAPI"]
        )
        {
            float3[] extent = [(0.03107003, 0.018947106, -0.015), (0.06173449, 0.04440753, 0.015)]
            int[] faceVertexCounts = [3, 3, 3, 3, 3, 3, 3, 3, 3, 3, 3, 3, 3, 3, 3, 3, 3, 3, 3, 3, 3, 3, 3, 3, 3, 3, 3, 3, 3, 3, 3, 3, 3, 3, 3, 3, 3, 3, 3, 3, 3, 3, 3, 3, 3, 3, 3, 3, 3, 3, 3, 3, 3, 3, 3, 3, 3, 3, 3, 3, 3, 3, 3, 3, 3, 3, 3, 3, 3, 3, 3, 3, 3, 3, 3, 3, 3, 3]
            int[] faceVertexIndices = [28, 12, 44, 20, 36, 4, 15, 16, 0, 15, 31, 16, 15, 14, 30, 15, 30, 31, 13, 12, 28, 13, 28, 29, 13, 30, 14, 13, 29, 30, 47, 16, 31, 47, 32, 16, 47, 31, 30, 47, 30, 46, 45, 29, 28, 45, 28, 44, 45, 30, 29, 45, 46, 30, 33, 16, 32, 33, 17, 16, 33, 18, 17, 33, 34, 18, 1, 0, 16, 1, 16, 17, 1, 17, 18, 1, 18, 2, 3, 20, 4, 3, 19, 20, 3, 2, 18, 3, 18, 19, 35, 20, 19, 35, 36, 20, 35, 18, 34, 35, 19, 18, 11, 43, 44, 11, 44, 12, 9, 40, 41, 9, 8, 40, 42, 37, 36, 42, 45, 44, 42, 40, 39, 42, 41, 40, 42, 32, 47, 42, 33, 32, 42, 44, 43, 42, 36, 35, 42, 38, 37, 42, 39, 38, 42, 47, 46, 42, 46, 45, 42, 34, 33, 42, 35, 34, 42, 11, 10, 42, 43, 11, 42, 10, 9, 42, 9, 41, 5, 36, 37, 5, 4, 36, 5, 37, 38, 5, 38, 6, 7, 3, 4, 7, 8, 9, 7, 12, 13, 7, 11, 12, 7, 15, 0, 7, 0, 1, 7, 4, 5, 7, 14, 15, 7, 13, 14, 7, 1, 2, 7, 2, 3, 7, 10, 11, 7, 9, 10, 7, 5, 6, 7, 39, 40, 7, 40, 8, 7, 38, 39, 7, 6, 38]
            rel material:binding:physics = </Ring/Looks/Material>
            uniform token physics:approximation = "convexHull"
            bool physics:collisionEnabled = 1
            float physxCollision:contactOffset = 0.0005
            float physxCollision:restOffset = 0
            point3f[] points = [(0.06173449, 0.032997772, 0), (0.060727503, 0.032459527, 0.0057402514), (0.057859857, 0.030926738, 0.010606602), (0.05356812, 0.028632756, 0.013858193), (0.04850567, 0.025926821, 0.015), (0.043443218, 0.023220886, 0.013858193), (0.039151482, 0.020926904, 0.010606602), (0.036283836, 0.019394113, 0.0057402514), (0.03544754, 0.018947106, 1.8369702e-18), (0.036283836, 0.019394113, -0.0057402514), (0.039151482, 0.020926904, -0.010606602), (0.043443218, 0.023220886, -0.013858193), (0.04850567, 0.025926821, -0.015), (0.05356812, 0.028632756, -0.013858193), (0.057859857, 0.030926738, -0.010606602), (0.060727503, 0.032459527, -0.0057402514), (0.058202874, 0.038889915, 0), (0.057253495, 0.03825556, 0.0057402514), (0.054549895, 0.036449075, 0.010606602), (0.050503675, 0.033745475, 0.013858193), (0.04573083, 0.030556362, 0.015), (0.040957984, 0.02736725, 0.013858193), (0.036911763, 0.024663651, 0.010606602), (0.034208164, 0.022857163, 0.0057402514), (0.033258785, 0.02222281, 1.8369702e-18), (0.034208164, 0.022857163, -0.0057402514), (0.036911763, 0.024663651, -0.010606602), (0.040957984, 0.02736725, -0.013858193), (0.04573083, 0.030556362, -0.015), (0.050503675, 0.033745475, -0.013858193), (0.054549895, 0.036449075, -0.010606602), (0.057253495, 0.03825556, -0.0057402514), (0.054110732, 0.04440753, 0), (0.053228103, 0.043683175, 0.0057402514), (0.05071459, 0.04162039, 0.010606602), (0.04695285, 0.038533207, 0.013858193), (0.042515576, 0.03489163, 0.015), (0.0380783, 0.031250052, 0.013858193), (0.034316562, 0.028162874, 0.010606602), (0.031803045, 0.026100086, 0.0057402514), (0.03107003, 0.025498513, 1.8369702e-18), (0.031803045, 0.026100086, -0.0057402514), (0.034316562, 0.028162874, -0.010606602), (0.0380783, 0.031250052, -0.013858193), (0.042515576, 0.03489163, -0.015), (0.04695285, 0.038533207, -0.013858193), (0.05071459, 0.04162039, -0.010606602), (0.053228103, 0.043683175, -0.0057402514)]
            uniform token purpose = "guide"
            uniform token subdivisionScheme = "none"
        }

        def Mesh "wedge_04" (
            prepend apiSchemas = ["PhysicsCollisionAPI", "PhysicsMeshCollisionAPI", "PhysxCollisionAPI", "MaterialBindingAPI"]
        )
        {
            float3[] extent = [(0.025498513, 0.025498513, -0.015), (0.054110732, 0.054110732, 0.015)]
            int[] faceVertexCounts = [3, 3, 3, 3, 3, 3, 3, 3, 3, 3, 3, 3, 3, 3, 3, 3, 3, 3, 3, 3, 3, 3, 3, 3, 3, 3, 3, 3, 3, 3, 3, 3, 3, 3, 3, 3, 3, 3, 3, 3, 3, 3, 3, 3, 3, 3, 3, 3, 3, 3, 3, 3, 3, 3, 3, 3, 3, 3, 3, 3, 3, 3, 3, 3, 3, 3, 3, 3, 3, 3, 3, 3, 3, 3, 3, 3, 3, 3]
            int[] faceVertexIndices = [28, 12, 44, 20, 36, 4, 15, 16, 0, 15, 31, 16, 15, 14, 30, 15, 30, 31, 13, 12, 28, 13, 28, 29, 13, 30, 14, 13, 29, 30, 47, 16, 31, 47, 32, 16, 47, 31, 30, 47, 30, 46, 45, 29, 28, 45, 28, 44, 45, 30, 29, 45, 46, 30, 33, 16, 32, 33, 17, 16, 33, 18, 17, 33, 34, 18, 1, 0, 16, 1, 16, 17, 1, 17, 18, 1, 18, 2, 3, 20, 4, 3, 19, 20, 3, 2, 18, 3, 18, 19, 35, 20, 19, 35, 36, 20, 35, 18, 34, 35, 19, 18, 43, 12, 11, 43, 44, 12, 9, 40, 41, 9, 8, 40, 10, 7, 8, 10, 11, 12, 10, 12, 13, 10, 8, 9, 10, 15, 0, 10, 0, 1, 10, 3, 4, 10, 14, 15, 10, 13, 14, 10, 1, 2, 10, 2, 3, 10, 4, 5, 10, 6, 7, 10, 5, 6, 10, 42, 43, 10, 43, 11, 10, 41, 42, 10, 9, 41, 39, 40, 8, 39, 8, 7, 39, 7, 6, 39, 6, 38, 37, 45, 44, 37, 41, 40, 37, 44, 43, 37, 36, 35, 37, 32, 47, 37, 33, 32, 37, 42, 41, 37, 40, 39, 37, 47, 46, 37, 46, 45, 37, 34, 33, 37, 35, 34, 37, 43, 42, 37, 39, 38, 37, 5, 4, 37, 4, 36, 37, 6, 5, 37, 38, 6]
            rel material:binding:physics = </Ring/Looks/Material>
            uniform token physics:approximation = "convexHull"
            bool physics:collisionEnabled = 1
            float physxCollision:contactOffset = 0.0005
            float physxCollision:restOffset = 0
            point3f[] points = [(0.054110732, 0.04440753, 0), (0.053228103, 0.043683175, 0.0057402514), (0.05071459, 0.04162039, 0.010606602), (0.04695285, 0.038533207, 0.013858193), (0.042515576, 0.03489163, 0.015), (0.0380783, 0.031250052, 0.013858193), (0.034316562, 0.028162874, 0.010606602), (0.031803045, 0.026100086, 0.0057402514), (0.03107003, 0.025498513, 1.8369702e-18), (0.031803045, 0.026100086, -0.0057402514), (0.034316562, 0.028162874, -0.010606602), (0.0380783, 0.031250052, -0.013858193), (0.042515576, 0.03489163, -0.015), (0.04695285, 0.038533207, -0.013858193), (0.05071459, 0.04162039, -0.010606602), (0.053228103, 0.043683175, -0.0057402514), (0.049497474, 0.049497474, 0), (0.048690096, 0.048690096, 0.0057402514), (0.046390872, 0.046390872, 0.010606602), (0.042949844, 0.042949844, 0.013858193), (0.038890872, 0.038890872, 0.015), (0.034831904, 0.034831904, 0.013858193), (0.03139087, 0.03139087, 0.010606602), (0.02909165, 0.02909165, 0.0057402514), (0.02828427, 0.02828427, 1.8369702e-18), (0.02909165, 0.02909165, -0.0057402514), (0.03139087, 0.03139087, -0.010606602), (0.034831904, 0.034831904, -0.013858193), (0.038890872, 0.038890872, -0.015), (0.042949844, 0.042949844, -0.013858193), (0.046390872, 0.046390872, -0.010606602), (0.048690096, 0.048690096, -0.0057402514), (0.04440753, 0.054110732, 0), (0.043683175, 0.053228103, 0.0057402514), (0.04162039, 0.05071459, 0.010606602), (0.038533207, 0.04695285, 0.013858193), (0.03489163, 0.042515576, 0.015), (0.031250052, 0.0380783, 0.013858193), (0.028162874, 0.034316562, 0.010606602), (0.026100086, 0.031803045, 0.0057402514), (0.025498513, 0.03107003, 1.8369702e-18), (0.026100086, 0.031803045, -0.0057402514), (0.028162874, 0.034316562, -0.010606602), (0.031250052, 0.0380783, -0.013858193), (0.03489163, 0.042515576, -0.015), (0.038533207, 0.04695285, -0.013858193), (0.04162039, 0.05071459, -0.010606602), (0.043683175, 0.053228103, -0.0057402514)]
            uniform token purpose = "guide"
            uniform token subdivisionScheme = "none"
        }

        def Mesh "wedge_05" (
            prepend apiSchemas = ["PhysicsCollisionAPI", "PhysicsMeshCollisionAPI", "PhysxCollisionAPI", "MaterialBindingAPI"]
        )
        {
            float3[] extent = [(0.018947106, 0.03107003, -0.015), (0.04440753, 0.06173449, 0.015)]
            int[] faceVertexCounts = [3, 3, 3, 3, 3, 3, 3, 3, 3, 3, 3, 3, 3, 3, 3, 3, 3, 3, 3, 3, 3, 3, 3, 3, 3, 3, 3, 3, 3, 3, 3, 3, 3, 3, 3, 3, 3, 3, 3, 3, 3, 3, 3, 3, 3, 3, 3, 3, 3, 3, 3, 3, 3, 3, 3, 3, 3, 3, 3, 3, 3, 3, 3, 3, 3, 3, 3, 3, 3, 3, 3, 3, 3, 3, 3, 3, 3, 3]
            int[] faceVertexIndices = [28, 12, 44, 20, 36, 4, 15, 16, 0, 15, 31, 16, 15, 14, 30, 15, 30, 31, 13, 12, 28, 13, 28, 29, 13, 30, 14, 13, 29, 30, 47, 16, 31, 47, 32, 16, 47, 31, 30, 47, 30, 46, 45, 29, 28, 45, 28, 44, 45, 30, 29, 45, 46, 30, 33, 16, 32, 33, 17, 16, 33, 18, 17, 33, 34, 18, 1, 0, 16, 1, 16, 17, 1, 17, 18, 1, 18, 2, 3, 20, 4, 3, 19, 20, 3, 2, 18, 3, 18, 19, 35, 20, 19, 35, 36, 20, 35, 18, 34, 35, 19, 18, 11, 43, 44, 11, 44, 12, 11, 42, 43, 11, 10, 42, 41, 37, 36, 41, 36, 35, 41, 40, 39, 41, 45, 44, 41, 44, 43, 41, 32, 47, 41, 33, 32, 41, 43, 42, 41, 38, 37, 41, 39, 38, 41, 47, 46, 41, 46, 45, 41, 34, 33, 41, 35, 34, 5, 36, 37, 5, 4, 36, 5, 37, 38, 5, 38, 6, 7, 39, 40, 7, 40, 8, 7, 38, 39, 7, 6, 38, 9, 12, 13, 9, 11, 12, 9, 3, 4, 9, 15, 0, 9, 0, 1, 9, 7, 8, 9, 4, 5, 9, 14, 15, 9, 13, 14, 9, 1, 2, 9, 2, 3, 9, 10, 11, 9, 5, 6, 9, 6, 7, 9, 40, 41, 9, 8, 40, 9, 42, 10, 9, 41, 42]
            rel material:binding:physics = </Ring/Looks/Material>
            uniform token physics:approximation = "convexHull"
            bool physics:collisionEnabled = 1
            float physxCollision:contactOffset = 0.0005
            float physxCollision:restOffset = 0
            point3f[] points = [(0.04440753, 0.054110732, 0), (0.043683175, 0.053228103, 0.0057402514), (0.04162039, 0.05071459, 0.010606602), (0.038533207, 0.04695285, 0.013858193), (0.03489163, 0.042515576, 0.015), (0.031250052, 0.0380783, 0.013858193), (0.028162874, 0.034316562, 0.010606602), (0.026100086, 0.031803045, 0.0057402514), (0.025498513, 0.03107003, 1.8369702e-18), (0.026100086, 0.031803045, -0.0057402514), (0.028162874, 0.034316562, -0.010606602), (0.031250052, 0.0380783, -0.013858193), (0.03489163, 0.042515576, -0.015), (0.038533207, 0.04695285, -0.013858193), (0.04162039, 0.05071459, -0.010606602), (0.043683175, 0.053228103, -0.0057402514), (0.038889915, 0.058202874, 0), (0.03825556, 0.057253495, 0.0057402514), (0.036449075, 0.054549895, 0.010606602), (0.033745475, 0.050503675, 0.013858193), (0.030556362, 0.04573083, 0.015), (0.02736725, 0.040957984, 0.013858193), (0.024663651, 0.036911763, 0.010606602), (0.022857163, 0.034208164, 0.0057402514), (0.02222281, 0.033258785, 1.8369702e-18), (0.022857163, 0.034208164, -0.0057402514), (0.024663651, 0.036911763, -0.010606602), (0.02736725, 0.040957984, -0.013858193), (0.030556362, 0.04573083, -0.015), (0.033745475, 0.050503675, -0.013858193), (0.036449075, 0.054549895, -0.010606602), (0.03825556, 0.057253495, -0.0057402514), (0.032997772, 0.06173449, 0), (0.032459527, 0.060727503, 0.0057402514), (0.030926738, 0.057859857, 0.010606602), (0.028632756, 0.05356812, 0.013858193), (0.025926821, 0.04850567, 0.015), (0.023220886, 0.043443218, 0.013858193), (0.020926904, 0.039151482, 0.010606602), (0.019394113, 0.036283836, 0.0057402514), (0.018947106, 0.03544754, 1.8369702e-18), (0.019394113, 0.036283836, -0.0057402514), (0.020926904, 0.039151482, -0.010606602), (0.023220886, 0.043443218, -0.013858193), (0.025926821, 0.04850567, -0.015), (0.028632756, 0.05356812, -0.013858193), (0.030926738, 0.057859857, -0.010606602), (0.032459527, 0.060727503, -0.0057402514)]
            uniform token purpose = "guide"
            uniform token subdivisionScheme = "none"
        }

        def Mesh "wedge_06" (
            prepend apiSchemas = ["PhysicsCollisionAPI", "PhysicsMeshCollisionAPI", "PhysxCollisionAPI", "MaterialBindingAPI"]
        )
        {
            float3[] extent = [(0.011667569, 0.03544754, -0.015), (0.032997772, 0.06698582, 0.015)]
            int[] faceVertexCounts = [3, 3, 3, 3, 3, 3, 3, 3, 3, 3, 3, 3, 3, 3, 3, 3, 3, 3, 3, 3, 3, 3, 3, 3, 3, 3, 3, 3, 3, 3, 3, 3, 3, 3, 3, 3, 3, 3, 3, 3, 3, 3, 3, 3, 3, 3, 3, 3, 3, 3, 3, 3, 3, 3, 3, 3, 3, 3, 3, 3, 3, 3, 3, 3, 3, 3, 3, 3, 3, 3, 3, 3, 3, 3, 3, 3, 3, 3]
            int[] faceVertexIndices = [28, 12, 44, 20, 36, 4, 15, 16, 0, 15, 31, 16, 15, 14, 30, 15, 30, 31, 13, 12, 28, 13, 28, 29, 13, 30, 14, 13, 29, 30, 47, 16, 31, 47, 32, 16, 47, 31, 30, 47, 30, 46, 45, 29, 28, 45, 28, 44, 45, 30, 29, 45, 46, 30, 33, 16, 32, 33, 17, 16, 33, 18, 17, 33, 34, 18, 1, 0, 16, 1, 16, 17, 1, 17, 18, 1, 18, 2, 3, 20, 4, 3, 19, 20, 3, 2, 18, 3, 18, 19, 35, 20, 19, 35, 36, 20, 35, 18, 34, 35, 19, 18, 11, 43, 44, 11, 44, 12, 9, 40, 41, 9, 8, 40, 42, 11, 10, 42, 43, 11, 42, 10, 9, 42, 9, 41, 5, 7, 8, 5, 12, 13, 5, 3, 4, 5, 11, 12, 5, 8, 9, 5, 15, 0, 5, 0, 1, 5, 14, 15, 5, 13, 14, 5, 1, 2, 5, 2, 3, 5, 10, 11, 5, 9, 10, 5, 6, 7, 39, 40, 8, 39, 8, 7, 39, 7, 6, 39, 6, 38, 37, 41, 40, 37, 45, 44, 37, 43, 42, 37, 32, 47, 37, 33, 32, 37, 44, 43, 37, 36, 35, 37, 40, 39, 37, 47, 46, 37, 46, 45, 37, 34, 33, 37, 35, 34, 37, 42, 41, 37, 39, 38, 37, 5, 4, 37, 4, 36, 37, 6, 5, 37, 38, 6]
            rel material:binding:physics = </Ring/Looks/Material>
            uniform token physics:approximation = "convexHull"
            bool physics:collisionEnabled = 1
            float physxCollision:contactOffset = 0.0005
            float physxCollision:restOffset = 0
            point3f[] points = [(0.032997772, 0.06173449, 0), (0.032459527, 0.060727503, 0.0057402514), (0.030926738, 0.057859857, 0.010606602), (0.028632756, 0.05356812, 0.013858193), (0.025926821, 0.04850567, 0.015), (0.023220886, 0.043443218, 0.013858193), (0.020926904, 0.039151482, 0.010606602), (0.019394113, 0.036283836, 0.0057402514), (0.018947106, 0.03544754, 1.8369702e-18), (0.019394113, 0.036283836, -0.0057402514), (0.020926904, 0.039151482, -0.010606602), (0.023220886, 0.043443218, -0.013858193), (0.025926821, 0.04850567, -0.015), (0.028632756, 0.05356812, -0.013858193), (0.030926738, 0.057859857, -0.010606602), (0.032459527, 0.060727503, -0.0057402514), (0.02678784, 0.06467157, 0), (0.02635089, 0.06361668, 0.0057402514), (0.02510656, 0.060612597, 0.010606602), (0.023244288, 0.056116674, 0.013858193), (0.021047588, 0.050813373, 0.015), (0.018850889, 0.045510072, 0.013858193), (0.016988618, 0.041014154, 0.010606602), (0.015744288, 0.038010072, 0.0057402514), (0.015307337, 0.03695518, 1.8369702e-18), (0.015744288, 0.038010072, -0.0057402514), (0.016988618, 0.041014154, -0.010606602), (0.018850889, 0.045510072, -0.013858193), (0.021047588, 0.050813373, -0.015), (0.023244288, 0.056116674, -0.013858193), (0.02510656, 0.060612597, -0.010606602), (0.02635089, 0.06361668, -0.0057402514), (0.020319927, 0.06698582, 0), (0.01998848, 0.06589318, 0.0057402514), (0.019044591, 0.0627816, 0.010606602), (0.017631965, 0.058124796, 0.013858193), (0.015965657, 0.052631717, 0.015), (0.01429935, 0.04713864, 0.013858193), (0.0128867235, 0.042481832, 0.010606602), (0.011942836, 0.039370254, 0.0057402514), (0.011667569, 0.03846282, 1.8369702e-18), (0.011942836, 0.039370254, -0.0057402514), (0.0128867235, 0.042481832, -0.010606602), (0.01429935, 0.04713864, -0.013858193), (0.015965657, 0.052631717, -0.015), (0.017631965, 0.058124796, -0.013858193), (0.019044591, 0.0627816, -0.010606602), (0.01998848, 0.06589318, -0.0057402514)]
            uniform token purpose = "guide"
            uniform token subdivisionScheme = "none"
        }

        def Mesh "wedge_07" (
            prepend apiSchemas = ["PhysicsCollisionAPI", "PhysicsMeshCollisionAPI", "PhysxCollisionAPI", "MaterialBindingAPI"]
        )
        {
            float3[] extent = [(0.003939656, 0.03846282, -0.015), (0.020319927, 0.06966293, 0.015)]
            int[] faceVertexCounts = [3, 3, 3, 3, 3, 3, 3, 3, 3, 3, 3, 3, 3, 3, 3, 3, 3, 3, 3, 3, 3, 3, 3, 3, 3, 3, 3, 3, 3, 3, 3, 3, 3, 3, 3, 3, 3, 3, 3, 3, 3, 3, 3, 3, 3, 3, 3, 3, 3, 3, 3, 3, 3, 3, 3, 3, 3, 3, 3, 3, 3, 3, 3, 3, 3, 3, 3, 3, 3, 3, 3, 3, 3, 3, 3, 3, 3, 3]
            int[] faceVertexIndices = [28, 12, 44, 20, 36, 4, 15, 16, 0, 15, 31, 16, 15, 14, 30, 15, 30, 31, 13, 12, 28, 13, 28, 29, 13, 30, 14, 13, 29, 30, 47, 16, 31, 47, 32, 16, 47, 31, 30, 47, 30, 46, 45, 29, 28, 45, 28, 44, 45, 30, 29, 45, 46, 30, 33, 16, 32, 33, 17, 16, 33, 18, 17, 33, 34, 18, 1, 0, 16, 1, 16, 17, 1, 17, 18, 1, 18, 2, 3, 20, 4, 3, 19, 20, 3, 2, 18, 3, 18, 19, 35, 20, 19, 35, 36, 20, 35, 18, 34, 35, 19, 18, 11, 43, 44, 11, 44, 12, 11, 42, 43, 11, 10, 42, 41, 37, 36, 41, 36, 35, 41, 40, 39, 41, 45, 44, 41, 44, 43, 41, 32, 47, 41, 33, 32, 41, 43, 42, 41, 38, 37, 41, 39, 38, 41, 47, 46, 41, 46, 45, 41, 34, 33, 41, 35, 34, 5, 36, 37, 5, 4, 36, 5, 37, 38, 5, 38, 6, 7, 39, 40, 7, 40, 8, 7, 38, 39, 7, 6, 38, 9, 12, 13, 9, 11, 12, 9, 3, 4, 9, 15, 0, 9, 0, 1, 9, 7, 8, 9, 4, 5, 9, 14, 15, 9, 13, 14, 9, 1, 2, 9, 2, 3, 9, 10, 11, 9, 5, 6, 9, 6, 7, 9, 40, 41, 9, 8, 40, 9, 42, 10, 9, 41, 42]
            rel material:binding:physics = </Ring/Looks/Material>
            uniform token physics:approximation = "convexHull"
            bool physics:collisionEnabled = 1
            float physxCollision:contactOffset = 0.0005
            float physxCollision:restOffset = 0
            point3f[] points = [(0.020319927, 0.06698582, 0), (0.01998848, 0.06589318, 0.0057402514), (0.019044591, 0.0627816, 0.010606602), (0.017631965, 0.058124796, 0.013858193), (0.015965657, 0.052631717, 0.015), (0.01429935, 0.04713864, 0.013858193), (0.0128867235, 0.042481832, 0.010606602), (0.011942836, 0.039370254, 0.0057402514), (0.011667569, 0.03846282, 1.8369702e-18), (0.011942836, 0.039370254, -0.0057402514), (0.0128867235, 0.042481832, -0.010606602), (0.01429935, 0.04713864, -0.013858193), (0.015965657, 0.052631717, -0.015), (0.017631965, 0.058124796, -0.013858193), (0.019044591, 0.0627816, -0.010606602), (0.01998848, 0.06589318, -0.0057402514), (0.013656323, 0.06865497, 0), (0.013433567, 0.0675351, 0.0057402514), (0.012799213, 0.064345986, 0.010606602), (0.0118498355, 0.059573144, 0.013858193), (0.010729968, 0.05394319, 0.015), (0.009610101, 0.048313238, 0.013858193), (0.0086607225, 0.043540392, 0.010606602), (0.008026368, 0.04035128, 0.0057402514), (0.007803613, 0.039231412, 1.8369702e-18), (0.008026368, 0.04035128, -0.0057402514), (0.0086607225, 0.043540392, -0.010606602), (0.009610101, 0.048313238, -0.013858193), (0.010729968, 0.05394319, -0.015), (0.0118498355, 0.059573144, -0.013858193), (0.012799213, 0.064345986, -0.010606602), (0.013433567, 0.0675351, -0.0057402514), (0.0068611996, 0.06966293, 0), (0.006749283, 0.068526626, 0.0057402514), (0.0064305714, 0.06529069, 0.010606602), (0.0059535857, 0.06044777, 0.013858193), (0.0053909426, 0.05473516, 0.015), (0.0048283, 0.049022548, 0.013858193), (0.004351314, 0.044179633, 0.010606602), (0.004032602, 0.040943697, 0.0057402514), (0.003939656, 0.04, 1.8369702e-18), (0.004032602, 0.040943697, -0.0057402514), (0.004351314, 0.044179633, -0.010606602), (0.0048283, 0.049022548, -0.013858193), (0.0053909426, 0.05473516, -0.015), (0.0059535857, 0.06044777, -0.013858193), (0.0064305714, 0.06529069, -0.010606602), (0.006749283, 0.068526626, -0.0057402514)]
            uniform token purpose = "guide"
            uniform token subdivisionScheme = "none"
        }

        def Mesh "wedge_08" (
            prepend apiSchemas = ["PhysicsCollisionAPI", "PhysicsMeshCollisionAPI", "PhysxCollisionAPI", "MaterialBindingAPI"]
        )
        {
            float3[] extent = [(-0.0068611996, 0.04, -0.015), (0.0068611996, 0.07, 0.015)]
            int[] faceVertexCounts = [3, 3, 3, 3, 3, 3, 3, 3, 3, 3, 3, 3, 3, 3, 3, 3, 3, 3, 3, 3, 3, 3, 3, 3, 3, 3, 3, 3, 3, 3, 3, 3, 3, 3, 3, 3, 3, 3, 3, 3, 3, 3, 3, 3, 3, 3, 3, 3, 3, 3, 3, 3, 3, 3, 3, 3, 3, 3, 3, 3, 3, 3, 3, 3, 3, 3, 3, 3, 3, 3, 3, 3, 3, 3, 3, 3, 3, 3]
            int[] faceVertexIndices = [28, 12, 44, 20, 36, 4, 47, 16, 31, 47, 32, 16, 15, 31, 16, 15, 16, 0, 15, 14, 30, 15, 30, 31, 44, 12, 11, 44, 11, 43, 33, 16, 32, 33, 17, 16, 1, 0, 16, 1, 16, 17, 1, 18, 2, 1, 17, 18, 36, 5, 4, 36, 37, 5, 3, 8, 9, 3, 4, 5, 3, 12, 13, 3, 11, 12, 3, 15, 0, 3, 7, 8, 3, 0, 1, 3, 14, 15, 3, 10, 11, 3, 13, 14, 3, 1, 2, 3, 5, 6, 3, 9, 10, 3, 6, 7, 46, 47, 31, 46, 31, 30, 29, 45, 46, 29, 46, 30, 29, 30, 14, 29, 14, 13, 34, 17, 33, 34, 18, 17, 41, 9, 8, 41, 8, 40, 39, 8, 7, 39, 40, 8, 19, 34, 35, 19, 18, 34, 19, 2, 18, 19, 3, 2, 28, 13, 12, 28, 29, 13, 28, 44, 45, 28, 45, 29, 42, 11, 10, 42, 43, 11, 42, 10, 9, 42, 9, 41, 38, 44, 43, 38, 35, 34, 38, 32, 47, 38, 43, 42, 38, 33, 32, 38, 37, 36, 38, 45, 44, 38, 46, 45, 38, 36, 35, 38, 47, 46, 38, 34, 33, 38, 41, 40, 38, 40, 39, 38, 42, 41, 38, 6, 5, 38, 5, 37, 38, 7, 6, 38, 39, 7, 20, 4, 3, 20, 3, 19, 20, 35, 36, 20, 19, 35]
            rel material:binding:physics = </Ring/Looks/Material>
            uniform token physics:approximation = "convexHull"
            bool physics:collisionEnabled = 1
            float physxCollision:contactOffset = 0.0005
            float physxCollision:restOffset = 0
            point3f[] points = [(0.0068611996, 0.06966293, 0), (0.006749283, 0.068526626, 0.0057402514), (0.0064305714, 0.06529069, 0.010606602), (0.0059535857, 0.06044777, 0.013858193), (0.0053909426, 0.05473516, 0.015), (0.0048283, 0.049022548, 0.013858193), (0.004351314, 0.044179633, 0.010606602), (0.004032602, 0.040943697, 0.0057402514), (0.003939656, 0.04, 1.8369702e-18), (0.004032602, 0.040943697, -0.0057402514), (0.004351314, 0.044179633, -0.010606602), (0.0048283, 0.049022548, -0.013858193), (0.0053909426, 0.05473516, -0.015), (0.0059535857, 0.06044777, -0.013858193), (0.0064305714, 0.06529069, -0.010606602), (0.006749283, 0.068526626, -0.0057402514), (4.286264e-18, 0.07, 0), (4.2163484e-18, 0.06885819, 0.0057402514), (4.0172457e-18, 0.0656066, 0.010606602), (3.719268e-18, 0.06074025, 0.013858193), (3.3677786e-18, 0.055, 0.015), (3.0162897e-18, 0.04925975, 0.013858193), (2.7183117e-18, 0.044393398, 0.010606602), (2.5192092e-18, 0.041141808, 0.0057402514), (2.4492936e-18, 0.04, 1.8369702e-18), (2.5192092e-18, 0.041141808, -0.0057402514), (2.7183117e-18, 0.044393398, -0.010606602), (3.0162897e-18, 0.04925975, -0.013858193), (3.3677786e-18, 0.055, -0.015), (3.719268e-18, 0.06074025, -0.013858193), (4.0172457e-18, 0.0656066, -0.010606602), (4.2163484e-18, 0.06885819, -0.0057402514), (-0.0068611996, 0.06966293, 0), (-0.006749283, 0.068526626, 0.0057402514), (-0.0064305714, 0.06529069, 0.010606602), (-0.0059535857, 0.06044777, 0.013858193), (-0.0053909426, 0.05473516, 0.015), (-0.0048283, 0.049022548, 0.013858193), (-0.004351314, 0.044179633, 0.010606602), (-0.004032602, 0.040943697, 0.0057402514), (-0.003939656, 0.04, 1.8369702e-18), (-0.004032602, 0.040943697, -0.0057402514), (-0.004351314, 0.044179633, -0.010606602), (-0.0048283, 0.049022548, -0.013858193), (-0.0053909426, 0.05473516, -0.015), (-0.0059535857, 0.06044777, -0.013858193), (-0.0064305714, 0.06529069, -0.010606602), (-0.006749283, 0.068526626, -0.0057402514)]
            uniform token purpose = "guide"
            uniform token subdivisionScheme = "none"
        }

        def Mesh "wedge_09" (
            prepend apiSchemas = ["PhysicsCollisionAPI", "PhysicsMeshCollisionAPI", "PhysxCollisionAPI", "MaterialBindingAPI"]
        )
        {
            float3[] extent = [(-0.020319927, 0.03846282, -0.015), (-0.003939656, 0.06966293, 0.015)]
            int[] faceVertexCounts = [3, 3, 3, 3, 3, 3, 3, 3, 3, 3, 3, 3, 3, 3, 3, 3, 3, 3, 3, 3, 3, 3, 3, 3, 3, 3, 3, 3, 3, 3, 3, 3, 3, 3, 3, 3, 3, 3, 3, 3, 3, 3, 3, 3, 3, 3, 3, 3, 3, 3, 3, 3, 3, 3, 3, 3, 3, 3, 3, 3, 3, 3, 3, 3, 3, 3, 3, 3, 3, 3, 3, 3, 3, 3, 3, 3, 3, 3]
            int[] faceVertexIndices = [28, 12, 44, 20, 36, 4, 47, 16, 31, 47, 32, 16, 15, 31, 16, 15, 16, 0, 15, 14, 30, 15, 30, 31, 44, 12, 11, 44, 11, 43, 33, 16, 32, 33, 17, 16, 1, 0, 16, 1, 16, 17, 1, 18, 2, 1, 17, 18, 36, 5, 4, 36, 37, 5, 46, 47, 31, 46, 31, 30, 29, 45, 46, 29, 46, 30, 29, 30, 14, 29, 14, 13, 9, 40, 41, 9, 8, 40, 42, 11, 10, 42, 43, 11, 42, 10, 9, 42, 9, 41, 7, 3, 4, 7, 11, 12, 7, 8, 9, 7, 4, 5, 7, 15, 0, 7, 12, 13, 7, 0, 1, 7, 10, 11, 7, 14, 15, 7, 13, 14, 7, 5, 6, 7, 1, 2, 7, 2, 3, 7, 9, 10, 7, 39, 40, 7, 40, 8, 38, 6, 5, 38, 5, 37, 38, 7, 6, 38, 39, 7, 34, 43, 42, 34, 44, 43, 34, 32, 47, 34, 46, 45, 34, 33, 32, 34, 37, 36, 34, 45, 44, 34, 41, 40, 34, 40, 39, 34, 38, 37, 34, 36, 35, 34, 47, 46, 34, 42, 41, 34, 39, 38, 34, 17, 33, 34, 18, 17, 19, 34, 35, 19, 18, 34, 19, 2, 18, 19, 3, 2, 28, 13, 12, 28, 29, 13, 28, 44, 45, 28, 45, 29, 20, 4, 3, 20, 3, 19, 20, 35, 36, 20, 19, 35]
            rel material:binding:physics = </Ring/Looks/Material>
            uniform token physics:approximation = "convexHull"
            bool physics:collisionEnabled = 1
            float physxCollision:contactOffset = 0.0005
            float physxCollision:restOffset = 0
            point3f[] points = [(-0.0068611996, 0.06966293, 0), (-0.006749283, 0.068526626, 0.0057402514), (-0.0064305714, 0.06529069, 0.010606602), (-0.0059535857, 0.06044777, 0.013858193), (-0.0053909426, 0.05473516, 0.015), (-0.0048283, 0.049022548, 0.013858193), (-0.004351314, 0.044179633, 0.010606602), (-0.004032602, 0.040943697, 0.0057402514), (-0.003939656, 0.04, 1.8369702e-18), (-0.004032602, 0.040943697, -0.0057402514), (-0.004351314, 0.044179633, -0.010606602), (-0.0048283, 0.049022548, -0.013858193), (-0.0053909426, 0.05473516, -0.015), (-0.0059535857, 0.06044777, -0.013858193), (-0.0064305714, 0.06529069, -0.010606602), (-0.006749283, 0.068526626, -0.0057402514), (-0.013656323, 0.06865497, 0), (-0.013433567, 0.0675351, 0.0057402514), (-0.012799213, 0.064345986, 0.010606602), (-0.0118498355, 0.059573144, 0.013858193), (-0.010729968, 0.05394319, 0.015), (-0.009610101, 0.048313238, 0.013858193), (-0.0086607225, 0.043540392, 0.010606602), (-0.008026368, 0.04035128, 0.0057402514), (-0.007803613, 0.039231412, 1.8369702e-18), (-0.008026368, 0.04035128, -0.0057402514), (-0.0086607225, 0.043540392, -0.010606602), (-0.009610101, 0.048313238, -0.013858193), (-0.010729968, 0.05394319, -0.015), (-0.0118498355, 0.059573144, -0.013858193), (-0.012799213, 0.064345986, -0.010606602), (-0.013433567, 0.0675351, -0.0057402514), (-0.020319927, 0.06698582, 0), (-0.01998848, 0.06589318, 0.0057402514), (-0.019044591, 0.0627816, 0.010606602), (-0.017631965, 0.058124796, 0.013858193), (-0.015965657, 0.052631717, 0.015), (-0.01429935, 0.04713864, 0.013858193), (-0.0128867235, 0.042481832, 0.010606602), (-0.011942836, 0.039370254, 0.0057402514), (-0.011667569, 0.03846282, 1.8369702e-18), (-0.011942836, 0.039370254, -0.0057402514), (-0.0128867235, 0.042481832, -0.010606602), (-0.01429935, 0.04713864, -0.013858193), (-0.015965657, 0.052631717, -0.015), (-0.017631965, 0.058124796, -0.013858193), (-0.019044591, 0.0627816, -0.010606602), (-0.01998848, 0.06589318, -0.0057402514)]
            uniform token purpose = "guide"
            uniform token subdivisionScheme = "none"
        }

        def Mesh "wedge_10" (
            prepend apiSchemas = ["PhysicsCollisionAPI", "PhysicsMeshCollisionAPI", "PhysxCollisionAPI", "MaterialBindingAPI"]
        )
        {
            float3[] extent = [(-0.032997772, 0.03544754, -0.015), (-0.011667569, 0.06698582, 0.015)]
            int[] faceVertexCounts = [3, 3, 3, 3, 3, 3, 3, 3, 3, 3, 3, 3, 3, 3, 3, 3, 3, 3, 3, 3, 3, 3, 3, 3, 3, 3, 3, 3, 3, 3, 3, 3, 3, 3, 3, 3, 3, 3, 3, 3, 3, 3, 3, 3, 3, 3, 3, 3, 3, 3, 3, 3, 3, 3, 3, 3, 3, 3, 3, 3, 3, 3, 3, 3, 3, 3, 3, 3, 3, 3, 3, 3, 3, 3, 3, 3, 3, 3]
            int[] faceVertexIndices = [20, 36, 4, 28, 12, 44, 33, 17, 16, 33, 16, 32, 1, 16, 17, 1, 0, 16, 1, 18, 2, 1, 17, 18, 36, 5, 4, 36, 37, 5, 47, 32, 16, 47, 16, 31, 15, 16, 0, 15, 31, 16, 15, 14, 30, 15, 30, 31, 44, 12, 11, 44, 11, 43, 13, 11, 12, 13, 4, 5, 13, 7, 8, 13, 8, 9, 13, 0, 1, 13, 3, 4, 13, 15, 0, 13, 5, 6, 13, 1, 2, 13, 2, 3, 13, 10, 11, 13, 6, 7, 13, 9, 10, 13, 14, 15, 34, 17, 33, 34, 18, 17, 19, 34, 35, 19, 18, 34, 19, 2, 18, 19, 3, 2, 39, 8, 7, 39, 40, 8, 41, 9, 8, 41, 8, 40, 46, 47, 31, 46, 31, 30, 29, 45, 46, 29, 46, 30, 29, 30, 14, 29, 14, 13, 20, 4, 3, 20, 3, 19, 20, 35, 36, 20, 19, 35, 38, 6, 5, 38, 5, 37, 38, 7, 6, 38, 39, 7, 42, 37, 36, 42, 35, 34, 42, 33, 32, 42, 46, 45, 42, 32, 47, 42, 44, 43, 42, 36, 35, 42, 38, 37, 42, 45, 44, 42, 34, 33, 42, 40, 39, 42, 41, 40, 42, 47, 46, 42, 39, 38, 42, 11, 10, 42, 43, 11, 42, 10, 9, 42, 9, 41, 28, 13, 12, 28, 29, 13, 28, 44, 45, 28, 45, 29]
            rel material:binding:physics = </Ring/Looks/Material>
            uniform token physics:approximation = "convexHull"
            bool physics:collisionEnabled = 1
            float physxCollision:contactOffset = 0.0005
            float physxCollision:restOffset = 0
            point3f[] points = [(-0.020319927, 0.06698582, 0), (-0.01998848, 0.06589318, 0.0057402514), (-0.019044591, 0.0627816, 0.010606602), (-0.017631965, 0.058124796, 0.013858193), (-0.015965657, 0.052631717, 0.015), (-0.01429935, 0.04713864, 0.013858193), (-0.0128867235, 0.042481832, 0.010606602), (-0.011942836, 0.039370254, 0.0057402514), (-0.011667569, 0.03846282, 1.8369702e-18), (-0.011942836, 0.039370254, -0.0057402514), (-0.0128867235, 0.042481832, -0.010606602), (-0.01429935, 0.04713864, -0.013858193), (-0.015965657, 0.052631717, -0.015), (-0.017631965, 0.058124796, -0.013858193), (-0.019044591, 0.0627816, -0.010606602), (-0.01998848, 0.06589318, -0.0057402514), (-0.02678784, 0.06467157, 0), (-0.02635089, 0.06361668, 0.0057402514), (-0.02510656, 0.060612597, 0.010606602), (-0.023244288, 0.056116674, 0.013858193), (-0.021047588, 0.050813373, 0.015), (-0.018850889, 0.045510072, 0.013858193), (-0.016988618, 0.041014154, 0.010606602), (-0.015744288, 0.038010072, 0.0057402514), (-0.015307337, 0.03695518, 1.8369702e-18), (-0.015744288, 0.038010072, -0.0057402514), (-0.016988618, 0.041014154, -0.010606602), (-0.018850889, 0.045510072, -0.013858193), (-0.021047588, 0.050813373, -0.015), (-0.023244288, 0.056116674, -0.013858193), (-0.02510656, 0.060612597, -0.010606602), (-0.02635089, 0.06361668, -0.0057402514), (-0.032997772, 0.06173449, 0), (-0.032459527, 0.060727503, 0.0057402514), (-0.030926738, 0.057859857, 0.010606602), (-0.028632756, 0.05356812, 0.013858193), (-0.025926821, 0.04850567, 0.015), (-0.023220886, 0.043443218, 0.013858193), (-0.020926904, 0.039151482, 0.010606602), (-0.019394113, 0.036283836, 0.0057402514), (-0.018947106, 0.03544754, 1.8369702e-18), (-0.019394113, 0.036283836, -0.0057402514), (-0.020926904, 0.039151482, -0.010606602), (-0.023220886, 0.043443218, -0.013858193), (-0.025926821, 0.04850567, -0.015), (-0.028632756, 0.05356812, -0.013858193), (-0.030926738, 0.057859857, -0.010606602), (-0.032459527, 0.060727503, -0.0057402514)]
            uniform token purpose = "guide"
            uniform token subdivisionScheme = "none"
        }

        def Mesh "wedge_11" (
            prepend apiSchemas = ["PhysicsCollisionAPI", "PhysicsMeshCollisionAPI", "PhysxCollisionAPI", "MaterialBindingAPI"]
        )
        {
            float3[] extent = [(-0.04440753, 0.03107003, -0.015), (-0.018947106, 0.06173449, 0.015)]
            int[] faceVertexCounts = [3, 3, 3, 3, 3, 3, 3, 3, 3, 3, 3, 3, 3, 3, 3, 3, 3, 3, 3, 3, 3, 3, 3, 3, 3, 3, 3, 3, 3, 3, 3, 3, 3, 3, 3, 3, 3, 3, 3, 3, 3, 3, 3, 3, 3, 3, 3, 3, 3, 3, 3, 3, 3, 3, 3, 3, 3, 3, 3, 3, 3, 3, 3, 3, 3, 3, 3, 3, 3, 3, 3, 3, 3, 3, 3, 3, 3, 3]
            int[] faceVertexIndices = [28, 12, 44, 20, 36, 4, 15, 16, 0, 15, 31, 16, 15, 14, 30, 15, 30, 31, 47, 16, 31, 47, 32, 16, 47, 31, 30, 47, 30, 46, 1, 4, 5, 1, 12, 13, 1, 8, 9, 1, 3, 4, 1, 11, 12, 1, 15, 0, 1, 7, 8, 1, 10, 11, 1, 13, 14, 1, 14, 15, 1, 5, 6, 1, 9, 10, 1, 6, 7, 1, 2, 3, 1, 0, 16, 1, 16, 17, 1, 18, 2, 1, 17, 18, 33, 16, 32, 33, 17, 16, 33, 18, 17, 33, 34, 18, 44, 12, 11, 44, 11, 43, 41, 9, 8, 41, 8, 40, 39, 8, 7, 39, 40, 8, 36, 5, 4, 36, 37, 5, 29, 14, 13, 29, 30, 14, 29, 46, 30, 29, 45, 46, 42, 11, 10, 42, 43, 11, 42, 10, 9, 42, 9, 41, 38, 43, 42, 38, 44, 43, 38, 32, 47, 38, 37, 36, 38, 33, 32, 38, 47, 46, 38, 46, 45, 38, 34, 33, 38, 35, 34, 38, 45, 44, 38, 41, 40, 38, 40, 39, 38, 36, 35, 38, 42, 41, 38, 6, 5, 38, 5, 37, 38, 7, 6, 38, 39, 7, 19, 3, 2, 19, 2, 18, 19, 18, 34, 19, 34, 35, 28, 13, 12, 28, 29, 13, 28, 44, 45, 28, 45, 29, 20, 4, 3, 20, 3, 19, 20, 35, 36, 20, 19, 35]
            rel material:binding:physics = </Ring/Looks/Material>
            uniform token physics:approximation = "convexHull"
            bool physics:collisionEnabled = 1
            float physxCollision:contactOffset = 0.0005
            float physxCollision:restOffset = 0
            point3f[] points = [(-0.032997772, 0.06173449, 0), (-0.032459527, 0.060727503, 0.0057402514), (-0.030926738, 0.057859857, 0.010606602), (-0.028632756, 0.05356812, 0.013858193), (-0.025926821, 0.04850567, 0.015), (-0.023220886, 0.043443218, 0.013858193), (-0.020926904, 0.039151482, 0.010606602), (-0.019394113, 0.036283836, 0.0057402514), (-0.018947106, 0.03544754, 1.8369702e-18), (-0.019394113, 0.036283836, -0.0057402514), (-0.020926904, 0.039151482, -0.010606602), (-0.023220886, 0.043443218, -0.013858193), (-0.025926821, 0.04850567, -0.015), (-0.028632756, 0.05356812, -0.013858193), (-0.030926738, 0.057859857, -0.010606602), (-0.032459527, 0.060727503, -0.0057402514), (-0.038889915, 0.058202874, 0), (-0.03825556, 0.057253495, 0.0057402514), (-0.036449075, 0.054549895, 0.010606602), (-0.033745475, 0.050503675, 0.013858193), (-0.030556362, 0.04573083, 0.015), (-0.02736725, 0.040957984, 0.013858193), (-0.024663651, 0.036911763, 0.010606602), (-0.022857163, 0.034208164, 0.0057402514), (-0.02222281, 0.033258785, 1.8369702e-18), (-0.022857163, 0.034208164, -0.0057402514), (-0.024663651, 0.036911763, -0.010606602), (-0.02736725, 0.040957984, -0.013858193), (-0.030556362, 0.04573083, -0.015), (-0.033745475, 0.050503675, -0.013858193), (-0.036449075, 0.054549895, -0.010606602), (-0.03825556, 0.057253495, -0.0057402514), (-0.04440753, 0.054110732, 0), (-0.043683175, 0.053228103, 0.0057402514), (-0.04162039, 0.05071459, 0.010606602), (-0.038533207, 0.04695285, 0.013858193), (-0.03489163, 0.042515576, 0.015), (-0.031250052, 0.0380783, 0.013858193), (-0.028162874, 0.034316562, 0.010606602), (-0.026100086, 0.031803045, 0.0057402514), (-0.025498513, 0.03107003, 1.8369702e-18), (-0.026100086, 0.031803045, -0.0057402514), (-0.028162874, 0.034316562, -0.010606602), (-0.031250052, 0.0380783, -0.013858193), (-0.03489163, 0.042515576, -0.015), (-0.038533207, 0.04695285, -0.013858193), (-0.04162039, 0.05071459, -0.010606602), (-0.043683175, 0.053228103, -0.0057402514)]
            uniform token purpose = "guide"
            uniform token subdivisionScheme = "none"
        }

        def Mesh "wedge_12" (
            prepend apiSchemas = ["PhysicsCollisionAPI", "PhysicsMeshCollisionAPI", "PhysxCollisionAPI", "MaterialBindingAPI"]
        )
        {
            float3[] extent = [(-0.054110732, 0.025498513, -0.015), (-0.025498513, 0.054110732, 0.015)]
            int[] faceVertexCounts = [3, 3, 3, 3, 3, 3, 3, 3, 3, 3, 3, 3, 3, 3, 3, 3, 3, 3, 3, 3, 3, 3, 3, 3, 3, 3, 3, 3, 3, 3, 3, 3, 3, 3, 3, 3, 3, 3, 3, 3, 3, 3, 3, 3, 3, 3, 3, 3, 3, 3, 3, 3, 3, 3, 3, 3, 3, 3, 3, 3, 3, 3, 3, 3, 3, 3, 3, 3, 3, 3, 3, 3, 3, 3, 3, 3, 3, 3]
            int[] faceVertexIndices = [28, 12, 44, 20, 36, 4, 47, 16, 31, 47, 32, 16, 15, 31, 16, 15, 16, 0, 15, 14, 30, 15, 30, 31, 44, 12, 11, 44, 11, 43, 1, 4, 5, 1, 11, 12, 1, 8, 9, 1, 3, 4, 1, 15, 0, 1, 12, 13, 1, 7, 8, 1, 10, 11, 1, 14, 15, 1, 13, 14, 1, 5, 6, 1, 9, 10, 1, 6, 7, 1, 2, 3, 1, 0, 16, 1, 16, 17, 1, 18, 2, 1, 17, 18, 33, 16, 32, 33, 17, 16, 33, 18, 17, 33, 34, 18, 36, 5, 4, 36, 37, 5, 46, 47, 31, 46, 31, 30, 29, 45, 46, 29, 46, 30, 29, 30, 14, 29, 14, 13, 41, 9, 8, 41, 8, 40, 39, 8, 7, 39, 40, 8, 19, 3, 2, 19, 2, 18, 28, 13, 12, 28, 29, 13, 28, 44, 45, 28, 45, 29, 42, 11, 10, 42, 43, 11, 42, 10, 9, 42, 9, 41, 38, 6, 5, 38, 5, 37, 38, 7, 6, 38, 39, 7, 20, 4, 3, 20, 3, 19, 35, 44, 43, 35, 46, 45, 35, 32, 47, 35, 43, 42, 35, 33, 32, 35, 37, 36, 35, 45, 44, 35, 34, 33, 35, 38, 37, 35, 47, 46, 35, 41, 40, 35, 40, 39, 35, 42, 41, 35, 39, 38, 35, 18, 34, 35, 19, 18, 35, 20, 19, 35, 36, 20]
            rel material:binding:physics = </Ring/Looks/Material>
            uniform token physics:approximation = "convexHull"
            bool physics:collisionEnabled = 1
            float physxCollision:contactOffset = 0.0005
            float physxCollision:restOffset = 0
            point3f[] points = [(-0.04440753, 0.054110732, 0), (-0.043683175, 0.053228103, 0.0057402514), (-0.04162039, 0.05071459, 0.010606602), (-0.038533207, 0.04695285, 0.013858193), (-0.03489163, 0.042515576, 0.015), (-0.031250052, 0.0380783, 0.013858193), (-0.028162874, 0.034316562, 0.010606602), (-0.026100086, 0.031803045, 0.0057402514), (-0.025498513, 0.03107003, 1.8369702e-18), (-0.026100086, 0.031803045, -0.0057402514), (-0.028162874, 0.034316562, -0.010606602), (-0.031250052, 0.0380783, -0.013858193), (-0.03489163, 0.042515576, -0.015), (-0.038533207, 0.04695285, -0.013858193), (-0.04162039, 0.05071459, -0.010606602), (-0.043683175, 0.053228103, -0.0057402514), (-0.049497474, 0.049497474, 0), (-0.048690096, 0.048690096, 0.0057402514), (-0.046390872, 0.046390872, 0.010606602), (-0.042949844, 0.042949844, 0.013858193), (-0.038890872, 0.038890872, 0.015), (-0.034831904, 0.034831904, 0.013858193), (-0.03139087, 0.03139087, 0.010606602), (-0.02909165, 0.02909165, 0.0057402514), (-0.02828427, 0.02828427, 1.8369702e-18), (-0.02909165, 0.02909165, -0.0057402514), (-0.03139087, 0.03139087, -0.010606602), (-0.034831904, 0.034831904, -0.013858193), (-0.038890872, 0.038890872, -0.015), (-0.042949844, 0.042949844, -0.013858193), (-0.046390872, 0.046390872, -0.010606602), (-0.048690096, 0.048690096, -0.0057402514), (-0.054110732, 0.04440753, 0), (-0.053228103, 0.043683175, 0.0057402514), (-0.05071459, 0.04162039, 0.010606602), (-0.04695285, 0.038533207, 0.013858193), (-0.042515576, 0.03489163, 0.015), (-0.0380783, 0.031250052, 0.013858193), (-0.034316562, 0.028162874, 0.010606602), (-0.031803045, 0.026100086, 0.0057402514), (-0.03107003, 0.025498513, 1.8369702e-18), (-0.031803045, 0.026100086, -0.0057402514), (-0.034316562, 0.028162874, -0.010606602), (-0.0380783, 0.031250052, -0.013858193), (-0.042515576, 0.03489163, -0.015), (-0.04695285, 0.038533207, -0.013858193), (-0.05071459, 0.04162039, -0.010606602), (-0.053228103, 0.043683175, -0.0057402514)]
            uniform token purpose = "guide"
            uniform token subdivisionScheme = "none"
        }

        def Mesh "wedge_13" (
            prepend apiSchemas = ["PhysicsCollisionAPI", "PhysicsMeshCollisionAPI", "PhysxCollisionAPI", "MaterialBindingAPI"]
        )
        {
            float3[] extent = [(-0.06173449, 0.018947106, -0.015), (-0.03107003, 0.04440753, 0.015)]
            int[] faceVertexCounts = [3, 3, 3, 3, 3, 3, 3, 3, 3, 3, 3, 3, 3, 3, 3, 3, 3, 3, 3, 3, 3, 3, 3, 3, 3, 3, 3, 3, 3, 3, 3, 3, 3, 3, 3, 3, 3, 3, 3, 3, 3, 3, 3, 3, 3, 3, 3, 3, 3, 3, 3, 3, 3, 3, 3, 3, 3, 3, 3, 3, 3, 3, 3, 3, 3, 3, 3, 3, 3, 3, 3, 3, 3, 3, 3, 3, 3, 3]
            int[] faceVertexIndices = [28, 12, 44, 20, 36, 4, 15, 16, 0, 15, 31, 16, 15, 14, 30, 15, 30, 31, 47, 16, 31, 47, 32, 16, 47, 31, 30, 47, 30, 46, 1, 4, 5, 1, 12, 13, 1, 8, 9, 1, 3, 4, 1, 11, 12, 1, 15, 0, 1, 7, 8, 1, 10, 11, 1, 13, 14, 1, 14, 15, 1, 5, 6, 1, 9, 10, 1, 6, 7, 1, 2, 3, 1, 0, 16, 1, 16, 17, 1, 18, 2, 1, 17, 18, 33, 16, 32, 33, 17, 16, 33, 18, 17, 33, 34, 18, 44, 12, 11, 44, 11, 43, 41, 9, 8, 41, 8, 40, 39, 8, 7, 39, 40, 8, 36, 5, 4, 36, 37, 5, 29, 14, 13, 29, 30, 14, 29, 46, 30, 29, 45, 46, 42, 11, 10, 42, 43, 11, 42, 10, 9, 42, 9, 41, 38, 43, 42, 38, 44, 43, 38, 32, 47, 38, 37, 36, 38, 33, 32, 38, 47, 46, 38, 46, 45, 38, 34, 33, 38, 35, 34, 38, 45, 44, 38, 41, 40, 38, 40, 39, 38, 36, 35, 38, 42, 41, 38, 6, 5, 38, 5, 37, 38, 7, 6, 38, 39, 7, 19, 3, 2, 19, 2, 18, 19, 18, 34, 19, 34, 35, 28, 13, 12, 28, 29, 13, 28, 44, 45, 28, 45, 29, 20, 4, 3, 20, 3, 19, 20, 35, 36, 20, 19, 35]
            rel material:binding:physics = </Ring/Looks/Material>
            uniform token physics:approximation = "convexHull"
            bool physics:collisionEnabled = 1
            float physxCollision:contactOffset = 0.0005
            float physxCollision:restOffset = 0
            point3f[] points = [(-0.054110732, 0.04440753, 0), (-0.053228103, 0.043683175, 0.0057402514), (-0.05071459, 0.04162039, 0.010606602), (-0.04695285, 0.038533207, 0.013858193), (-0.042515576, 0.03489163, 0.015), (-0.0380783, 0.031250052, 0.013858193), (-0.034316562, 0.028162874, 0.010606602), (-0.031803045, 0.026100086, 0.0057402514), (-0.03107003, 0.025498513, 1.8369702e-18), (-0.031803045, 0.026100086, -0.0057402514), (-0.034316562, 0.028162874, -0.010606602), (-0.0380783, 0.031250052, -0.013858193), (-0.042515576, 0.03489163, -0.015), (-0.04695285, 0.038533207, -0.013858193), (-0.05071459, 0.04162039, -0.010606602), (-0.053228103, 0.043683175, -0.0057402514), (-0.058202874, 0.038889915, 0), (-0.057253495, 0.03825556, 0.0057402514), (-0.054549895, 0.036449075, 0.010606602), (-0.050503675, 0.033745475, 0.013858193), (-0.04573083, 0.030556362, 0.015), (-0.040957984, 0.02736725, 0.013858193), (-0.036911763, 0.024663651, 0.010606602), (-0.034208164, 0.022857163, 0.0057402514), (-0.033258785, 0.02222281, 1.8369702e-18), (-0.034208164, 0.022857163, -0.0057402514), (-0.036911763, 0.024663651, -0.010606602), (-0.040957984, 0.02736725, -0.013858193), (-0.04573083, 0.030556362, -0.015), (-0.050503675, 0.033745475, -0.013858193), (-0.054549895, 0.036449075, -0.010606602), (-0.057253495, 0.03825556, -0.0057402514), (-0.06173449, 0.032997772, 0), (-0.060727503, 0.032459527, 0.0057402514), (-0.057859857, 0.030926738, 0.010606602), (-0.05356812, 0.028632756, 0.013858193), (-0.04850567, 0.025926821, 0.015), (-0.043443218, 0.023220886, 0.013858193), (-0.039151482, 0.020926904, 0.010606602), (-0.036283836, 0.019394113, 0.0057402514), (-0.03544754, 0.018947106, 1.8369702e-18), (-0.036283836, 0.019394113, -0.0057402514), (-0.039151482, 0.020926904, -0.010606602), (-0.043443218, 0.023220886, -0.013858193), (-0.04850567, 0.025926821, -0.015), (-0.05356812, 0.028632756, -0.013858193), (-0.057859857, 0.030926738, -0.010606602), (-0.060727503, 0.032459527, -0.0057402514)]
            uniform token purpose = "guide"
            uniform token subdivisionScheme = "none"
        }

        def Mesh "wedge_14" (
            prepend apiSchemas = ["PhysicsCollisionAPI", "PhysicsMeshCollisionAPI", "PhysxCollisionAPI", "MaterialBindingAPI"]
        )
        {
            float3[] extent = [(-0.06698582, 0.011667569, -0.015), (-0.03544754, 0.032997772, 0.015)]
            int[] faceVertexCounts = [3, 3, 3, 3, 3, 3, 3, 3, 3, 3, 3, 3, 3, 3, 3, 3, 3, 3, 3, 3, 3, 3, 3, 3, 3, 3, 3, 3, 3, 3, 3, 3, 3, 3, 3, 3, 3, 3, 3, 3, 3, 3, 3, 3, 3, 3, 3, 3, 3, 3, 3, 3, 3, 3, 3, 3, 3, 3, 3, 3, 3, 3, 3, 3, 3, 3, 3, 3, 3, 3, 3, 3, 3, 3, 3, 3, 3, 3]
            int[] faceVertexIndices = [20, 36, 4, 28, 12, 44, 15, 16, 0, 15, 31, 16, 15, 14, 30, 15, 30, 31, 47, 16, 31, 47, 32, 16, 47, 31, 30, 47, 30, 46, 1, 4, 5, 1, 12, 13, 1, 8, 9, 1, 3, 4, 1, 11, 12, 1, 15, 0, 1, 7, 8, 1, 10, 11, 1, 13, 14, 1, 14, 15, 1, 5, 6, 1, 9, 10, 1, 6, 7, 1, 2, 3, 1, 0, 16, 1, 16, 17, 1, 18, 2, 1, 17, 18, 33, 16, 32, 33, 17, 16, 33, 18, 17, 33, 34, 18, 36, 5, 4, 36, 37, 5, 44, 12, 11, 44, 11, 43, 41, 9, 8, 41, 8, 40, 39, 8, 7, 39, 40, 8, 19, 3, 2, 19, 2, 18, 29, 14, 13, 29, 30, 14, 29, 46, 30, 29, 45, 46, 42, 11, 10, 42, 43, 11, 42, 10, 9, 42, 9, 41, 38, 6, 5, 38, 5, 37, 38, 7, 6, 38, 39, 7, 20, 4, 3, 20, 3, 19, 35, 37, 36, 35, 44, 43, 35, 32, 47, 35, 43, 42, 35, 33, 32, 35, 47, 46, 35, 46, 45, 35, 34, 33, 35, 38, 37, 35, 45, 44, 35, 41, 40, 35, 40, 39, 35, 42, 41, 35, 39, 38, 35, 18, 34, 35, 19, 18, 35, 20, 19, 35, 36, 20, 28, 13, 12, 28, 29, 13, 28, 44, 45, 28, 45, 29]
            rel material:binding:physics = </Ring/Looks/Material>
            uniform token physics:approximation = "convexHull"
            bool physics:collisionEnabled = 1
            float physxCollision:contactOffset = 0.0005
            float physxCollision:restOffset = 0
            point3f[] points = [(-0.06173449, 0.032997772, 0), (-0.060727503, 0.032459527, 0.0057402514), (-0.057859857, 0.030926738, 0.010606602), (-0.05356812, 0.028632756, 0.013858193), (-0.04850567, 0.025926821, 0.015), (-0.043443218, 0.023220886, 0.013858193), (-0.039151482, 0.020926904, 0.010606602), (-0.036283836, 0.019394113, 0.0057402514), (-0.03544754, 0.018947106, 1.8369702e-18), (-0.036283836, 0.019394113, -0.0057402514), (-0.039151482, 0.020926904, -0.010606602), (-0.043443218, 0.023220886, -0.013858193), (-0.04850567, 0.025926821, -0.015), (-0.05356812, 0.028632756, -0.013858193), (-0.057859857, 0.030926738, -0.010606602), (-0.060727503, 0.032459527, -0.0057402514), (-0.06467157, 0.02678784, 0), (-0.06361668, 0.02635089, 0.0057402514), (-0.060612597, 0.02510656, 0.010606602), (-0.056116674, 0.023244288, 0.013858193), (-0.050813373, 0.021047588, 0.015), (-0.045510072, 0.018850889, 0.013858193), (-0.041014154, 0.016988618, 0.010606602), (-0.038010072, 0.015744288, 0.0057402514), (-0.03695518, 0.015307337, 1.8369702e-18), (-0.038010072, 0.015744288, -0.0057402514), (-0.041014154, 0.016988618, -0.010606602), (-0.045510072, 0.018850889, -0.013858193), (-0.050813373, 0.021047588, -0.015), (-0.056116674, 0.023244288, -0.013858193), (-0.060612597, 0.02510656, -0.010606602), (-0.06361668, 0.02635089, -0.0057402514), (-0.06698582, 0.020319927, 0), (-0.06589318, 0.01998848, 0.0057402514), (-0.0627816, 0.019044591, 0.010606602), (-0.058124796, 0.017631965, 0.013858193), (-0.052631717, 0.015965657, 0.015), (-0.04713864, 0.01429935, 0.013858193), (-0.042481832, 0.0128867235, 0.010606602), (-0.039370254, 0.011942836, 0.0057402514), (-0.03846282, 0.011667569, 1.8369702e-18), (-0.039370254, 0.011942836, -0.0057402514), (-0.042481832, 0.0128867235, -0.010606602), (-0.04713864, 0.01429935, -0.013858193), (-0.052631717, 0.015965657, -0.015), (-0.058124796, 0.017631965, -0.013858193), (-0.0627816, 0.019044591, -0.010606602), (-0.06589318, 0.01998848, -0.0057402514)]
            uniform token purpose = "guide"
            uniform token subdivisionScheme = "none"
        }

        def Mesh "wedge_15" (
            prepend apiSchemas = ["PhysicsCollisionAPI", "PhysicsMeshCollisionAPI", "PhysxCollisionAPI", "MaterialBindingAPI"]
        )
        {
            float3[] extent = [(-0.06966293, 0.003939656, -0.015), (-0.03846282, 0.020319927, 0.015)]
            int[] faceVertexCounts = [3, 3, 3, 3, 3, 3, 3, 3, 3, 3, 3, 3, 3, 3, 3, 3, 3, 3, 3, 3, 3, 3, 3, 3, 3, 3, 3, 3, 3, 3, 3, 3, 3, 3, 3, 3, 3, 3, 3, 3, 3, 3, 3, 3, 3, 3, 3, 3, 3, 3, 3, 3, 3, 3, 3, 3, 3, 3, 3, 3, 3, 3, 3, 3, 3, 3, 3, 3, 3, 3, 3, 3, 3, 3, 3, 3, 3, 3]
            int[] faceVertexIndices = [20, 36, 4, 28, 12, 44, 15, 16, 0, 15, 31, 16, 15, 14, 30, 15, 30, 31, 47, 16, 31, 47, 32, 16, 47, 31, 30, 47, 30, 46, 33, 16, 32, 33, 17, 16, 1, 0, 16, 1, 16, 17, 1, 18, 2, 1, 17, 18, 36, 5, 4, 36, 37, 5, 3, 4, 5, 3, 12, 13, 3, 8, 9, 3, 7, 8, 3, 11, 12, 3, 15, 0, 3, 0, 1, 3, 10, 11, 3, 13, 14, 3, 14, 15, 3, 5, 6, 3, 9, 10, 3, 6, 7, 3, 1, 2, 44, 12, 11, 44, 11, 43, 41, 9, 8, 41, 8, 40, 39, 8, 7, 39, 40, 8, 34, 17, 33, 34, 18, 17, 19, 34, 35, 19, 18, 34, 19, 2, 18, 19, 3, 2, 29, 14, 13, 29, 30, 14, 29, 46, 30, 29, 45, 46, 42, 11, 10, 42, 43, 11, 42, 10, 9, 42, 9, 41, 38, 37, 36, 38, 44, 43, 38, 32, 47, 38, 35, 34, 38, 33, 32, 38, 47, 46, 38, 46, 45, 38, 43, 42, 38, 36, 35, 38, 45, 44, 38, 41, 40, 38, 40, 39, 38, 34, 33, 38, 42, 41, 38, 6, 5, 38, 5, 37, 38, 7, 6, 38, 39, 7, 20, 4, 3, 20, 3, 19, 20, 35, 36, 20, 19, 35, 28, 13, 12, 28, 29, 13, 28, 44, 45, 28, 45, 29]
            rel material:binding:physics = </Ring/Looks/Material>
            uniform token physics:approximation = "convexHull"
            bool physics:collisionEnabled = 1
            float physxCollision:contactOffset = 0.0005
            float physxCollision:restOffset = 0
            point3f[] points = [(-0.06698582, 0.020319927, 0), (-0.06589318, 0.01998848, 0.0057402514), (-0.0627816, 0.019044591, 0.010606602), (-0.058124796, 0.017631965, 0.013858193), (-0.052631717, 0.015965657, 0.015), (-0.04713864, 0.01429935, 0.013858193), (-0.042481832, 0.0128867235, 0.010606602), (-0.039370254, 0.011942836, 0.0057402514), (-0.03846282, 0.011667569, 1.8369702e-18), (-0.039370254, 0.011942836, -0.0057402514), (-0.042481832, 0.0128867235, -0.010606602), (-0.04713864, 0.01429935, -0.013858193), (-0.052631717, 0.015965657, -0.015), (-0.058124796, 0.017631965, -0.013858193), (-0.0627816, 0.019044591, -0.010606602), (-0.06589318, 0.01998848, -0.0057402514), (-0.06865497, 0.013656323, 0), (-0.0675351, 0.013433567, 0.0057402514), (-0.064345986, 0.012799213, 0.010606602), (-0.059573144, 0.0118498355, 0.013858193), (-0.05394319, 0.010729968, 0.015), (-0.048313238, 0.009610101, 0.013858193), (-0.043540392, 0.0086607225, 0.010606602), (-0.04035128, 0.008026368, 0.0057402514), (-0.039231412, 0.007803613, 1.8369702e-18), (-0.04035128, 0.008026368, -0.0057402514), (-0.043540392, 0.0086607225, -0.010606602), (-0.048313238, 0.009610101, -0.013858193), (-0.05394319, 0.010729968, -0.015), (-0.059573144, 0.0118498355, -0.013858193), (-0.064345986, 0.012799213, -0.010606602), (-0.0675351, 0.013433567, -0.0057402514), (-0.06966293, 0.0068611996, 0), (-0.068526626, 0.006749283, 0.0057402514), (-0.06529069, 0.0064305714, 0.010606602), (-0.06044777, 0.0059535857, 0.013858193), (-0.05473516, 0.0053909426, 0.015), (-0.049022548, 0.0048283, 0.013858193), (-0.044179633, 0.004351314, 0.010606602), (-0.040943697, 0.004032602, 0.0057402514), (-0.04, 0.003939656, 1.8369702e-18), (-0.040943697, 0.004032602, -0.0057402514), (-0.044179633, 0.004351314, -0.010606602), (-0.049022548, 0.0048283, -0.013858193), (-0.05473516, 0.0053909426, -0.015), (-0.06044777, 0.0059535857, -0.013858193), (-0.06529069, 0.0064305714, -0.010606602), (-0.068526626, 0.006749283, -0.0057402514)]
            uniform token purpose = "guide"
            uniform token subdivisionScheme = "none"
        }

        def Mesh "wedge_16" (
            prepend apiSchemas = ["PhysicsCollisionAPI", "PhysicsMeshCollisionAPI", "PhysxCollisionAPI", "MaterialBindingAPI"]
        )
        {
            float3[] extent = [(-0.07, -0.0068611996, -0.015), (-0.04, 0.0068611996, 0.015)]
            int[] faceVertexCounts = [3, 3, 3, 3, 3, 3, 3, 3, 3, 3, 3, 3, 3, 3, 3, 3, 3, 3, 3, 3, 3, 3, 3, 3, 3, 3, 3, 3, 3, 3, 3, 3, 3, 3, 3, 3, 3, 3, 3, 3, 3, 3, 3, 3, 3, 3, 3, 3, 3, 3, 3, 3, 3, 3, 3, 3, 3, 3, 3, 3, 3, 3, 3, 3, 3, 3, 3, 3, 3, 3, 3, 3, 3, 3, 3, 3, 3, 3]
            int[] faceVertexIndices = [28, 12, 44, 20, 36, 4, 47, 32, 16, 47, 16, 31, 44, 12, 11, 44, 11, 43, 46, 47, 31, 46, 31, 30, 33, 16, 32, 33, 17, 16, 36, 5, 4, 36, 37, 5, 15, 31, 16, 15, 16, 0, 15, 30, 31, 15, 14, 30, 1, 4, 5, 1, 8, 9, 1, 7, 8, 1, 15, 0, 1, 11, 12, 1, 12, 13, 1, 3, 4, 1, 10, 11, 1, 5, 6, 1, 9, 10, 1, 6, 7, 1, 13, 14, 1, 14, 15, 1, 2, 3, 1, 16, 17, 1, 0, 16, 1, 17, 18, 1, 18, 2, 41, 9, 8, 41, 8, 40, 39, 8, 7, 39, 40, 8, 34, 17, 33, 34, 18, 17, 29, 45, 46, 29, 46, 30, 29, 14, 13, 29, 30, 14, 19, 34, 35, 19, 18, 34, 19, 3, 2, 19, 2, 18, 42, 11, 10, 42, 43, 11, 42, 10, 9, 42, 9, 41, 38, 47, 46, 38, 37, 36, 38, 32, 47, 38, 44, 43, 38, 35, 34, 38, 33, 32, 38, 45, 44, 38, 46, 45, 38, 43, 42, 38, 36, 35, 38, 41, 40, 38, 40, 39, 38, 34, 33, 38, 42, 41, 38, 6, 5, 38, 5, 37, 38, 7, 6, 38, 39, 7, 28, 13, 12, 28, 29, 13, 28, 44, 45, 28, 45, 29, 20, 4, 3, 20, 3, 19, 20, 35, 36, 20, 19, 35]
            rel material:binding:physics = </Ring/Looks/Material>
            uniform token physics:approximation = "convexHull"
            bool physics:collisionEnabled = 1
            float physxCollision:contactOffset = 0.0005
            float physxCollision:restOffset = 0
            point3f[] points = [(-0.06966293, 0.0068611996, 0), (-0.068526626, 0.006749283, 0.0057402514), (-0.06529069, 0.0064305714, 0.010606602), (-0.06044777, 0.0059535857, 0.013858193), (-0.05473516, 0.0053909426, 0.015), (-0.049022548, 0.0048283, 0.013858193), (-0.044179633, 0.004351314, 0.010606602), (-0.040943697, 0.004032602, 0.0057402514), (-0.04, 0.003939656, 1.8369702e-18), (-0.040943697, 0.004032602, -0.0057402514), (-0.044179633, 0.004351314, -0.010606602), (-0.049022548, 0.0048283, -0.013858193), (-0.05473516, 0.0053909426, -0.015), (-0.06044777, 0.0059535857, -0.013858193), (-0.06529069, 0.0064305714, -0.010606602), (-0.068526626, 0.006749283, -0.0057402514), (-0.07, 8.572528e-18, 0), (-0.06885819, 8.432697e-18, 0.0057402514), (-0.0656066, 8.034491e-18, 0.010606602), (-0.06074025, 7.438536e-18, 0.013858193), (-0.055, 6.735557e-18, 0.015), (-0.04925975, 6.0325794e-18, 0.013858193), (-0.044393398, 5.4366235e-18, 0.010606602), (-0.041141808, 5.0384183e-18, 0.0057402514), (-0.04, 4.898587e-18, 1.8369702e-18), (-0.041141808, 5.0384183e-18, -0.0057402514), (-0.044393398, 5.4366235e-18, -0.010606602), (-0.04925975, 6.0325794e-18, -0.013858193), (-0.055, 6.735557e-18, -0.015), (-0.06074025, 7.438536e-18, -0.013858193), (-0.0656066, 8.034491e-18, -0.010606602), (-0.06885819, 8.432697e-18, -0.0057402514), (-0.06966293, -0.0068611996, 0), (-0.068526626, -0.006749283, 0.0057402514), (-0.06529069, -0.0064305714, 0.010606602), (-0.06044777, -0.0059535857, 0.013858193), (-0.05473516, -0.0053909426, 0.015), (-0.049022548, -0.0048283, 0.013858193), (-0.044179633, -0.004351314, 0.010606602), (-0.040943697, -0.004032602, 0.0057402514), (-0.04, -0.003939656, 1.8369702e-18), (-0.040943697, -0.004032602, -0.0057402514), (-0.044179633, -0.004351314, -0.010606602), (-0.049022548, -0.0048283, -0.013858193), (-0.05473516, -0.0053909426, -0.015), (-0.06044777, -0.0059535857, -0.013858193), (-0.06529069, -0.0064305714, -0.010606602), (-0.068526626, -0.006749283, -0.0057402514)]
            uniform token purpose = "guide"
            uniform token subdivisionScheme = "none"
        }

        def Mesh "wedge_17" (
            prepend apiSchemas = ["PhysicsCollisionAPI", "PhysicsMeshCollisionAPI", "PhysxCollisionAPI", "MaterialBindingAPI"]
        )
        {
            float3[] extent = [(-0.06966293, -0.020319927, -0.015), (-0.03846282, -0.003939656, 0.015)]
            int[] faceVertexCounts = [3, 3, 3, 3, 3, 3, 3, 3, 3, 3, 3, 3, 3, 3, 3, 3, 3, 3, 3, 3, 3, 3, 3, 3, 3, 3, 3, 3, 3, 3, 3, 3, 3, 3, 3, 3, 3, 3, 3, 3, 3, 3, 3, 3, 3, 3, 3, 3, 3, 3, 3, 3, 3, 3, 3, 3, 3, 3, 3, 3, 3, 3, 3, 3, 3, 3, 3, 3, 3, 3, 3, 3, 3, 3, 3, 3, 3, 3]
            int[] faceVertexIndices = [20, 36, 4, 28, 12, 44, 47, 16, 31, 47, 32, 16, 15, 31, 16, 15, 16, 0, 15, 30, 31, 15, 14, 30, 20, 4, 3, 20, 3, 19, 46, 47, 31, 46, 31, 30, 29, 45, 46, 29, 46, 30, 29, 30, 14, 29, 14, 13, 35, 20, 19, 35, 36, 20, 18, 3, 2, 18, 19, 3, 18, 34, 35, 18, 35, 19, 41, 9, 8, 41, 8, 40, 41, 10, 9, 41, 42, 10, 7, 11, 12, 7, 0, 1, 7, 12, 13, 7, 8, 9, 7, 15, 0, 7, 1, 2, 7, 3, 4, 7, 14, 15, 7, 13, 14, 7, 2, 3, 7, 9, 10, 7, 4, 5, 7, 10, 11, 7, 5, 6, 17, 2, 1, 17, 18, 2, 17, 34, 18, 17, 33, 34, 17, 1, 0, 17, 0, 16, 17, 16, 32, 17, 32, 33, 37, 5, 4, 37, 4, 36, 37, 6, 5, 37, 38, 6, 39, 40, 8, 39, 8, 7, 39, 7, 6, 39, 6, 38, 43, 36, 35, 43, 32, 47, 43, 37, 36, 43, 45, 44, 43, 33, 32, 43, 46, 45, 43, 41, 40, 43, 47, 46, 43, 35, 34, 43, 34, 33, 43, 42, 41, 43, 40, 39, 43, 38, 37, 43, 39, 38, 43, 10, 42, 43, 11, 10, 43, 12, 11, 43, 44, 12, 28, 13, 12, 28, 29, 13, 28, 45, 29, 28, 44, 45]
            rel material:binding:physics = </Ring/Looks/Material>
            uniform token physics:approximation = "convexHull"
            bool physics:collisionEnabled = 1
            float physxCollision:contactOffset = 0.0005
            float physxCollision:restOffset = 0
            point3f[] points = [(-0.06966293, -0.0068611996, 0), (-0.068526626, -0.006749283, 0.0057402514), (-0.06529069, -0.0064305714, 0.010606602), (-0.06044777, -0.0059535857, 0.013858193), (-0.05473516, -0.0053909426, 0.015), (-0.049022548, -0.0048283, 0.013858193), (-0.044179633, -0.004351314, 0.010606602), (-0.040943697, -0.004032602, 0.0057402514), (-0.04, -0.003939656, 1.8369702e-18), (-0.040943697, -0.004032602, -0.0057402514), (-0.044179633, -0.004351314, -0.010606602), (-0.049022548, -0.0048283, -0.013858193), (-0.05473516, -0.0053909426, -0.015), (-0.06044777, -0.0059535857, -0.013858193), (-0.06529069, -0.0064305714, -0.010606602), (-0.068526626, -0.006749283, -0.0057402514), (-0.06865497, -0.013656323, 0), (-0.0675351, -0.013433567, 0.0057402514), (-0.064345986, -0.012799213, 0.010606602), (-0.059573144, -0.0118498355, 0.013858193), (-0.05394319, -0.010729968, 0.015), (-0.048313238, -0.009610101, 0.013858193), (-0.043540392, -0.0086607225, 0.010606602), (-0.04035128, -0.008026368, 0.0057402514), (-0.039231412, -0.007803613, 1.8369702e-18), (-0.04035128, -0.008026368, -0.0057402514), (-0.043540392, -0.0086607225, -0.010606602), (-0.048313238, -0.009610101, -0.013858193), (-0.05394319, -0.010729968, -0.015), (-0.059573144, -0.0118498355, -0.013858193), (-0.064345986, -0.012799213, -0.010606602), (-0.0675351, -0.013433567, -0.0057402514), (-0.06698582, -0.020319927, 0), (-0.06589318, -0.01998848, 0.0057402514), (-0.0627816, -0.019044591, 0.010606602), (-0.058124796, -0.017631965, 0.013858193), (-0.052631717, -0.015965657, 0.015), (-0.04713864, -0.01429935, 0.013858193), (-0.042481832, -0.0128867235, 0.010606602), (-0.039370254, -0.011942836, 0.0057402514), (-0.03846282, -0.011667569, 1.8369702e-18), (-0.039370254, -0.011942836, -0.0057402514), (-0.042481832, -0.0128867235, -0.010606602), (-0.04713864, -0.01429935, -0.013858193), (-0.052631717, -0.015965657, -0.015), (-0.058124796, -0.017631965, -0.013858193), (-0.0627816, -0.019044591, -0.010606602), (-0.06589318, -0.01998848, -0.0057402514)]
            uniform token purpose = "guide"
            uniform token subdivisionScheme = "none"
        }

        def Mesh "wedge_18" (
            prepend apiSchemas = ["PhysicsCollisionAPI", "PhysicsMeshCollisionAPI", "PhysxCollisionAPI", "MaterialBindingAPI"]
        )
        {
            float3[] extent = [(-0.06698582, -0.032997772, -0.015), (-0.03544754, -0.011667569, 0.015)]
            int[] faceVertexCounts = [3, 3, 3, 3, 3, 3, 3, 3, 3, 3, 3, 3, 3, 3, 3, 3, 3, 3, 3, 3, 3, 3, 3, 3, 3, 3, 3, 3, 3, 3, 3, 3, 3, 3, 3, 3, 3, 3, 3, 3, 3, 3, 3, 3, 3, 3, 3, 3, 3, 3, 3, 3, 3, 3, 3, 3, 3, 3, 3, 3, 3, 3, 3, 3, 3, 3, 3, 3, 3, 3, 3, 3, 3, 3, 3, 3, 3, 3]
            int[] faceVertexIndices = [20, 36, 4, 28, 12, 44, 47, 16, 31, 47, 32, 16, 15, 31, 16, 15, 16, 0, 15, 30, 31, 15, 14, 30, 20, 4, 3, 20, 3, 19, 46, 47, 31, 46, 31, 30, 29, 45, 46, 29, 46, 30, 29, 30, 14, 29, 14, 13, 35, 20, 19, 35, 36, 20, 18, 3, 2, 18, 19, 3, 18, 34, 35, 18, 35, 19, 41, 9, 8, 41, 8, 40, 41, 10, 9, 41, 42, 10, 17, 2, 1, 17, 18, 2, 17, 34, 18, 17, 33, 34, 17, 1, 0, 17, 0, 16, 17, 16, 32, 17, 32, 33, 11, 10, 42, 11, 42, 43, 44, 12, 11, 44, 11, 43, 5, 7, 8, 5, 0, 1, 5, 12, 13, 5, 8, 9, 5, 15, 0, 5, 1, 2, 5, 3, 4, 5, 14, 15, 5, 13, 14, 5, 2, 3, 5, 9, 10, 5, 11, 12, 5, 6, 7, 5, 10, 11, 5, 36, 37, 5, 4, 36, 5, 37, 38, 5, 38, 6, 39, 36, 35, 39, 32, 47, 39, 45, 44, 39, 37, 36, 39, 33, 32, 39, 46, 45, 39, 41, 40, 39, 47, 46, 39, 35, 34, 39, 34, 33, 39, 42, 41, 39, 43, 42, 39, 38, 37, 39, 44, 43, 39, 40, 8, 39, 8, 7, 39, 7, 6, 39, 6, 38, 28, 13, 12, 28, 29, 13, 28, 45, 29, 28, 44, 45]
            rel material:binding:physics = </Ring/Looks/Material>
            uniform token physics:approximation = "convexHull"
            bool physics:collisionEnabled = 1
            float physxCollision:contactOffset = 0.0005
            float physxCollision:restOffset = 0
            point3f[] points = [(-0.06698582, -0.020319927, 0), (-0.06589318, -0.01998848, 0.0057402514), (-0.0627816, -0.019044591, 0.010606602), (-0.058124796, -0.017631965, 0.013858193), (-0.052631717, -0.015965657, 0.015), (-0.04713864, -0.01429935, 0.013858193), (-0.042481832, -0.0128867235, 0.010606602), (-0.039370254, -0.011942836, 0.0057402514), (-0.03846282, -0.011667569, 1.8369702e-18), (-0.039370254, -0.011942836, -0.0057402514), (-0.042481832, -0.0128867235, -0.010606602), (-0.04713864, -0.01429935, -0.013858193), (-0.052631717, -0.015965657, -0.015), (-0.058124796, -0.017631965, -0.013858193), (-0.0627816, -0.019044591, -0.010606602), (-0.06589318, -0.01998848, -0.0057402514), (-0.06467157, -0.02678784, 0), (-0.06361668, -0.02635089, 0.0057402514), (-0.060612597, -0.02510656, 0.010606602), (-0.056116674, -0.023244288, 0.013858193), (-0.050813373, -0.021047588, 0.015), (-0.045510072, -0.018850889, 0.013858193), (-0.041014154, -0.016988618, 0.010606602), (-0.038010072, -0.015744288, 0.0057402514), (-0.03695518, -0.015307337, 1.8369702e-18), (-0.038010072, -0.015744288, -0.0057402514), (-0.041014154, -0.016988618, -0.010606602), (-0.045510072, -0.018850889, -0.013858193), (-0.050813373, -0.021047588, -0.015), (-0.056116674, -0.023244288, -0.013858193), (-0.060612597, -0.02510656, -0.010606602), (-0.06361668, -0.02635089, -0.0057402514), (-0.06173449, -0.032997772, 0), (-0.060727503, -0.032459527, 0.0057402514), (-0.057859857, -0.030926738, 0.010606602), (-0.05356812, -0.028632756, 0.013858193), (-0.04850567, -0.025926821, 0.015), (-0.043443218, -0.023220886, 0.013858193), (-0.039151482, -0.020926904, 0.010606602), (-0.036283836, -0.019394113, 0.0057402514), (-0.03544754, -0.018947106, 1.8369702e-18), (-0.036283836, -0.019394113, -0.0057402514), (-0.039151482, -0.020926904, -0.010606602), (-0.043443218, -0.023220886, -0.013858193), (-0.04850567, -0.025926821, -0.015), (-0.05356812, -0.028632756, -0.013858193), (-0.057859857, -0.030926738, -0.010606602), (-0.060727503, -0.032459527, -0.0057402514)]
            uniform token purpose = "guide"
            uniform token subdivisionScheme = "none"
        }

        def Mesh "wedge_19" (
            prepend apiSchemas = ["PhysicsCollisionAPI", "PhysicsMeshCollisionAPI", "PhysxCollisionAPI", "MaterialBindingAPI"]
        )
        {
            float3[] extent = [(-0.06173449, -0.04440753, -0.015), (-0.03107003, -0.018947106, 0.015)]
            int[] faceVertexCounts = [3, 3, 3, 3, 3, 3, 3, 3, 3, 3, 3, 3, 3, 3, 3, 3, 3, 3, 3, 3, 3, 3, 3, 3, 3, 3, 3, 3, 3, 3, 3, 3, 3, 3, 3, 3, 3, 3, 3, 3, 3, 3, 3, 3, 3, 3, 3, 3, 3, 3, 3, 3, 3, 3, 3, 3, 3, 3, 3, 3, 3, 3, 3, 3, 3, 3, 3, 3, 3, 3, 3, 3, 3, 3, 3, 3, 3, 3]
            int[] faceVertexIndices = [20, 36, 4, 28, 12, 44, 47, 16, 31, 47, 32, 16, 15, 31, 16, 15, 16, 0, 15, 30, 31, 15, 14, 30, 20, 4, 3, 20, 3, 19, 46, 47, 31, 46, 31, 30, 29, 45, 46, 29, 46, 30, 29, 30, 14, 29, 14, 13, 35, 20, 19, 35, 36, 20, 18, 3, 2, 18, 19, 3, 18, 34, 35, 18, 35, 19, 41, 9, 8, 41, 8, 40, 41, 10, 9, 41, 42, 10, 17, 2, 1, 17, 18, 2, 17, 34, 18, 17, 33, 34, 17, 1, 0, 17, 0, 16, 17, 16, 32, 17, 32, 33, 11, 10, 42, 11, 42, 43, 44, 12, 11, 44, 11, 43, 5, 7, 8, 5, 0, 1, 5, 12, 13, 5, 8, 9, 5, 15, 0, 5, 1, 2, 5, 3, 4, 5, 14, 15, 5, 13, 14, 5, 2, 3, 5, 9, 10, 5, 11, 12, 5, 6, 7, 5, 10, 11, 5, 36, 37, 5, 4, 36, 5, 37, 38, 5, 38, 6, 39, 36, 35, 39, 32, 47, 39, 45, 44, 39, 37, 36, 39, 33, 32, 39, 46, 45, 39, 41, 40, 39, 47, 46, 39, 35, 34, 39, 34, 33, 39, 42, 41, 39, 43, 42, 39, 38, 37, 39, 44, 43, 39, 40, 8, 39, 8, 7, 39, 7, 6, 39, 6, 38, 28, 13, 12, 28, 29, 13, 28, 45, 29, 28, 44, 45]
            rel material:binding:physics = </Ring/Looks/Material>
            uniform token physics:approximation = "convexHull"
            bool physics:collisionEnabled = 1
            float physxCollision:contactOffset = 0.0005
            float physxCollision:restOffset = 0
            point3f[] points = [(-0.06173449, -0.032997772, 0), (-0.060727503, -0.032459527, 0.0057402514), (-0.057859857, -0.030926738, 0.010606602), (-0.05356812, -0.028632756, 0.013858193), (-0.04850567, -0.025926821, 0.015), (-0.043443218, -0.023220886, 0.013858193), (-0.039151482, -0.020926904, 0.010606602), (-0.036283836, -0.019394113, 0.0057402514), (-0.03544754, -0.018947106, 1.8369702e-18), (-0.036283836, -0.019394113, -0.0057402514), (-0.039151482, -0.020926904, -0.010606602), (-0.043443218, -0.023220886, -0.013858193), (-0.04850567, -0.025926821, -0.015), (-0.05356812, -0.028632756, -0.013858193), (-0.057859857, -0.030926738, -0.010606602), (-0.060727503, -0.032459527, -0.0057402514), (-0.058202874, -0.038889915, 0), (-0.057253495, -0.03825556, 0.0057402514), (-0.054549895, -0.036449075, 0.010606602), (-0.050503675, -0.033745475, 0.013858193), (-0.04573083, -0.030556362, 0.015), (-0.040957984, -0.02736725, 0.013858193), (-0.036911763, -0.024663651, 0.010606602), (-0.034208164, -0.022857163, 0.0057402514), (-0.033258785, -0.02222281, 1.8369702e-18), (-0.034208164, -0.022857163, -0.0057402514), (-0.036911763, -0.024663651, -0.010606602), (-0.040957984, -0.02736725, -0.013858193), (-0.04573083, -0.030556362, -0.015), (-0.050503675, -0.033745475, -0.013858193), (-0.054549895, -0.036449075, -0.010606602), (-0.057253495, -0.03825556, -0.0057402514), (-0.054110732, -0.04440753, 0), (-0.053228103, -0.043683175, 0.0057402514), (-0.05071459, -0.04162039, 0.010606602), (-0.04695285, -0.038533207, 0.013858193), (-0.042515576, -0.03489163, 0.015), (-0.0380783, -0.031250052, 0.013858193), (-0.034316562, -0.028162874, 0.010606602), (-0.031803045, -0.026100086, 0.0057402514), (-0.03107003, -0.025498513, 1.8369702e-18), (-0.031803045, -0.026100086, -0.0057402514), (-0.034316562, -0.028162874, -0.010606602), (-0.0380783, -0.031250052, -0.013858193), (-0.042515576, -0.03489163, -0.015), (-0.04695285, -0.038533207, -0.013858193), (-0.05071459, -0.04162039, -0.010606602), (-0.053228103, -0.043683175, -0.0057402514)]
            uniform token purpose = "guide"
            uniform token subdivisionScheme = "none"
        }

        def Mesh "wedge_20" (
            prepend apiSchemas = ["PhysicsCollisionAPI", "PhysicsMeshCollisionAPI", "PhysxCollisionAPI", "MaterialBindingAPI"]
        )
        {
            float3[] extent = [(-0.054110732, -0.054110732, -0.015), (-0.025498513, -0.025498513, 0.015)]
            int[] faceVertexCounts = [3, 3, 3, 3, 3, 3, 3, 3, 3, 3, 3, 3, 3, 3, 3, 3, 3, 3, 3, 3, 3, 3, 3, 3, 3, 3, 3, 3, 3, 3, 3, 3, 3, 3, 3, 3, 3, 3, 3, 3, 3, 3, 3, 3, 3, 3, 3, 3, 3, 3, 3, 3, 3, 3, 3, 3, 3, 3, 3, 3, 3, 3, 3, 3, 3, 3, 3, 3, 3, 3, 3, 3, 3, 3, 3, 3, 3, 3]
            int[] faceVertexIndices = [20, 36, 4, 28, 12, 44, 47, 16, 31, 47, 32, 16, 15, 31, 16, 15, 16, 0, 15, 30, 31, 15, 14, 30, 20, 4, 3, 20, 3, 19, 46, 47, 31, 46, 31, 30, 29, 45, 46, 29, 46, 30, 29, 30, 14, 29, 14, 13, 35, 20, 19, 35, 36, 20, 18, 3, 2, 18, 19, 3, 18, 34, 35, 18, 35, 19, 41, 9, 8, 41, 8, 40, 41, 10, 9, 41, 42, 10, 17, 2, 1, 17, 18, 2, 17, 34, 18, 17, 33, 34, 17, 1, 0, 17, 0, 16, 17, 16, 32, 17, 32, 33, 11, 10, 42, 11, 42, 43, 44, 12, 11, 44, 11, 43, 7, 8, 9, 7, 0, 1, 7, 12, 13, 7, 4, 5, 7, 15, 0, 7, 1, 2, 7, 3, 4, 7, 11, 12, 7, 14, 15, 7, 13, 14, 7, 2, 3, 7, 9, 10, 7, 5, 6, 7, 10, 11, 7, 40, 8, 7, 39, 40, 7, 38, 39, 7, 6, 38, 37, 33, 32, 37, 32, 47, 37, 36, 35, 37, 40, 39, 37, 46, 45, 37, 41, 40, 37, 45, 44, 37, 47, 46, 37, 35, 34, 37, 34, 33, 37, 42, 41, 37, 43, 42, 37, 39, 38, 37, 44, 43, 37, 5, 4, 37, 4, 36, 37, 6, 5, 37, 38, 6, 28, 13, 12, 28, 29, 13, 28, 45, 29, 28, 44, 45]
            rel material:binding:physics = </Ring/Looks/Material>
            uniform token physics:approximation = "convexHull"
            bool physics:collisionEnabled = 1
            float physxCollision:contactOffset = 0.0005
            float physxCollision:restOffset = 0
            point3f[] points = [(-0.054110732, -0.04440753, 0), (-0.053228103, -0.043683175, 0.0057402514), (-0.05071459, -0.04162039, 0.010606602), (-0.04695285, -0.038533207, 0.013858193), (-0.042515576, -0.03489163, 0.015), (-0.0380783, -0.031250052, 0.013858193), (-0.034316562, -0.028162874, 0.010606602), (-0.031803045, -0.026100086, 0.0057402514), (-0.03107003, -0.025498513, 1.8369702e-18), (-0.031803045, -0.026100086, -0.0057402514), (-0.034316562, -0.028162874, -0.010606602), (-0.0380783, -0.031250052, -0.013858193), (-0.042515576, -0.03489163, -0.015), (-0.04695285, -0.038533207, -0.013858193), (-0.05071459, -0.04162039, -0.010606602), (-0.053228103, -0.043683175, -0.0057402514), (-0.049497474, -0.049497474, 0), (-0.048690096, -0.048690096, 0.0057402514), (-0.046390872, -0.046390872, 0.010606602), (-0.042949844, -0.042949844, 0.013858193), (-0.038890872, -0.038890872, 0.015), (-0.034831904, -0.034831904, 0.013858193), (-0.03139087, -0.03139087, 0.010606602), (-0.02909165, -0.02909165, 0.0057402514), (-0.02828427, -0.02828427, 1.8369702e-18), (-0.02909165, -0.02909165, -0.0057402514), (-0.03139087, -0.03139087, -0.010606602), (-0.034831904, -0.034831904, -0.013858193), (-0.038890872, -0.038890872, -0.015), (-0.042949844, -0.042949844, -0.013858193), (-0.046390872, -0.046390872, -0.010606602), (-0.048690096, -0.048690096, -0.0057402514), (-0.04440753, -0.054110732, 0), (-0.043683175, -0.053228103, 0.0057402514), (-0.04162039, -0.05071459, 0.010606602), (-0.038533207, -0.04695285, 0.013858193), (-0.03489163, -0.042515576, 0.015), (-0.031250052, -0.0380783, 0.013858193), (-0.028162874, -0.034316562, 0.010606602), (-0.026100086, -0.031803045, 0.0057402514), (-0.025498513, -0.03107003, 1.8369702e-18), (-0.026100086, -0.031803045, -0.0057402514), (-0.028162874, -0.034316562, -0.010606602), (-0.031250052, -0.0380783, -0.013858193), (-0.03489163, -0.042515576, -0.015), (-0.038533207, -0.04695285, -0.013858193), (-0.04162039, -0.05071459, -0.010606602), (-0.043683175, -0.053228103, -0.0057402514)]
            uniform token purpose = "guide"
            uniform token subdivisionScheme = "none"
        }

        def Mesh "wedge_21" (
            prepend apiSchemas = ["PhysicsCollisionAPI", "PhysicsMeshCollisionAPI", "PhysxCollisionAPI", "MaterialBindingAPI"]
        )
        {
            float3[] extent = [(-0.04440753, -0.06173449, -0.015), (-0.018947106, -0.03107003, 0.015)]
            int[] faceVertexCounts = [3, 3, 3, 3, 3, 3, 3, 3, 3, 3, 3, 3, 3, 3, 3, 3, 3, 3, 3, 3, 3, 3, 3, 3, 3, 3, 3, 3, 3, 3, 3, 3, 3, 3, 3, 3, 3, 3, 3, 3, 3, 3, 3, 3, 3, 3, 3, 3, 3, 3, 3, 3, 3, 3, 3, 3, 3, 3, 3, 3, 3, 3, 3, 3, 3, 3, 3, 3, 3, 3, 3, 3, 3, 3, 3, 3, 3, 3]
            int[] faceVertexIndices = [20, 36, 4, 28, 12, 44, 47, 16, 31, 47, 32, 16, 15, 31, 16, 15, 16, 0, 15, 30, 31, 15, 14, 30, 20, 4, 3, 20, 3, 19, 46, 47, 31, 46, 31, 30, 29, 45, 46, 29, 46, 30, 29, 30, 14, 29, 14, 13, 35, 20, 19, 35, 36, 20, 18, 3, 2, 18, 19, 3, 18, 34, 35, 18, 35, 19, 41, 9, 8, 41, 8, 40, 41, 10, 9, 41, 42, 10, 17, 2, 1, 17, 18, 2, 17, 34, 18, 17, 33, 34, 17, 1, 0, 17, 0, 16, 17, 16, 32, 17, 32, 33, 11, 10, 42, 11, 42, 43, 44, 36, 35, 44, 32, 47, 44, 37, 36, 44, 40, 39, 44, 33, 32, 44, 46, 45, 44, 41, 40, 44, 47, 46, 44, 35, 34, 44, 34, 33, 44, 42, 41, 44, 43, 42, 44, 38, 37, 44, 39, 38, 44, 12, 11, 44, 11, 43, 5, 36, 37, 5, 4, 36, 5, 37, 38, 5, 38, 6, 7, 11, 12, 7, 0, 1, 7, 12, 13, 7, 8, 9, 7, 15, 0, 7, 1, 2, 7, 3, 4, 7, 14, 15, 7, 13, 14, 7, 2, 3, 7, 9, 10, 7, 4, 5, 7, 10, 11, 7, 5, 6, 7, 40, 8, 7, 39, 40, 7, 38, 39, 7, 6, 38, 28, 13, 12, 28, 29, 13, 28, 45, 29, 28, 44, 45]
            rel material:binding:physics = </Ring/Looks/Material>
            uniform token physics:approximation = "convexHull"
            bool physics:collisionEnabled = 1
            float physxCollision:contactOffset = 0.0005
            float physxCollision:restOffset = 0
            point3f[] points = [(-0.04440753, -0.054110732, 0), (-0.043683175, -0.053228103, 0.0057402514), (-0.04162039, -0.05071459, 0.010606602), (-0.038533207, -0.04695285, 0.013858193), (-0.03489163, -0.042515576, 0.015), (-0.031250052, -0.0380783, 0.013858193), (-0.028162874, -0.034316562, 0.010606602), (-0.026100086, -0.031803045, 0.0057402514), (-0.025498513, -0.03107003, 1.8369702e-18), (-0.026100086, -0.031803045, -0.0057402514), (-0.028162874, -0.034316562, -0.010606602), (-0.031250052, -0.0380783, -0.013858193), (-0.03489163, -0.042515576, -0.015), (-0.038533207, -0.04695285, -0.013858193), (-0.04162039, -0.05071459, -0.010606602), (-0.043683175, -0.053228103, -0.0057402514), (-0.038889915, -0.058202874, 0), (-0.03825556, -0.057253495, 0.0057402514), (-0.036449075, -0.054549895, 0.010606602), (-0.033745475, -0.050503675, 0.013858193), (-0.030556362, -0.04573083, 0.015), (-0.02736725, -0.040957984, 0.013858193), (-0.024663651, -0.036911763, 0.010606602), (-0.022857163, -0.034208164, 0.0057402514), (-0.02222281, -0.033258785, 1.8369702e-18), (-0.022857163, -0.034208164, -0.0057402514), (-0.024663651, -0.036911763, -0.010606602), (-0.02736725, -0.040957984, -0.013858193), (-0.030556362, -0.04573083, -0.015), (-0.033745475, -0.050503675, -0.013858193), (-0.036449075, -0.054549895, -0.010606602), (-0.03825556, -0.057253495, -0.0057402514), (-0.032997772, -0.06173449, 0), (-0.032459527, -0.060727503, 0.0057402514), (-0.030926738, -0.057859857, 0.010606602), (-0.028632756, -0.05356812, 0.013858193), (-0.025926821, -0.04850567, 0.015), (-0.023220886, -0.043443218, 0.013858193), (-0.020926904, -0.039151482, 0.010606602), (-0.019394113, -0.036283836, 0.0057402514), (-0.018947106, -0.03544754, 1.8369702e-18), (-0.019394113, -0.036283836, -0.0057402514), (-0.020926904, -0.039151482, -0.010606602), (-0.023220886, -0.043443218, -0.013858193), (-0.025926821, -0.04850567, -0.015), (-0.028632756, -0.05356812, -0.013858193), (-0.030926738, -0.057859857, -0.010606602), (-0.032459527, -0.060727503, -0.0057402514)]
            uniform token purpose = "guide"
            uniform token subdivisionScheme = "none"
        }

        def Mesh "wedge_22" (
            prepend apiSchemas = ["PhysicsCollisionAPI", "PhysicsMeshCollisionAPI", "PhysxCollisionAPI", "MaterialBindingAPI"]
        )
        {
            float3[] extent = [(-0.032997772, -0.06698582, -0.015), (-0.011667569, -0.03544754, 0.015)]
            int[] faceVertexCounts = [3, 3, 3, 3, 3, 3, 3, 3, 3, 3, 3, 3, 3, 3, 3, 3, 3, 3, 3, 3, 3, 3, 3, 3, 3, 3, 3, 3, 3, 3, 3, 3, 3, 3, 3, 3, 3, 3, 3, 3, 3, 3, 3, 3, 3, 3, 3, 3, 3, 3, 3, 3, 3, 3, 3, 3, 3, 3, 3, 3, 3, 3, 3, 3, 3, 3, 3, 3, 3, 3, 3, 3, 3, 3, 3, 3, 3, 3]
            int[] faceVertexIndices = [20, 36, 4, 28, 12, 44, 47, 16, 31, 47, 32, 16, 15, 31, 16, 15, 16, 0, 15, 30, 31, 15, 14, 30, 20, 4, 3, 20, 3, 19, 46, 47, 31, 46, 31, 30, 29, 45, 46, 29, 46, 30, 29, 30, 14, 29, 14, 13, 35, 20, 19, 35, 36, 20, 18, 3, 2, 18, 19, 3, 18, 34, 35, 18, 35, 19, 41, 9, 8, 41, 8, 40, 41, 10, 9, 41, 42, 10, 17, 2, 1, 17, 18, 2, 17, 34, 18, 17, 33, 34, 17, 1, 0, 17, 0, 16, 17, 16, 32, 17, 32, 33, 7, 11, 12, 7, 0, 1, 7, 12, 13, 7, 8, 9, 7, 15, 0, 7, 1, 2, 7, 3, 4, 7, 4, 5, 7, 14, 15, 7, 13, 14, 7, 2, 3, 7, 9, 10, 7, 10, 11, 7, 5, 6, 7, 40, 8, 7, 39, 40, 7, 38, 39, 7, 6, 38, 37, 5, 4, 37, 4, 36, 37, 6, 5, 37, 38, 6, 43, 33, 32, 43, 32, 47, 43, 36, 35, 43, 41, 40, 43, 46, 45, 43, 40, 39, 43, 45, 44, 43, 47, 46, 43, 35, 34, 43, 34, 33, 43, 42, 41, 43, 39, 38, 43, 37, 36, 43, 38, 37, 43, 10, 42, 43, 11, 10, 43, 12, 11, 43, 44, 12, 28, 13, 12, 28, 29, 13, 28, 45, 29, 28, 44, 45]
            rel material:binding:physics = </Ring/Looks/Material>
            uniform token physics:approximation = "convexHull"
            bool physics:collisionEnabled = 1
            float physxCollision:contactOffset = 0.0005
            float physxCollision:restOffset = 0
            point3f[] points = [(-0.032997772, -0.06173449, 0), (-0.032459527, -0.060727503, 0.0057402514), (-0.030926738, -0.057859857, 0.010606602), (-0.028632756, -0.05356812, 0.013858193), (-0.025926821, -0.04850567, 0.015), (-0.023220886, -0.043443218, 0.013858193), (-0.020926904, -0.039151482, 0.010606602), (-0.019394113, -0.036283836, 0.0057402514), (-0.018947106, -0.03544754, 1.8369702e-18), (-0.019394113, -0.036283836, -0.0057402514), (-0.020926904, -0.039151482, -0.010606602), (-0.023220886, -0.043443218, -0.013858193), (-0.025926821, -0.04850567, -0.015), (-0.028632756, -0.05356812, -0.013858193), (-0.030926738, -0.057859857, -0.010606602), (-0.032459527, -0.060727503, -0.0057402514), (-0.02678784, -0.06467157, 0), (-0.02635089, -0.06361668, 0.0057402514), (-0.02510656, -0.060612597, 0.010606602), (-0.023244288, -0.056116674, 0.013858193), (-0.021047588, -0.050813373, 0.015), (-0.018850889, -0.045510072, 0.013858193), (-0.016988618, -0.041014154, 0.010606602), (-0.015744288, -0.038010072, 0.0057402514), (-0.015307337, -0.03695518, 1.8369702e-18), (-0.015744288, -0.038010072, -0.0057402514), (-0.016988618, -0.041014154, -0.010606602), (-0.018850889, -0.045510072, -0.013858193), (-0.021047588, -0.050813373, -0.015), (-0.023244288, -0.056116674, -0.013858193), (-0.02510656, -0.060612597, -0.010606602), (-0.02635089, -0.06361668, -0.0057402514), (-0.020319927, -0.06698582, 0), (-0.01998848, -0.06589318, 0.0057402514), (-0.019044591, -0.0627816, 0.010606602), (-0.017631965, -0.058124796, 0.013858193), (-0.015965657, -0.052631717, 0.015), (-0.01429935, -0.04713864, 0.013858193), (-0.0128867235, -0.042481832, 0.010606602), (-0.011942836, -0.039370254, 0.0057402514), (-0.011667569, -0.03846282, 1.8369702e-18), (-0.011942836, -0.039370254, -0.0057402514), (-0.0128867235, -0.042481832, -0.010606602), (-0.01429935, -0.04713864, -0.013858193), (-0.015965657, -0.052631717, -0.015), (-0.017631965, -0.058124796, -0.013858193), (-0.019044591, -0.0627816, -0.010606602), (-0.01998848, -0.06589318, -0.0057402514)]
            uniform token purpose = "guide"
            uniform token subdivisionScheme = "none"
        }

        def Mesh "wedge_23" (
            prepend apiSchemas = ["PhysicsCollisionAPI", "PhysicsMeshCollisionAPI", "PhysxCollisionAPI", "MaterialBindingAPI"]
        )
        {
            float3[] extent = [(-0.020319927, -0.06966293, -0.015), (-0.003939656, -0.03846282, 0.015)]
            int[] faceVertexCounts = [3, 3, 3, 3, 3, 3, 3, 3, 3, 3, 3, 3, 3, 3, 3, 3, 3, 3, 3, 3, 3, 3, 3, 3, 3, 3, 3, 3, 3, 3, 3, 3, 3, 3, 3, 3, 3, 3, 3, 3, 3, 3, 3, 3, 3, 3, 3, 3, 3, 3, 3, 3, 3, 3, 3, 3, 3, 3, 3, 3, 3, 3, 3, 3, 3, 3, 3, 3, 3, 3, 3, 3, 3, 3, 3, 3, 3, 3]
            int[] faceVertexIndices = [20, 36, 4, 28, 12, 44, 47, 16, 31, 47, 32, 16, 15, 31, 16, 15, 16, 0, 15, 30, 31, 15, 14, 30, 20, 4, 3, 20, 3, 19, 46, 47, 31, 46, 31, 30, 29, 45, 46, 29, 46, 30, 29, 30, 14, 29, 14, 13, 35, 20, 19, 35, 36, 20, 18, 3, 2, 18, 19, 3, 18, 34, 35, 18, 35, 19, 41, 9, 8, 41, 8, 40, 41, 10, 9, 41, 42, 10, 17, 2, 1, 17, 18, 2, 17, 34, 18, 17, 33, 34, 17, 1, 0, 17, 0, 16, 17, 16, 32, 17, 32, 33, 11, 10, 42, 11, 42, 43, 44, 12, 11, 44, 11, 43, 7, 8, 9, 7, 0, 1, 7, 12, 13, 7, 4, 5, 7, 15, 0, 7, 1, 2, 7, 3, 4, 7, 11, 12, 7, 14, 15, 7, 13, 14, 7, 2, 3, 7, 9, 10, 7, 5, 6, 7, 10, 11, 7, 40, 8, 7, 39, 40, 7, 38, 39, 7, 6, 38, 37, 33, 32, 37, 32, 47, 37, 36, 35, 37, 40, 39, 37, 46, 45, 37, 41, 40, 37, 45, 44, 37, 47, 46, 37, 35, 34, 37, 34, 33, 37, 42, 41, 37, 43, 42, 37, 39, 38, 37, 44, 43, 37, 5, 4, 37, 4, 36, 37, 6, 5, 37, 38, 6, 28, 13, 12, 28, 29, 13, 28, 45, 29, 28, 44, 45]
            rel material:binding:physics = </Ring/Looks/Material>
            uniform token physics:approximation = "convexHull"
            bool physics:collisionEnabled = 1
            float physxCollision:contactOffset = 0.0005
            float physxCollision:restOffset = 0
            point3f[] points = [(-0.020319927, -0.06698582, 0), (-0.01998848, -0.06589318, 0.0057402514), (-0.019044591, -0.0627816, 0.010606602), (-0.017631965, -0.058124796, 0.013858193), (-0.015965657, -0.052631717, 0.015), (-0.01429935, -0.04713864, 0.013858193), (-0.0128867235, -0.042481832, 0.010606602), (-0.011942836, -0.039370254, 0.0057402514), (-0.011667569, -0.03846282, 1.8369702e-18), (-0.011942836, -0.039370254, -0.0057402514), (-0.0128867235, -0.042481832, -0.010606602), (-0.01429935, -0.04713864, -0.013858193), (-0.015965657, -0.052631717, -0.015), (-0.017631965, -0.058124796, -0.013858193), (-0.019044591, -0.0627816, -0.010606602), (-0.01998848, -0.06589318, -0.0057402514), (-0.013656323, -0.06865497, 0), (-0.013433567, -0.0675351, 0.0057402514), (-0.012799213, -0.064345986, 0.010606602), (-0.0118498355, -0.059573144, 0.013858193), (-0.010729968, -0.05394319, 0.015), (-0.009610101, -0.048313238, 0.013858193), (-0.0086607225, -0.043540392, 0.010606602), (-0.008026368, -0.04035128, 0.0057402514), (-0.007803613, -0.039231412, 1.8369702e-18), (-0.008026368, -0.04035128, -0.0057402514), (-0.0086607225, -0.043540392, -0.010606602), (-0.009610101, -0.048313238, -0.013858193), (-0.010729968, -0.05394319, -0.015), (-0.0118498355, -0.059573144, -0.013858193), (-0.012799213, -0.064345986, -0.010606602), (-0.013433567, -0.0675351, -0.0057402514), (-0.0068611996, -0.06966293, 0), (-0.006749283, -0.068526626, 0.0057402514), (-0.0064305714, -0.06529069, 0.010606602), (-0.0059535857, -0.06044777, 0.013858193), (-0.0053909426, -0.05473516, 0.015), (-0.0048283, -0.049022548, 0.013858193), (-0.004351314, -0.044179633, 0.010606602), (-0.004032602, -0.040943697, 0.0057402514), (-0.003939656, -0.04, 1.8369702e-18), (-0.004032602, -0.040943697, -0.0057402514), (-0.004351314, -0.044179633, -0.010606602), (-0.0048283, -0.049022548, -0.013858193), (-0.0053909426, -0.05473516, -0.015), (-0.0059535857, -0.06044777, -0.013858193), (-0.0064305714, -0.06529069, -0.010606602), (-0.006749283, -0.068526626, -0.0057402514)]
            uniform token purpose = "guide"
            uniform token subdivisionScheme = "none"
        }

        def Mesh "wedge_24" (
            prepend apiSchemas = ["PhysicsCollisionAPI", "PhysicsMeshCollisionAPI", "PhysxCollisionAPI", "MaterialBindingAPI"]
        )
        {
            float3[] extent = [(-0.0068611996, -0.07, -0.015), (0.0068611996, -0.04, 0.015)]
            int[] faceVertexCounts = [3, 3, 3, 3, 3, 3, 3, 3, 3, 3, 3, 3, 3, 3, 3, 3, 3, 3, 3, 3, 3, 3, 3, 3, 3, 3, 3, 3, 3, 3, 3, 3, 3, 3, 3, 3, 3, 3, 3, 3, 3, 3, 3, 3, 3, 3, 3, 3, 3, 3, 3, 3, 3, 3, 3, 3, 3, 3, 3, 3, 3, 3, 3, 3, 3, 3, 3, 3, 3, 3, 3, 3, 3, 3, 3, 3, 3, 3]
            int[] faceVertexIndices = [28, 12, 44, 20, 36, 4, 47, 16, 31, 47, 32, 16, 15, 31, 16, 15, 16, 0, 15, 14, 30, 15, 30, 31, 44, 12, 11, 44, 11, 43, 1, 0, 16, 1, 16, 17, 1, 18, 2, 1, 17, 18, 33, 16, 32, 33, 17, 16, 36, 5, 4, 36, 37, 5, 3, 8, 9, 3, 4, 5, 3, 12, 13, 3, 11, 12, 3, 15, 0, 3, 7, 8, 3, 0, 1, 3, 14, 15, 3, 10, 11, 3, 13, 14, 3, 1, 2, 3, 5, 6, 3, 9, 10, 3, 6, 7, 46, 47, 31, 46, 31, 30, 29, 45, 46, 29, 46, 30, 29, 30, 14, 29, 14, 13, 41, 9, 8, 41, 8, 40, 39, 8, 7, 39, 40, 8, 34, 18, 17, 34, 17, 33, 19, 34, 35, 19, 18, 34, 19, 2, 18, 19, 3, 2, 28, 13, 12, 28, 29, 13, 28, 44, 45, 28, 45, 29, 42, 11, 10, 42, 43, 11, 42, 10, 9, 42, 9, 41, 38, 44, 43, 38, 46, 45, 38, 32, 47, 38, 35, 34, 38, 33, 32, 38, 37, 36, 38, 45, 44, 38, 43, 42, 38, 36, 35, 38, 47, 46, 38, 41, 40, 38, 40, 39, 38, 34, 33, 38, 42, 41, 38, 6, 5, 38, 5, 37, 38, 7, 6, 38, 39, 7, 20, 4, 3, 20, 3, 19, 20, 35, 36, 20, 19, 35]
            rel material:binding:physics = </Ring/Looks/Material>
            uniform token physics:approximation = "convexHull"
            bool physics:collisionEnabled = 1
            float physxCollision:contactOffset = 0.0005
            float physxCollision:restOffset = 0
            point3f[] points = [(-0.0068611996, -0.06966293, 0), (-0.006749283, -0.068526626, 0.0057402514), (-0.0064305714, -0.06529069, 0.010606602), (-0.0059535857, -0.06044777, 0.013858193), (-0.0053909426, -0.05473516, 0.015), (-0.0048283, -0.049022548, 0.013858193), (-0.004351314, -0.044179633, 0.010606602), (-0.004032602, -0.040943697, 0.0057402514), (-0.003939656, -0.04, 1.8369702e-18), (-0.004032602, -0.040943697, -0.0057402514), (-0.004351314, -0.044179633, -0.010606602), (-0.0048283, -0.049022548, -0.013858193), (-0.0053909426, -0.05473516, -0.015), (-0.0059535857, -0.06044777, -0.013858193), (-0.0064305714, -0.06529069, -0.010606602), (-0.006749283, -0.068526626, -0.0057402514), (-1.28587915e-17, -0.07, 0), (-1.2649045e-17, -0.06885819, 0.0057402514), (-1.2051737e-17, -0.0656066, 0.010606602), (-1.1157803e-17, -0.06074025, 0.013858193), (-1.0103336e-17, -0.055, 0.015), (-9.048869e-18, -0.04925975, 0.013858193), (-8.154935e-18, -0.044393398, 0.010606602), (-7.5576275e-18, -0.041141808, 0.0057402514), (-7.347881e-18, -0.04, 1.8369702e-18), (-7.5576275e-18, -0.041141808, -0.0057402514), (-8.154935e-18, -0.044393398, -0.010606602), (-9.048869e-18, -0.04925975, -0.013858193), (-1.0103336e-17, -0.055, -0.015), (-1.1157803e-17, -0.06074025, -0.013858193), (-1.2051737e-17, -0.0656066, -0.010606602), (-1.2649045e-17, -0.06885819, -0.0057402514), (0.0068611996, -0.06966293, 0), (0.006749283, -0.068526626, 0.0057402514), (0.0064305714, -0.06529069, 0.010606602), (0.0059535857, -0.06044777, 0.013858193), (0.0053909426, -0.05473516, 0.015), (0.0048283, -0.049022548, 0.013858193), (0.004351314, -0.044179633, 0.010606602), (0.004032602, -0.040943697, 0.0057402514), (0.003939656, -0.04, 1.8369702e-18), (0.004032602, -0.040943697, -0.0057402514), (0.004351314, -0.044179633, -0.010606602), (0.0048283, -0.049022548, -0.013858193), (0.0053909426, -0.05473516, -0.015), (0.0059535857, -0.06044777, -0.013858193), (0.0064305714, -0.06529069, -0.010606602), (0.006749283, -0.068526626, -0.0057402514)]
            uniform token purpose = "guide"
            uniform token subdivisionScheme = "none"
        }

        def Mesh "wedge_25" (
            prepend apiSchemas = ["PhysicsCollisionAPI", "PhysicsMeshCollisionAPI", "PhysxCollisionAPI", "MaterialBindingAPI"]
        )
        {
            float3[] extent = [(0.003939656, -0.06966293, -0.015), (0.020319927, -0.03846282, 0.015)]
            int[] faceVertexCounts = [3, 3, 3, 3, 3, 3, 3, 3, 3, 3, 3, 3, 3, 3, 3, 3, 3, 3, 3, 3, 3, 3, 3, 3, 3, 3, 3, 3, 3, 3, 3, 3, 3, 3, 3, 3, 3, 3, 3, 3, 3, 3, 3, 3, 3, 3, 3, 3, 3, 3, 3, 3, 3, 3, 3, 3, 3, 3, 3, 3, 3, 3, 3, 3, 3, 3, 3, 3, 3, 3, 3, 3, 3, 3, 3, 3, 3, 3]
            int[] faceVertexIndices = [20, 36, 4, 28, 12, 44, 15, 16, 0, 15, 31, 16, 15, 14, 30, 15, 30, 31, 47, 16, 31, 47, 32, 16, 47, 31, 30, 47, 30, 46, 33, 16, 32, 33, 17, 16, 1, 0, 16, 1, 16, 17, 1, 18, 2, 1, 17, 18, 36, 5, 4, 36, 37, 5, 44, 12, 11, 44, 11, 43, 9, 40, 41, 9, 8, 40, 42, 11, 10, 42, 43, 11, 42, 10, 9, 42, 9, 41, 7, 3, 4, 7, 12, 13, 7, 8, 9, 7, 4, 5, 7, 11, 12, 7, 15, 0, 7, 0, 1, 7, 10, 11, 7, 13, 14, 7, 14, 15, 7, 5, 6, 7, 1, 2, 7, 2, 3, 7, 9, 10, 7, 39, 40, 7, 40, 8, 38, 6, 5, 38, 5, 37, 38, 7, 6, 38, 39, 7, 34, 43, 42, 34, 37, 36, 34, 32, 47, 34, 44, 43, 34, 33, 32, 34, 47, 46, 34, 46, 45, 34, 41, 40, 34, 40, 39, 34, 38, 37, 34, 36, 35, 34, 45, 44, 34, 42, 41, 34, 39, 38, 34, 17, 33, 34, 18, 17, 19, 34, 35, 19, 18, 34, 19, 2, 18, 19, 3, 2, 29, 14, 13, 29, 30, 14, 29, 46, 30, 29, 45, 46, 20, 4, 3, 20, 3, 19, 20, 35, 36, 20, 19, 35, 28, 13, 12, 28, 29, 13, 28, 44, 45, 28, 45, 29]
            rel material:binding:physics = </Ring/Looks/Material>
            uniform token physics:approximation = "convexHull"
            bool physics:collisionEnabled = 1
            float physxCollision:contactOffset = 0.0005
            float physxCollision:restOffset = 0
            point3f[] points = [(0.0068611996, -0.06966293, 0), (0.006749283, -0.068526626, 0.0057402514), (0.0064305714, -0.06529069, 0.010606602), (0.0059535857, -0.06044777, 0.013858193), (0.0053909426, -0.05473516, 0.015), (0.0048283, -0.049022548, 0.013858193), (0.004351314, -0.044179633, 0.010606602), (0.004032602, -0.040943697, 0.0057402514), (0.003939656, -0.04, 1.8369702e-18), (0.004032602, -0.040943697, -0.0057402514), (0.004351314, -0.044179633, -0.010606602), (0.0048283, -0.049022548, -0.013858193), (0.0053909426, -0.05473516, -0.015), (0.0059535857, -0.06044777, -0.013858193), (0.0064305714, -0.06529069, -0.010606602), (0.006749283, -0.068526626, -0.0057402514), (0.013656323, -0.06865497, 0), (0.013433567, -0.0675351, 0.0057402514), (0.012799213, -0.064345986, 0.010606602), (0.0118498355, -0.059573144, 0.013858193), (0.010729968, -0.05394319, 0.015), (0.009610101, -0.048313238, 0.013858193), (0.0086607225, -0.043540392, 0.010606602), (0.008026368, -0.04035128, 0.0057402514), (0.007803613, -0.039231412, 1.8369702e-18), (0.008026368, -0.04035128, -0.0057402514), (0.0086607225, -0.043540392, -0.010606602), (0.009610101, -0.048313238, -0.013858193), (0.010729968, -0.05394319, -0.015), (0.0118498355, -0.059573144, -0.013858193), (0.012799213, -0.064345986, -0.010606602), (0.013433567, -0.0675351, -0.0057402514), (0.020319927, -0.06698582, 0), (0.01998848, -0.06589318, 0.0057402514), (0.019044591, -0.0627816, 0.010606602), (0.017631965, -0.058124796, 0.013858193), (0.015965657, -0.052631717, 0.015), (0.01429935, -0.04713864, 0.013858193), (0.0128867235, -0.042481832, 0.010606602), (0.011942836, -0.039370254, 0.0057402514), (0.011667569, -0.03846282, 1.8369702e-18), (0.011942836, -0.039370254, -0.0057402514), (0.0128867235, -0.042481832, -0.010606602), (0.01429935, -0.04713864, -0.013858193), (0.015965657, -0.052631717, -0.015), (0.017631965, -0.058124796, -0.013858193), (0.019044591, -0.0627816, -0.010606602), (0.01998848, -0.06589318, -0.0057402514)]
            uniform token purpose = "guide"
            uniform token subdivisionScheme = "none"
        }

        def Mesh "wedge_26" (
            prepend apiSchemas = ["PhysicsCollisionAPI", "PhysicsMeshCollisionAPI", "PhysxCollisionAPI", "MaterialBindingAPI"]
        )
        {
            float3[] extent = [(0.011667569, -0.06698582, -0.015), (0.032997772, -0.03544754, 0.015)]
            int[] faceVertexCounts = [3, 3, 3, 3, 3, 3, 3, 3, 3, 3, 3, 3, 3, 3, 3, 3, 3, 3, 3, 3, 3, 3, 3, 3, 3, 3, 3, 3, 3, 3, 3, 3, 3, 3, 3, 3, 3, 3, 3, 3, 3, 3, 3, 3, 3, 3, 3, 3, 3, 3, 3, 3, 3, 3, 3, 3, 3, 3, 3, 3, 3, 3, 3, 3, 3, 3, 3, 3, 3, 3, 3, 3, 3, 3, 3, 3, 3, 3]
            int[] faceVertexIndices = [28, 12, 44, 20, 36, 4, 47, 16, 31, 47, 32, 16, 15, 31, 16, 15, 16, 0, 15, 14, 30, 15, 30, 31, 44, 12, 11, 44, 11, 43, 33, 16, 32, 33, 17, 16, 1, 0, 16, 1, 16, 17, 1, 18, 2, 1, 17, 18, 36, 5, 4, 36, 37, 5, 3, 4, 5, 3, 11, 12, 3, 8, 9, 3, 7, 8, 3, 15, 0, 3, 12, 13, 3, 0, 1, 3, 10, 11, 3, 14, 15, 3, 13, 14, 3, 5, 6, 3, 9, 10, 3, 6, 7, 3, 1, 2, 46, 47, 31, 46, 31, 30, 29, 45, 46, 29, 46, 30, 29, 30, 14, 29, 14, 13, 41, 9, 8, 41, 8, 40, 39, 8, 7, 39, 40, 8, 34, 17, 33, 34, 18, 17, 19, 34, 35, 19, 18, 34, 19, 2, 18, 19, 3, 2, 28, 13, 12, 28, 29, 13, 28, 44, 45, 28, 45, 29, 42, 11, 10, 42, 43, 11, 42, 10, 9, 42, 9, 41, 38, 44, 43, 38, 46, 45, 38, 32, 47, 38, 35, 34, 38, 33, 32, 38, 37, 36, 38, 45, 44, 38, 43, 42, 38, 36, 35, 38, 47, 46, 38, 41, 40, 38, 40, 39, 38, 34, 33, 38, 42, 41, 38, 6, 5, 38, 5, 37, 38, 7, 6, 38, 39, 7, 20, 4, 3, 20, 3, 19, 20, 35, 36, 20, 19, 35]
            rel material:binding:physics = </Ring/Looks/Material>
            uniform token physics:approximation = "convexHull"
            bool physics:collisionEnabled = 1
            float physxCollision:contactOffset = 0.0005
            float physxCollision:restOffset = 0
            point3f[] points = [(0.020319927, -0.06698582, 0), (0.01998848, -0.06589318, 0.0057402514), (0.019044591, -0.0627816, 0.010606602), (0.017631965, -0.058124796, 0.013858193), (0.015965657, -0.052631717, 0.015), (0.01429935, -0.04713864, 0.013858193), (0.0128867235, -0.042481832, 0.010606602), (0.011942836, -0.039370254, 0.0057402514), (0.011667569, -0.03846282, 1.8369702e-18), (0.011942836, -0.039370254, -0.0057402514), (0.0128867235, -0.042481832, -0.010606602), (0.01429935, -0.04713864, -0.013858193), (0.015965657, -0.052631717, -0.015), (0.017631965, -0.058124796, -0.013858193), (0.019044591, -0.0627816, -0.010606602), (0.01998848, -0.06589318, -0.0057402514), (0.02678784, -0.06467157, 0), (0.02635089, -0.06361668, 0.0057402514), (0.02510656, -0.060612597, 0.010606602), (0.023244288, -0.056116674, 0.013858193), (0.021047588, -0.050813373, 0.015), (0.018850889, -0.045510072, 0.013858193), (0.016988618, -0.041014154, 0.010606602), (0.015744288, -0.038010072, 0.0057402514), (0.015307337, -0.03695518, 1.8369702e-18), (0.015744288, -0.038010072, -0.0057402514), (0.016988618, -0.041014154, -0.010606602), (0.018850889, -0.045510072, -0.013858193), (0.021047588, -0.050813373, -0.015), (0.023244288, -0.056116674, -0.013858193), (0.02510656, -0.060612597, -0.010606602), (0.02635089, -0.06361668, -0.0057402514), (0.032997772, -0.06173449, 0), (0.032459527, -0.060727503, 0.0057402514), (0.030926738, -0.057859857, 0.010606602), (0.028632756, -0.05356812, 0.013858193), (0.025926821, -0.04850567, 0.015), (0.023220886, -0.043443218, 0.013858193), (0.020926904, -0.039151482, 0.010606602), (0.019394113, -0.036283836, 0.0057402514), (0.018947106, -0.03544754, 1.8369702e-18), (0.019394113, -0.036283836, -0.0057402514), (0.020926904, -0.039151482, -0.010606602), (0.023220886, -0.043443218, -0.013858193), (0.025926821, -0.04850567, -0.015), (0.028632756, -0.05356812, -0.013858193), (0.030926738, -0.057859857, -0.010606602), (0.032459527, -0.060727503, -0.0057402514)]
            uniform token purpose = "guide"
            uniform token subdivisionScheme = "none"
        }

        def Mesh "wedge_27" (
            prepend apiSchemas = ["PhysicsCollisionAPI", "PhysicsMeshCollisionAPI", "PhysxCollisionAPI", "MaterialBindingAPI"]
        )
        {
            float3[] extent = [(0.018947106, -0.06173449, -0.015), (0.04440753, -0.03107003, 0.015)]
            int[] faceVertexCounts = [3, 3, 3, 3, 3, 3, 3, 3, 3, 3, 3, 3, 3, 3, 3, 3, 3, 3, 3, 3, 3, 3, 3, 3, 3, 3, 3, 3, 3, 3, 3, 3, 3, 3, 3, 3, 3, 3, 3, 3, 3, 3, 3, 3, 3, 3, 3, 3, 3, 3, 3, 3, 3, 3, 3, 3, 3, 3, 3, 3, 3, 3, 3, 3, 3, 3, 3, 3, 3, 3, 3, 3, 3, 3, 3, 3, 3, 3]
            int[] faceVertexIndices = [20, 36, 4, 28, 12, 44, 15, 16, 0, 15, 31, 16, 15, 14, 30, 15, 30, 31, 47, 16, 31, 47, 32, 16, 47, 31, 30, 47, 30, 46, 33, 16, 32, 33, 17, 16, 1, 0, 16, 1, 16, 17, 1, 18, 2, 1, 17, 18, 36, 5, 4, 36, 37, 5, 44, 12, 11, 44, 11, 43, 9, 40, 41, 9, 8, 40, 42, 11, 10, 42, 43, 11, 42, 10, 9, 42, 9, 41, 7, 3, 4, 7, 12, 13, 7, 8, 9, 7, 4, 5, 7, 11, 12, 7, 15, 0, 7, 0, 1, 7, 10, 11, 7, 13, 14, 7, 14, 15, 7, 5, 6, 7, 1, 2, 7, 2, 3, 7, 9, 10, 7, 39, 40, 7, 40, 8, 38, 6, 5, 38, 5, 37, 38, 7, 6, 38, 39, 7, 34, 43, 42, 34, 37, 36, 34, 32, 47, 34, 44, 43, 34, 33, 32, 34, 47, 46, 34, 46, 45, 34, 41, 40, 34, 40, 39, 34, 38, 37, 34, 36, 35, 34, 45, 44, 34, 42, 41, 34, 39, 38, 34, 17, 33, 34, 18, 17, 19, 34, 35, 19, 18, 34, 19, 2, 18, 19, 3, 2, 29, 14, 13, 29, 30, 14, 29, 46, 30, 29, 45, 46, 20, 4, 3, 20, 3, 19, 20, 35, 36, 20, 19, 35, 28, 13, 12, 28, 29, 13, 28, 44, 45, 28, 45, 29]
            rel material:binding:physics = </Ring/Looks/Material>
            uniform token physics:approximation = "convexHull"
            bool physics:collisionEnabled = 1
            float physxCollision:contactOffset = 0.0005
            float physxCollision:restOffset = 0
            point3f[] points = [(0.032997772, -0.06173449, 0), (0.032459527, -0.060727503, 0.0057402514), (0.030926738, -0.057859857, 0.010606602), (0.028632756, -0.05356812, 0.013858193), (0.025926821, -0.04850567, 0.015), (0.023220886, -0.043443218, 0.013858193), (0.020926904, -0.039151482, 0.010606602), (0.019394113, -0.036283836, 0.0057402514), (0.018947106, -0.03544754, 1.8369702e-18), (0.019394113, -0.036283836, -0.0057402514), (0.020926904, -0.039151482, -0.010606602), (0.023220886, -0.043443218, -0.013858193), (0.025926821, -0.04850567, -0.015), (0.028632756, -0.05356812, -0.013858193), (0.030926738, -0.057859857, -0.010606602), (0.032459527, -0.060727503, -0.0057402514), (0.038889915, -0.058202874, 0), (0.03825556, -0.057253495, 0.0057402514), (0.036449075, -0.054549895, 0.010606602), (0.033745475, -0.050503675, 0.013858193), (0.030556362, -0.04573083, 0.015), (0.02736725, -0.040957984, 0.013858193), (0.024663651, -0.036911763, 0.010606602), (0.022857163, -0.034208164, 0.0057402514), (0.02222281, -0.033258785, 1.8369702e-18), (0.022857163, -0.034208164, -0.0057402514), (0.024663651, -0.036911763, -0.010606602), (0.02736725, -0.040957984, -0.013858193), (0.030556362, -0.04573083, -0.015), (0.033745475, -0.050503675, -0.013858193), (0.036449075, -0.054549895, -0.010606602), (0.03825556, -0.057253495, -0.0057402514), (0.04440753, -0.054110732, 0), (0.043683175, -0.053228103, 0.0057402514), (0.04162039, -0.05071459, 0.010606602), (0.038533207, -0.04695285, 0.013858193), (0.03489163, -0.042515576, 0.015), (0.031250052, -0.0380783, 0.013858193), (0.028162874, -0.034316562, 0.010606602), (0.026100086, -0.031803045, 0.0057402514), (0.025498513, -0.03107003, 1.8369702e-18), (0.026100086, -0.031803045, -0.0057402514), (0.028162874, -0.034316562, -0.010606602), (0.031250052, -0.0380783, -0.013858193), (0.03489163, -0.042515576, -0.015), (0.038533207, -0.04695285, -0.013858193), (0.04162039, -0.05071459, -0.010606602), (0.043683175, -0.053228103, -0.0057402514)]
            uniform token purpose = "guide"
            uniform token subdivisionScheme = "none"
        }

        def Mesh "wedge_28" (
            prepend apiSchemas = ["PhysicsCollisionAPI", "PhysicsMeshCollisionAPI", "PhysxCollisionAPI", "MaterialBindingAPI"]
        )
        {
            float3[] extent = [(0.025498513, -0.054110732, -0.015), (0.054110732, -0.025498513, 0.015)]
            int[] faceVertexCounts = [3, 3, 3, 3, 3, 3, 3, 3, 3, 3, 3, 3, 3, 3, 3, 3, 3, 3, 3, 3, 3, 3, 3, 3, 3, 3, 3, 3, 3, 3, 3, 3, 3, 3, 3, 3, 3, 3, 3, 3, 3, 3, 3, 3, 3, 3, 3, 3, 3, 3, 3, 3, 3, 3, 3, 3, 3, 3, 3, 3, 3, 3, 3, 3, 3, 3, 3, 3, 3, 3, 3, 3, 3, 3, 3, 3, 3, 3]
            int[] faceVertexIndices = [20, 36, 4, 28, 12, 44, 15, 16, 0, 15, 31, 16, 15, 14, 30, 15, 30, 31, 47, 16, 31, 47, 32, 16, 47, 31, 30, 47, 30, 46, 1, 0, 16, 1, 16, 17, 1, 18, 2, 1, 17, 18, 33, 16, 32, 33, 17, 16, 33, 18, 17, 33, 34, 18, 36, 5, 4, 36, 37, 5, 44, 12, 11, 44, 11, 43, 41, 9, 8, 41, 8, 40, 7, 4, 5, 7, 12, 13, 7, 0, 1, 7, 3, 4, 7, 11, 12, 7, 15, 0, 7, 8, 9, 7, 10, 11, 7, 13, 14, 7, 14, 15, 7, 5, 6, 7, 9, 10, 7, 2, 3, 7, 1, 2, 7, 39, 40, 7, 40, 8, 38, 6, 5, 38, 5, 37, 38, 7, 6, 38, 39, 7, 19, 3, 2, 19, 2, 18, 29, 14, 13, 29, 30, 14, 29, 46, 30, 29, 45, 46, 42, 11, 10, 42, 43, 11, 42, 10, 9, 42, 9, 41, 20, 4, 3, 20, 3, 19, 35, 38, 37, 35, 44, 43, 35, 32, 47, 35, 37, 36, 35, 33, 32, 35, 47, 46, 35, 46, 45, 35, 40, 39, 35, 34, 33, 35, 43, 42, 35, 45, 44, 35, 41, 40, 35, 39, 38, 35, 42, 41, 35, 18, 34, 35, 19, 18, 35, 20, 19, 35, 36, 20, 28, 13, 12, 28, 29, 13, 28, 44, 45, 28, 45, 29]
            rel material:binding:physics = </Ring/Looks/Material>
            uniform token physics:approximation = "convexHull"
            bool physics:collisionEnabled = 1
            float physxCollision:contactOffset = 0.0005
            float physxCollision:restOffset = 0
            point3f[] points = [(0.04440753, -0.054110732, 0), (0.043683175, -0.053228103, 0.0057402514), (0.04162039, -0.05071459, 0.010606602), (0.038533207, -0.04695285, 0.013858193), (0.03489163, -0.042515576, 0.015), (0.031250052, -0.0380783, 0.013858193), (0.028162874, -0.034316562, 0.010606602), (0.026100086, -0.031803045, 0.0057402514), (0.025498513, -0.03107003, 1.8369702e-18), (0.026100086, -0.031803045, -0.0057402514), (0.028162874, -0.034316562, -0.010606602), (0.031250052, -0.0380783, -0.013858193), (0.03489163, -0.042515576, -0.015), (0.038533207, -0.04695285, -0.013858193), (0.04162039, -0.05071459, -0.010606602), (0.043683175, -0.053228103, -0.0057402514), (0.049497474, -0.049497474, 0), (0.048690096, -0.048690096, 0.0057402514), (0.046390872, -0.046390872, 0.010606602), (0.042949844, -0.042949844, 0.013858193), (0.038890872, -0.038890872, 0.015), (0.034831904, -0.034831904, 0.013858193), (0.03139087, -0.03139087, 0.010606602), (0.02909165, -0.02909165, 0.0057402514), (0.02828427, -0.02828427, 1.8369702e-18), (0.02909165, -0.02909165, -0.0057402514), (0.03139087, -0.03139087, -0.010606602), (0.034831904, -0.034831904, -0.013858193), (0.038890872, -0.038890872, -0.015), (0.042949844, -0.042949844, -0.013858193), (0.046390872, -0.046390872, -0.010606602), (0.048690096, -0.048690096, -0.0057402514), (0.054110732, -0.04440753, 0), (0.053228103, -0.043683175, 0.0057402514), (0.05071459, -0.04162039, 0.010606602), (0.04695285, -0.038533207, 0.013858193), (0.042515576, -0.03489163, 0.015), (0.0380783, -0.031250052, 0.013858193), (0.034316562, -0.028162874, 0.010606602), (0.031803045, -0.026100086, 0.0057402514), (0.03107003, -0.025498513, 1.8369702e-18), (0.031803045, -0.026100086, -0.0057402514), (0.034316562, -0.028162874, -0.010606602), (0.0380783, -0.031250052, -0.013858193), (0.042515576, -0.03489163, -0.015), (0.04695285, -0.038533207, -0.013858193), (0.05071459, -0.04162039, -0.010606602), (0.053228103, -0.043683175, -0.0057402514)]
            uniform token purpose = "guide"
            uniform token subdivisionScheme = "none"
        }

        def Mesh "wedge_29" (
            prepend apiSchemas = ["PhysicsCollisionAPI", "PhysicsMeshCollisionAPI", "PhysxCollisionAPI", "MaterialBindingAPI"]
        )
        {
            float3[] extent = [(0.03107003, -0.04440753, -0.015), (0.06173449, -0.018947106, 0.015)]
            int[] faceVertexCounts = [3, 3, 3, 3, 3, 3, 3, 3, 3, 3, 3, 3, 3, 3, 3, 3, 3, 3, 3, 3, 3, 3, 3, 3, 3, 3, 3, 3, 3, 3, 3, 3, 3, 3, 3, 3, 3, 3, 3, 3, 3, 3, 3, 3, 3, 3, 3, 3, 3, 3, 3, 3, 3, 3, 3, 3, 3, 3, 3, 3, 3, 3, 3, 3, 3, 3, 3, 3, 3, 3, 3, 3, 3, 3, 3, 3, 3, 3]
            int[] faceVertexIndices = [20, 36, 4, 28, 12, 44, 15, 16, 0, 15, 31, 16, 15, 14, 30, 15, 30, 31, 47, 16, 31, 47, 32, 16, 47, 31, 30, 47, 30, 46, 1, 4, 5, 1, 12, 13, 1, 8, 9, 1, 3, 4, 1, 11, 12, 1, 15, 0, 1, 7, 8, 1, 10, 11, 1, 13, 14, 1, 14, 15, 1, 5, 6, 1, 9, 10, 1, 6, 7, 1, 2, 3, 1, 0, 16, 1, 16, 17, 1, 18, 2, 1, 17, 18, 33, 16, 32, 33, 17, 16, 33, 18, 17, 33, 34, 18, 36, 5, 4, 36, 37, 5, 44, 12, 11, 44, 11, 43, 41, 9, 8, 41, 8, 40, 39, 8, 7, 39, 40, 8, 19, 3, 2, 19, 2, 18, 29, 14, 13, 29, 30, 14, 29, 46, 30, 29, 45, 46, 42, 11, 10, 42, 43, 11, 42, 10, 9, 42, 9, 41, 38, 6, 5, 38, 5, 37, 38, 7, 6, 38, 39, 7, 20, 4, 3, 20, 3, 19, 35, 37, 36, 35, 44, 43, 35, 32, 47, 35, 43, 42, 35, 33, 32, 35, 47, 46, 35, 46, 45, 35, 34, 33, 35, 38, 37, 35, 45, 44, 35, 41, 40, 35, 40, 39, 35, 42, 41, 35, 39, 38, 35, 18, 34, 35, 19, 18, 35, 20, 19, 35, 36, 20, 28, 13, 12, 28, 29, 13, 28, 44, 45, 28, 45, 29]
            rel material:binding:physics = </Ring/Looks/Material>
            uniform token physics:approximation = "convexHull"
            bool physics:collisionEnabled = 1
            float physxCollision:contactOffset = 0.0005
            float physxCollision:restOffset = 0
            point3f[] points = [(0.054110732, -0.04440753, 0), (0.053228103, -0.043683175, 0.0057402514), (0.05071459, -0.04162039, 0.010606602), (0.04695285, -0.038533207, 0.013858193), (0.042515576, -0.03489163, 0.015), (0.0380783, -0.031250052, 0.013858193), (0.034316562, -0.028162874, 0.010606602), (0.031803045, -0.026100086, 0.0057402514), (0.03107003, -0.025498513, 1.8369702e-18), (0.031803045, -0.026100086, -0.0057402514), (0.034316562, -0.028162874, -0.010606602), (0.0380783, -0.031250052, -0.013858193), (0.042515576, -0.03489163, -0.015), (0.04695285, -0.038533207, -0.013858193), (0.05071459, -0.04162039, -0.010606602), (0.053228103, -0.043683175, -0.0057402514), (0.058202874, -0.038889915, 0), (0.057253495, -0.03825556, 0.0057402514), (0.054549895, -0.036449075, 0.010606602), (0.050503675, -0.033745475, 0.013858193), (0.04573083, -0.030556362, 0.015), (0.040957984, -0.02736725, 0.013858193), (0.036911763, -0.024663651, 0.010606602), (0.034208164, -0.022857163, 0.0057402514), (0.033258785, -0.02222281, 1.8369702e-18), (0.034208164, -0.022857163, -0.0057402514), (0.036911763, -0.024663651, -0.010606602), (0.040957984, -0.02736725, -0.013858193), (0.04573083, -0.030556362, -0.015), (0.050503675, -0.033745475, -0.013858193), (0.054549895, -0.036449075, -0.010606602), (0.057253495, -0.03825556, -0.0057402514), (0.06173449, -0.032997772, 0), (0.060727503, -0.032459527, 0.0057402514), (0.057859857, -0.030926738, 0.010606602), (0.05356812, -0.028632756, 0.013858193), (0.04850567, -0.025926821, 0.015), (0.043443218, -0.023220886, 0.013858193), (0.039151482, -0.020926904, 0.010606602), (0.036283836, -0.019394113, 0.0057402514), (0.03544754, -0.018947106, 1.8369702e-18), (0.036283836, -0.019394113, -0.0057402514), (0.039151482, -0.020926904, -0.010606602), (0.043443218, -0.023220886, -0.013858193), (0.04850567, -0.025926821, -0.015), (0.05356812, -0.028632756, -0.013858193), (0.057859857, -0.030926738, -0.010606602), (0.060727503, -0.032459527, -0.0057402514)]
            uniform token purpose = "guide"
            uniform token subdivisionScheme = "none"
        }

        def Mesh "wedge_30" (
            prepend apiSchemas = ["PhysicsCollisionAPI", "PhysicsMeshCollisionAPI", "PhysxCollisionAPI", "MaterialBindingAPI"]
        )
        {
            float3[] extent = [(0.03544754, -0.032997772, -0.015), (0.06698582, -0.011667569, 0.015)]
            int[] faceVertexCounts = [3, 3, 3, 3, 3, 3, 3, 3, 3, 3, 3, 3, 3, 3, 3, 3, 3, 3, 3, 3, 3, 3, 3, 3, 3, 3, 3, 3, 3, 3, 3, 3, 3, 3, 3, 3, 3, 3, 3, 3, 3, 3, 3, 3, 3, 3, 3, 3, 3, 3, 3, 3, 3, 3, 3, 3, 3, 3, 3, 3, 3, 3, 3, 3, 3, 3, 3, 3, 3, 3, 3, 3, 3, 3, 3, 3, 3, 3]
            int[] faceVertexIndices = [20, 36, 4, 28, 12, 44, 15, 16, 0, 15, 31, 16, 15, 14, 30, 15, 30, 31, 47, 16, 31, 47, 32, 16, 47, 31, 30, 47, 30, 46, 1, 0, 16, 1, 16, 17, 1, 18, 2, 1, 17, 18, 33, 16, 32, 33, 17, 16, 33, 18, 17, 33, 34, 18, 36, 5, 4, 36, 37, 5, 44, 12, 11, 44, 11, 43, 9, 40, 41, 9, 8, 40, 42, 11, 10, 42, 43, 11, 42, 10, 9, 42, 9, 41, 7, 0, 1, 7, 12, 13, 7, 8, 9, 7, 3, 4, 7, 11, 12, 7, 15, 0, 7, 4, 5, 7, 10, 11, 7, 13, 14, 7, 14, 15, 7, 5, 6, 7, 2, 3, 7, 1, 2, 7, 9, 10, 7, 39, 40, 7, 40, 8, 38, 6, 5, 38, 5, 37, 38, 7, 6, 38, 39, 7, 19, 3, 2, 19, 2, 18, 29, 14, 13, 29, 30, 14, 29, 46, 30, 29, 45, 46, 20, 4, 3, 20, 3, 19, 35, 43, 42, 35, 37, 36, 35, 32, 47, 35, 44, 43, 35, 33, 32, 35, 47, 46, 35, 46, 45, 35, 41, 40, 35, 40, 39, 35, 34, 33, 35, 38, 37, 35, 45, 44, 35, 42, 41, 35, 39, 38, 35, 18, 34, 35, 19, 18, 35, 20, 19, 35, 36, 20, 28, 13, 12, 28, 29, 13, 28, 44, 45, 28, 45, 29]
            rel material:binding:physics = </Ring/Looks/Material>
            uniform token physics:approximation = "convexHull"
            bool physics:collisionEnabled = 1
            float physxCollision:contactOffset = 0.0005
            float physxCollision:restOffset = 0
            point3f[] points = [(0.06173449, -0.032997772, 0), (0.060727503, -0.032459527, 0.0057402514), (0.057859857, -0.030926738, 0.010606602), (0.05356812, -0.028632756, 0.013858193), (0.04850567, -0.025926821, 0.015), (0.043443218, -0.023220886, 0.013858193), (0.039151482, -0.020926904, 0.010606602), (0.036283836, -0.019394113, 0.0057402514), (0.03544754, -0.018947106, 1.8369702e-18), (0.036283836, -0.019394113, -0.0057402514), (0.039151482, -0.020926904, -0.010606602), (0.043443218, -0.023220886, -0.013858193), (0.04850567, -0.025926821, -0.015), (0.05356812, -0.028632756, -0.013858193), (0.057859857, -0.030926738, -0.010606602), (0.060727503, -0.032459527, -0.0057402514), (0.06467157, -0.02678784, 0), (0.06361668, -0.02635089, 0.0057402514), (0.060612597, -0.02510656, 0.010606602), (0.056116674, -0.023244288, 0.013858193), (0.050813373, -0.021047588, 0.015), (0.045510072, -0.018850889, 0.013858193), (0.041014154, -0.016988618, 0.010606602), (0.038010072, -0.015744288, 0.0057402514), (0.03695518, -0.015307337, 1.8369702e-18), (0.038010072, -0.015744288, -0.0057402514), (0.041014154, -0.016988618, -0.010606602), (0.045510072, -0.018850889, -0.013858193), (0.050813373, -0.021047588, -0.015), (0.056116674, -0.023244288, -0.013858193), (0.060612597, -0.02510656, -0.010606602), (0.06361668, -0.02635089, -0.0057402514), (0.06698582, -0.020319927, 0), (0.06589318, -0.01998848, 0.0057402514), (0.0627816, -0.019044591, 0.010606602), (0.058124796, -0.017631965, 0.013858193), (0.052631717, -0.015965657, 0.015), (0.04713864, -0.01429935, 0.013858193), (0.042481832, -0.0128867235, 0.010606602), (0.039370254, -0.011942836, 0.0057402514), (0.03846282, -0.011667569, 1.8369702e-18), (0.039370254, -0.011942836, -0.0057402514), (0.042481832, -0.0128867235, -0.010606602), (0.04713864, -0.01429935, -0.013858193), (0.052631717, -0.015965657, -0.015), (0.058124796, -0.017631965, -0.013858193), (0.0627816, -0.019044591, -0.010606602), (0.06589318, -0.01998848, -0.0057402514)]
            uniform token purpose = "guide"
            uniform token subdivisionScheme = "none"
        }

        def Mesh "wedge_31" (
            prepend apiSchemas = ["PhysicsCollisionAPI", "PhysicsMeshCollisionAPI", "PhysxCollisionAPI", "MaterialBindingAPI"]
        )
        {
            float3[] extent = [(0.03846282, -0.020319927, -0.015), (0.06966293, -0.003939656, 0.015)]
            int[] faceVertexCounts = [3, 3, 3, 3, 3, 3, 3, 3, 3, 3, 3, 3, 3, 3, 3, 3, 3, 3, 3, 3, 3, 3, 3, 3, 3, 3, 3, 3, 3, 3, 3, 3, 3, 3, 3, 3, 3, 3, 3, 3, 3, 3, 3, 3, 3, 3, 3, 3, 3, 3, 3, 3, 3, 3, 3, 3, 3, 3, 3, 3, 3, 3, 3, 3, 3, 3, 3, 3, 3, 3, 3, 3, 3, 3, 3, 3, 3, 3]
            int[] faceVertexIndices = [28, 12, 44, 20, 36, 4, 47, 16, 31, 47, 32, 16, 15, 31, 16, 15, 16, 0, 15, 14, 30, 15, 30, 31, 44, 12, 11, 44, 11, 43, 1, 0, 16, 1, 16, 17, 1, 18, 2, 1, 17, 18, 33, 16, 32, 33, 17, 16, 33, 18, 17, 33, 34, 18, 36, 5, 4, 36, 37, 5, 46, 47, 31, 46, 31, 30, 29, 45, 46, 29, 46, 30, 29, 30, 14, 29, 14, 13, 9, 40, 41, 9, 8, 40, 42, 11, 10, 42, 43, 11, 42, 10, 9, 42, 9, 41, 7, 0, 1, 7, 11, 12, 7, 8, 9, 7, 3, 4, 7, 15, 0, 7, 12, 13, 7, 4, 5, 7, 10, 11, 7, 14, 15, 7, 13, 14, 7, 5, 6, 7, 2, 3, 7, 1, 2, 7, 9, 10, 7, 39, 40, 7, 40, 8, 38, 6, 5, 38, 5, 37, 38, 7, 6, 38, 39, 7, 19, 3, 2, 19, 2, 18, 28, 13, 12, 28, 29, 13, 28, 44, 45, 28, 45, 29, 20, 4, 3, 20, 3, 19, 35, 43, 42, 35, 44, 43, 35, 32, 47, 35, 46, 45, 35, 33, 32, 35, 37, 36, 35, 45, 44, 35, 41, 40, 35, 40, 39, 35, 34, 33, 35, 38, 37, 35, 47, 46, 35, 42, 41, 35, 39, 38, 35, 18, 34, 35, 19, 18, 35, 20, 19, 35, 36, 20]
            rel material:binding:physics = </Ring/Looks/Material>
            uniform token physics:approximation = "convexHull"
            bool physics:collisionEnabled = 1
            float physxCollision:contactOffset = 0.0005
            float physxCollision:restOffset = 0
            point3f[] points = [(0.06698582, -0.020319927, 0), (0.06589318, -0.01998848, 0.0057402514), (0.0627816, -0.019044591, 0.010606602), (0.058124796, -0.017631965, 0.013858193), (0.052631717, -0.015965657, 0.015), (0.04713864, -0.01429935, 0.013858193), (0.042481832, -0.0128867235, 0.010606602), (0.039370254, -0.011942836, 0.0057402514), (0.03846282, -0.011667569, 1.8369702e-18), (0.039370254, -0.011942836, -0.0057402514), (0.042481832, -0.0128867235, -0.010606602), (0.04713864, -0.01429935, -0.013858193), (0.052631717, -0.015965657, -0.015), (0.058124796, -0.017631965, -0.013858193), (0.0627816, -0.019044591, -0.010606602), (0.06589318, -0.01998848, -0.0057402514), (0.06865497, -0.013656323, 0), (0.0675351, -0.013433567, 0.0057402514), (0.064345986, -0.012799213, 0.010606602), (0.059573144, -0.0118498355, 0.013858193), (0.05394319, -0.010729968, 0.015), (0.048313238, -0.009610101, 0.013858193), (0.043540392, -0.0086607225, 0.010606602), (0.04035128, -0.008026368, 0.0057402514), (0.039231412, -0.007803613, 1.8369702e-18), (0.04035128, -0.008026368, -0.0057402514), (0.043540392, -0.0086607225, -0.010606602), (0.048313238, -0.009610101, -0.013858193), (0.05394319, -0.010729968, -0.015), (0.059573144, -0.0118498355, -0.013858193), (0.064345986, -0.012799213, -0.010606602), (0.0675351, -0.013433567, -0.0057402514), (0.06966293, -0.0068611996, 0), (0.068526626, -0.006749283, 0.0057402514), (0.06529069, -0.0064305714, 0.010606602), (0.06044777, -0.0059535857, 0.013858193), (0.05473516, -0.0053909426, 0.015), (0.049022548, -0.0048283, 0.013858193), (0.044179633, -0.004351314, 0.010606602), (0.040943697, -0.004032602, 0.0057402514), (0.04, -0.003939656, 1.8369702e-18), (0.040943697, -0.004032602, -0.0057402514), (0.044179633, -0.004351314, -0.010606602), (0.049022548, -0.0048283, -0.013858193), (0.05473516, -0.0053909426, -0.015), (0.06044777, -0.0059535857, -0.013858193), (0.06529069, -0.0064305714, -0.010606602), (0.068526626, -0.006749283, -0.0057402514)]
            uniform token purpose = "guide"
            uniform token subdivisionScheme = "none"
        }
    }
}

